Nro_RM,Estado_RM,Tipo_Costo,Fecha_Inicio,Fecha_Fin,Cod_OPP,Cotizacion,Nro_Factura,Producto_Final,Qty_Producir,Cliente,Comercial,TC,Costo_Orden_PEN,Costo_Real_PEN,Costo_Orden_USD,Costo_Real_USD,Tipo,Codigo,Descripcion,UdM,Qty_Plan,Qty_Real,Linea_Costo_Orden_PEN,Linea_Costo_Real_PEN,Linea_Costo_Orden_USD,Linea_Costo_Real_USD
RM-24364,Terminado,Real,2026-05-04,2026-08-05,,026-0011533,F 004-00002229,[51002969] RADIADOR COMPLETO 843653 P/DESATADOR PAUS PSCALE 8T SOLPED 1300058231,1.0,COMPAÑIA MINERA CHUNGAR S.A.C.,Arnold Hernández,3.368,8252.27,8252.27,2450.2,2450.2,Componente,10520090,DESENGRASANTE EMULSIONABLE SQP-795 ,gal (US),5.0,5.0,309.22,309.22,91.81,91.81
RM-24364,Terminado,Real,2026-05-04,2026-08-05,,026-0011533,F 004-00002229,[51002969] RADIADOR COMPLETO 843653 P/DESATADOR PAUS PSCALE 8T SOLPED 1300058231,1.0,COMPAÑIA MINERA CHUNGAR S.A.C.,Arnold Hernández,3.368,8252.27,8252.27,2450.2,2450.2,Componente,40600414,COMBICOOLER 845483 P/. DESATADOR PAUS PSCALE 8T (copiar),Units,1.0,1.0,3193.75,3193.75,948.26,948.26
RM-24364,Terminado,Real,2026-05-04,2026-08-05,,026-0011533,F 004-00002229,[51002969] RADIADOR COMPLETO 843653 P/DESATADOR PAUS PSCALE 8T SOLPED 1300058231,1.0,COMPAÑIA MINERA CHUNGAR S.A.C.,Arnold Hernández,3.368,8252.27,8252.27,2450.2,2450.2,Componente,40600415,COMBICOOLER 845483 P/. DESATADOR PAUS PSCALE 8T (copiar),Units,1.0,1.0,2943.39,2943.39,873.93,873.93
RM-24364,Terminado,Real,2026-05-04,2026-08-05,,026-0011533,F 004-00002229,[51002969] RADIADOR COMPLETO 843653 P/DESATADOR PAUS PSCALE 8T SOLPED 1300058231,1.0,COMPAÑIA MINERA CHUNGAR S.A.C.,Arnold Hernández,3.368,8252.27,8252.27,2450.2,2450.2,Componente,40600416,RADIADOR DE REFRIGERANTE 853695 P/. DESATADOR PAUS PSCALE 8T (copiar),Units,1.0,1.0,1378.66,1378.66,409.34,409.34
RM-24364,Terminado,Real,2026-05-04,2026-08-05,,026-0011533,F 004-00002229,[51002969] RADIADOR COMPLETO 843653 P/DESATADOR PAUS PSCALE 8T SOLPED 1300058231,1.0,COMPAÑIA MINERA CHUNGAR S.A.C.,Arnold Hernández,3.368,8252.27,8252.27,2450.2,2450.2,Componente,10460179,PERNO HEXAGONAL FIERRO NEGRO G-8 UNC M08 * 20,Units,14.0,14.0,2.75,2.75,0.82,0.82
RM-24364,Terminado,Real,2026-05-04,2026-08-05,,026-0011533,F 004-00002229,[51002969] RADIADOR COMPLETO 843653 P/DESATADOR PAUS PSCALE 8T SOLPED 1300058231,1.0,COMPAÑIA MINERA CHUNGAR S.A.C.,Arnold Hernández,3.368,8252.27,8252.27,2450.2,2450.2,Componente,10460026,ARANDELA PLANA ACERO INOXIDABLE 304 M08,Units,14.0,14.0,1.21,1.21,0.36,0.36
RM-24364,Terminado,Real,2026-05-04,2026-08-05,,026-0011533,F 004-00002229,[51002969] RADIADOR COMPLETO 843653 P/DESATADOR PAUS PSCALE 8T SOLPED 1300058231,1.0,COMPAÑIA MINERA CHUNGAR S.A.C.,Arnold Hernández,3.368,8252.27,8252.27,2450.2,2450.2,Componente,10460045,ARANDELA PRESION FIERRO NEGRO G-8 M08,Units,14.0,14.0,0.43,0.43,0.13,0.13
RM-24364,Terminado,Real,2026-05-04,2026-08-05,,026-0011533,F 004-00002229,[51002969] RADIADOR COMPLETO 843653 P/DESATADOR PAUS PSCALE 8T SOLPED 1300058231,1.0,COMPAÑIA MINERA CHUNGAR S.A.C.,Arnold Hernández,3.368,8252.27,8252.27,2450.2,2450.2,Componente,10220105,"LISTON MADERA CATAHUA 1"" x 4"" X 10┤",Units,10.0,10.0,164.26,164.26,48.77,48.77
RM-24364,Terminado,Real,2026-05-04,2026-08-05,,026-0011533,F 004-00002229,[51002969] RADIADOR COMPLETO 843653 P/DESATADOR PAUS PSCALE 8T SOLPED 1300058231,1.0,COMPAÑIA MINERA CHUNGAR S.A.C.,Arnold Hernández,3.368,8252.27,8252.27,2450.2,2450.2,Componente,10220011,"LISTON MADERA COPAHIBA 1 3/4"" * 3 1/2"" * 8┤",Units,1.0,1.0,45.37,45.37,13.47,13.47
RM-24364,Terminado,Real,2026-05-04,2026-08-05,,026-0011533,F 004-00002229,[51002969] RADIADOR COMPLETO 843653 P/DESATADOR PAUS PSCALE 8T SOLPED 1300058231,1.0,COMPAÑIA MINERA CHUNGAR S.A.C.,Arnold Hernández,3.368,8252.27,8252.27,2450.2,2450.2,Componente,10220005,CARTON CORRUGADO ROLLO 1.64 MT X 50 KG=5 (6 METROS),kg,1.575,1.575,9.18,9.18,2.73,2.73
RM-24364,Terminado,Real,2026-05-04,2026-08-05,,026-0011533,F 004-00002229,[51002969] RADIADOR COMPLETO 843653 P/DESATADOR PAUS PSCALE 8T SOLPED 1300058231,1.0,COMPAÑIA MINERA CHUNGAR S.A.C.,Arnold Hernández,3.368,8252.27,8252.27,2450.2,2450.2,Componente,10220002,"CLAVO MADERA PISTOLA 2"" (CAJA 30 ROLLOS / 28 KG)",Ro,1.0,1.0,4.1,4.1,1.22,1.22
RM-24364,Terminado,Real,2026-05-04,2026-08-05,,026-0011533,F 004-00002229,[51002969] RADIADOR COMPLETO 843653 P/DESATADOR PAUS PSCALE 8T SOLPED 1300058231,1.0,COMPAÑIA MINERA CHUNGAR S.A.C.,Arnold Hernández,3.368,8252.27,8252.27,2450.2,2450.2,Componente,10220001,"CLAVO MADERA PISTOLA 1 1/2"" (CAJA 30 ROLLOS)",Ro,1.0,1.0,3.2800000000000002,3.2800000000000002,0.97,0.97
RM-24364,Terminado,Real,2026-05-04,2026-08-05,,026-0011533,F 004-00002229,[51002969] RADIADOR COMPLETO 843653 P/DESATADOR PAUS PSCALE 8T SOLPED 1300058231,1.0,COMPAÑIA MINERA CHUNGAR S.A.C.,Arnold Hernández,3.368,8252.27,8252.27,2450.2,2450.2,Componente,10220120,"STRETCH FILM TRANSPARENTE BOBINA 18"" X 20 MICRAS X 02 KG",Ro,1.0,1.0,21.38,21.38,6.35,6.35
RM-24364,Terminado,Real,2026-05-04,2026-08-05,,026-0011533,F 004-00002229,[51002969] RADIADOR COMPLETO 843653 P/DESATADOR PAUS PSCALE 8T SOLPED 1300058231,1.0,COMPAÑIA MINERA CHUNGAR S.A.C.,Arnold Hernández,3.368,8252.27,8252.27,2450.2,2450.2,Operacion,,MANTENIMIENTO: RM-24364 - Inspección,Horas,1.2988333333333333,1.2988333333333333,20.02,20.02,5.94,5.94
RM-24364,Terminado,Real,2026-05-04,2026-08-05,,026-0011533,F 004-00002229,[51002969] RADIADOR COMPLETO 843653 P/DESATADOR PAUS PSCALE 8T SOLPED 1300058231,1.0,COMPAÑIA MINERA CHUNGAR S.A.C.,Arnold Hernández,3.368,8252.27,8252.27,2450.2,2450.2,Operacion,,MANTENIMIENTO: RM-24364 - DESMONTAJE,Horas,1.1260000000000001,1.1260000000000001,17.35,17.35,5.15,5.15
RM-24364,Terminado,Real,2026-05-04,2026-08-05,,026-0011533,F 004-00002229,[51002969] RADIADOR COMPLETO 843653 P/DESATADOR PAUS PSCALE 8T SOLPED 1300058231,1.0,COMPAÑIA MINERA CHUNGAR S.A.C.,Arnold Hernández,3.368,8252.27,8252.27,2450.2,2450.2,Operacion,,LAVADO: RM-24364 - LAVADO AIRE,Horas,1.276,1.276,22.18,22.18,6.59,6.59
RM-24364,Terminado,Real,2026-05-04,2026-08-05,,026-0011533,F 004-00002229,[51002969] RADIADOR COMPLETO 843653 P/DESATADOR PAUS PSCALE 8T SOLPED 1300058231,1.0,COMPAÑIA MINERA CHUNGAR S.A.C.,Arnold Hernández,3.368,8252.27,8252.27,2450.2,2450.2,Operacion,,LAVADO: RM-24364 - LAVADO REFRIGERANTE,Horas,1.4988333333333335,1.4988333333333335,26.05,26.05,7.73,7.73
RM-24364,Terminado,Real,2026-05-04,2026-08-05,,026-0011533,F 004-00002229,[51002969] RADIADOR COMPLETO 843653 P/DESATADOR PAUS PSCALE 8T SOLPED 1300058231,1.0,COMPAÑIA MINERA CHUNGAR S.A.C.,Arnold Hernández,3.368,8252.27,8252.27,2450.2,2450.2,Operacion,,PRUEBAS: RM-24364 - PRUEBA AIRE,Horas,1.0513333333333332,1.0513333333333332,17.56,17.56,5.21,5.21
RM-24364,Terminado,Real,2026-05-04,2026-08-05,,026-0011533,F 004-00002229,[51002969] RADIADOR COMPLETO 843653 P/DESATADOR PAUS PSCALE 8T SOLPED 1300058231,1.0,COMPAÑIA MINERA CHUNGAR S.A.C.,Arnold Hernández,3.368,8252.27,8252.27,2450.2,2450.2,Operacion,,LAVADO: RM-24364 - LAVADO ACEITE,Horas,2.0933333333333333,2.0933333333333333,36.38,36.38,10.8,10.8
RM-24364,Terminado,Real,2026-05-04,2026-08-05,,026-0011533,F 004-00002229,[51002969] RADIADOR COMPLETO 843653 P/DESATADOR PAUS PSCALE 8T SOLPED 1300058231,1.0,COMPAÑIA MINERA CHUNGAR S.A.C.,Arnold Hernández,3.368,8252.27,8252.27,2450.2,2450.2,Operacion,,PRUEBAS: RM-24364 - SIST ACEITE,Horas,1.0145,1.0145,16.94,16.94,5.03,5.03
RM-24364,Terminado,Real,2026-05-04,2026-08-05,,026-0011533,F 004-00002229,[51002969] RADIADOR COMPLETO 843653 P/DESATADOR PAUS PSCALE 8T SOLPED 1300058231,1.0,COMPAÑIA MINERA CHUNGAR S.A.C.,Arnold Hernández,3.368,8252.27,8252.27,2450.2,2450.2,Operacion,,PRUEBAS: RM-24364 - SIST REFRIGERANTE,Horas,1.1266666666666665,1.1266666666666665,18.82,18.82,5.59,5.59
RM-24364,Terminado,Real,2026-05-04,2026-08-05,,026-0011533,F 004-00002229,[51002969] RADIADOR COMPLETO 843653 P/DESATADOR PAUS PSCALE 8T SOLPED 1300058231,1.0,COMPAÑIA MINERA CHUNGAR S.A.C.,Arnold Hernández,3.368,8252.27,8252.27,2450.2,2450.2,Operacion,,SEGUNDO ALEJANDRO SANTILLAN ZUÑIGA: RM-24364 - Inspección,Horas,1.2988333333333333,1.2988333333333333,0.0,0.0,0.0,0.0
RM-24364,Terminado,Real,2026-05-04,2026-08-05,,026-0011533,F 004-00002229,[51002969] RADIADOR COMPLETO 843653 P/DESATADOR PAUS PSCALE 8T SOLPED 1300058231,1.0,COMPAÑIA MINERA CHUNGAR S.A.C.,Arnold Hernández,3.368,8252.27,8252.27,2450.2,2450.2,Operacion,,SEGUNDO ALEJANDRO SANTILLAN ZUÑIGA: RM-24364 - DESMONTAJE,Horas,1.1260000000000001,1.1260000000000001,0.0,0.0,0.0,0.0
RM-24364,Terminado,Real,2026-05-04,2026-08-05,,026-0011533,F 004-00002229,[51002969] RADIADOR COMPLETO 843653 P/DESATADOR PAUS PSCALE 8T SOLPED 1300058231,1.0,COMPAÑIA MINERA CHUNGAR S.A.C.,Arnold Hernández,3.368,8252.27,8252.27,2450.2,2450.2,Operacion,,SEGUNDO ALEJANDRO SANTILLAN ZUÑIGA: RM-24364 - LAVADO AIRE,Horas,1.276,1.276,0.0,0.0,0.0,0.0
RM-24364,Terminado,Real,2026-05-04,2026-08-05,,026-0011533,F 004-00002229,[51002969] RADIADOR COMPLETO 843653 P/DESATADOR PAUS PSCALE 8T SOLPED 1300058231,1.0,COMPAÑIA MINERA CHUNGAR S.A.C.,Arnold Hernández,3.368,8252.27,8252.27,2450.2,2450.2,Operacion,,SEGUNDO ALEJANDRO SANTILLAN ZUÑIGA: RM-24364 - LAVADO REFRIGERANTE,Horas,1.4988333333333335,1.4988333333333335,0.0,0.0,0.0,0.0
RM-24364,Terminado,Real,2026-05-04,2026-08-05,,026-0011533,F 004-00002229,[51002969] RADIADOR COMPLETO 843653 P/DESATADOR PAUS PSCALE 8T SOLPED 1300058231,1.0,COMPAÑIA MINERA CHUNGAR S.A.C.,Arnold Hernández,3.368,8252.27,8252.27,2450.2,2450.2,Operacion,,SEGUNDO ALEJANDRO SANTILLAN ZUÑIGA: RM-24364 - PRUEBA AIRE,Horas,1.0513333333333332,1.0513333333333332,0.0,0.0,0.0,0.0
RM-24364,Terminado,Real,2026-05-04,2026-08-05,,026-0011533,F 004-00002229,[51002969] RADIADOR COMPLETO 843653 P/DESATADOR PAUS PSCALE 8T SOLPED 1300058231,1.0,COMPAÑIA MINERA CHUNGAR S.A.C.,Arnold Hernández,3.368,8252.27,8252.27,2450.2,2450.2,Operacion,,SEGUNDO ALEJANDRO SANTILLAN ZUÑIGA: RM-24364 - LAVADO ACEITE,Horas,2.0933333333333333,2.0933333333333333,0.0,0.0,0.0,0.0
RM-24364,Terminado,Real,2026-05-04,2026-08-05,,026-0011533,F 004-00002229,[51002969] RADIADOR COMPLETO 843653 P/DESATADOR PAUS PSCALE 8T SOLPED 1300058231,1.0,COMPAÑIA MINERA CHUNGAR S.A.C.,Arnold Hernández,3.368,8252.27,8252.27,2450.2,2450.2,Operacion,,SEGUNDO ALEJANDRO SANTILLAN ZUÑIGA: RM-24364 - SIST ACEITE,Horas,1.0145,1.0145,0.0,0.0,0.0,0.0
RM-24364,Terminado,Real,2026-05-04,2026-08-05,,026-0011533,F 004-00002229,[51002969] RADIADOR COMPLETO 843653 P/DESATADOR PAUS PSCALE 8T SOLPED 1300058231,1.0,COMPAÑIA MINERA CHUNGAR S.A.C.,Arnold Hernández,3.368,8252.27,8252.27,2450.2,2450.2,Operacion,,SEGUNDO ALEJANDRO SANTILLAN ZUÑIGA: RM-24364 - SIST REFRIGERANTE,Horas,1.1266666666666665,1.1266666666666665,0.0,0.0,0.0,0.0
RM-24503,Por cerrar,Estimado,2026-06-16,2026-06-16,,026-0011774,F 004-00002197,[51002840] ENFRIADOR TROPICAL,1.0,RESEMIN S.A.,Arnold Hernández,3.371,108.8,123.07000000000001,32.28,36.51,Componente,10300051,"CINTA TEFLON SHURTAPE 1/2""",Ro,2.0,2.0,0.85,0.85,0.25,0.25
RM-24503,Por cerrar,Estimado,2026-06-16,2026-06-16,,026-0011774,F 004-00002197,[51002840] ENFRIADOR TROPICAL,1.0,RESEMIN S.A.,Arnold Hernández,3.371,108.8,123.07000000000001,32.28,36.51,Componente,40600386,RADIADOR COMPLETO REFRIGERANTE/ACEITE/AIRE P/SCALER BTI 3D BAP (copiar),Units,1.0,1.0,6.99,6.99,2.07,2.07
RM-24503,Por cerrar,Estimado,2026-06-16,2026-06-16,,026-0011774,F 004-00002197,[51002840] ENFRIADOR TROPICAL,1.0,RESEMIN S.A.,Arnold Hernández,3.371,108.8,123.07000000000001,32.28,36.51,Componente,40600462,CONCENTRADOR DE AIRE P/ENFRIADOR HTXDC-011,Units,0.0,0.0,0.0,0.0,0.0,0.0
RM-24503,Por cerrar,Estimado,2026-06-16,2026-06-16,,026-0011774,F 004-00002197,[51002840] ENFRIADOR TROPICAL,1.0,RESEMIN S.A.,Arnold Hernández,3.371,108.8,123.07000000000001,32.28,36.51,Componente,10620046,VENTILADOR P/. ENFRIADOR DE ACEITE BOL 30-2-9 NP 040903014 (copiar),Units,1.0,1.0,87.21000000000001,87.21000000000001,25.87,25.87
RM-24503,Por cerrar,Estimado,2026-06-16,2026-06-16,,026-0011774,F 004-00002197,[51002840] ENFRIADOR TROPICAL,1.0,RESEMIN S.A.,Arnold Hernández,3.371,108.8,123.07000000000001,32.28,36.51,Componente,10460180,PERNO HEXAGONAL FIERRO NEGRO G-8 UNC M08 * 25,Units,4.0,4.0,0.87,0.87,0.26,0.26
RM-24503,Por cerrar,Estimado,2026-06-16,2026-06-16,,026-0011774,F 004-00002197,[51002840] ENFRIADOR TROPICAL,1.0,RESEMIN S.A.,Arnold Hernández,3.371,108.8,123.07000000000001,32.28,36.51,Componente,10460012,"ARANDELA PLANA GALVANIZADA G-5 5/16"" ALA ANCHA",Units,4.0,4.0,0.25,0.25,0.07,0.07
RM-24503,Por cerrar,Estimado,2026-06-16,2026-06-16,,026-0011774,F 004-00002197,[51002840] ENFRIADOR TROPICAL,1.0,RESEMIN S.A.,Arnold Hernández,3.371,108.8,123.07000000000001,32.28,36.51,Componente,10460045,ARANDELA PRESION FIERRO NEGRO G-8 M08,Units,4.0,4.0,0.12,0.12,0.04,0.04
RM-24503,Por cerrar,Estimado,2026-06-16,2026-06-16,,026-0011774,F 004-00002197,[51002840] ENFRIADOR TROPICAL,1.0,RESEMIN S.A.,Arnold Hernández,3.371,108.8,123.07000000000001,32.28,36.51,Componente,10460825,PERNO SOCKET ALLEN ACERO INOXIDABLE 304 UNC M06 20mm ,Units,4.0,4.0,2.04,2.04,0.61,0.61
RM-24503,Por cerrar,Estimado,2026-06-16,2026-06-16,,026-0011774,F 004-00002197,[51002840] ENFRIADOR TROPICAL,1.0,RESEMIN S.A.,Arnold Hernández,3.371,108.8,123.07000000000001,32.28,36.51,Componente,10460029,ARANDELA PLANA ACERO INOXIDABLE 304 M06,Units,4.0,4.0,0.2,0.2,0.06,0.06
RM-24503,Por cerrar,Estimado,2026-06-16,2026-06-16,,026-0011774,F 004-00002197,[51002840] ENFRIADOR TROPICAL,1.0,RESEMIN S.A.,Arnold Hernández,3.371,108.8,123.07000000000001,32.28,36.51,Operacion,,PRUEBA NEUMATICA,Minutos,54.83,54.83,0.0,15.261016666666665,0.0,4.53
RM-24503,Por cerrar,Estimado,2026-06-16,2026-06-16,,026-0011774,F 004-00002197,[51002840] ENFRIADOR TROPICAL,1.0,RESEMIN S.A.,Arnold Hernández,3.371,108.8,123.07000000000001,32.28,36.51,Operacion,,INSPECCION,Minutos,12.05,12.05,3.8525,3.094841666666667,1.14,0.92
RM-24503,Por cerrar,Estimado,2026-06-16,2026-06-16,,026-0011774,F 004-00002197,[51002840] ENFRIADOR TROPICAL,1.0,RESEMIN S.A.,Arnold Hernández,3.371,108.8,123.07000000000001,32.28,36.51,Operacion,,DESMONTAJE,Minutos,24.07,24.07,6.420833333333333,6.181978333333333,1.9,1.83
RM-24514,Terminado,Real,2026-06-24,2026-07-15,,026-0011777,F 004-00002260,[51002368] RADIADOR COMPLETO 3799901 P/. LHD CAT R1600H,1.0,VOLCAN COMPANIA MINERA S.A.A.,Arnold Hernández,3.356,5276.68,5276.68,1572.31,1572.31,Componente,10240107,FORMADOR EMPAQUETADURA TIPO AVIACION 3H X 143 GR,Units,1.0,1.0,9.1,9.1,2.71,2.71
RM-24514,Terminado,Real,2026-06-24,2026-07-15,,026-0011777,F 004-00002260,[51002368] RADIADOR COMPLETO 3799901 P/. LHD CAT R1600H,1.0,VOLCAN COMPANIA MINERA S.A.A.,Arnold Hernández,3.356,5276.68,5276.68,1572.31,1572.31,Componente,10480007,ADITIVO ACRILICO - THINNER (CILINDRO 55 GALONES),gal (US),2.0,2.0,51.53,51.53,15.35,15.35
RM-24514,Terminado,Real,2026-06-24,2026-07-15,,026-0011777,F 004-00002260,[51002368] RADIADOR COMPLETO 3799901 P/. LHD CAT R1600H,1.0,VOLCAN COMPANIA MINERA S.A.A.,Arnold Hernández,3.356,5276.68,5276.68,1572.31,1572.31,Componente,10300051,"CINTA TEFLON SHURTAPE 1/2""",Ro,3.0,3.0,1.28,1.28,0.38,0.38
RM-24514,Terminado,Real,2026-06-24,2026-07-15,,026-0011777,F 004-00002260,[51002368] RADIADOR COMPLETO 3799901 P/. LHD CAT R1600H,1.0,VOLCAN COMPANIA MINERA S.A.A.,Arnold Hernández,3.356,5276.68,5276.68,1572.31,1572.31,Componente,10480003,BASE ANTICORROSIVO AL ACEITE GRIS AUTOMOTRIZ (1 GALON),gal (US),0.5,0.5,20.35,20.35,6.06,6.06
RM-24514,Terminado,Real,2026-06-24,2026-07-15,,026-0011777,F 004-00002260,[51002368] RADIADOR COMPLETO 3799901 P/. LHD CAT R1600H,1.0,VOLCAN COMPANIA MINERA S.A.A.,Arnold Hernández,3.356,5276.68,5276.68,1572.31,1572.31,Componente,10460037,"ARANDELA PRESION FIERRO NEGRO G-8 1/2""",Units,4.0,4.0,0.46,0.46,0.14,0.14
RM-24514,Terminado,Real,2026-06-24,2026-07-15,,026-0011777,F 004-00002260,[51002368] RADIADOR COMPLETO 3799901 P/. LHD CAT R1600H,1.0,VOLCAN COMPANIA MINERA S.A.A.,Arnold Hernández,3.356,5276.68,5276.68,1572.31,1572.31,Componente,10440186,"ANGULO FIERRO 1/8"" X 1.1/4"" (6 METROS)",m,3.5,3.5,17.13,17.13,5.1,5.1
RM-24514,Terminado,Real,2026-06-24,2026-07-15,,026-0011777,F 004-00002260,[51002368] RADIADOR COMPLETO 3799901 P/. LHD CAT R1600H,1.0,VOLCAN COMPANIA MINERA S.A.A.,Arnold Hernández,3.356,5276.68,5276.68,1572.31,1572.31,Componente,10440051,"PLATINA FIERRO A36 1/8"" * 5/8""",m,3.5,3.5,5.51,5.51,1.64,1.64
RM-24514,Terminado,Real,2026-06-24,2026-07-15,,026-0011777,F 004-00002260,[51002368] RADIADOR COMPLETO 3799901 P/. LHD CAT R1600H,1.0,VOLCAN COMPANIA MINERA S.A.A.,Arnold Hernández,3.356,5276.68,5276.68,1572.31,1572.31,Componente,10460143,"PERNO HEXAGONAL FIERRO NEGRO G-8 UNC 5/16"" x 1 1/4""",Units,60.0,60.0,11.07,11.07,3.3,3.3
RM-24514,Terminado,Real,2026-06-24,2026-07-15,,026-0011777,F 004-00002260,[51002368] RADIADOR COMPLETO 3799901 P/. LHD CAT R1600H,1.0,VOLCAN COMPANIA MINERA S.A.A.,Arnold Hernández,3.356,5276.68,5276.68,1572.31,1572.31,Componente,10100003,"DISCO CORTE PARA ACERO INOXIDABLE 4.1/2"" X 0.040 X 7/8"" (EHT115-10/A60 P B2223)",Units,5.0,5.0,18.66,18.66,5.56,5.56
RM-24514,Terminado,Real,2026-06-24,2026-07-15,,026-0011777,F 004-00002260,[51002368] RADIADOR COMPLETO 3799901 P/. LHD CAT R1600H,1.0,VOLCAN COMPANIA MINERA S.A.A.,Arnold Hernández,3.356,5276.68,5276.68,1572.31,1572.31,Componente,10100009,"DISCO POLIFAN FLAT INOXIDABLE 4.1/2""X3/4""X7/8"" (115Z40/SG POWER)",Units,1.0,1.0,17.39,17.39,5.18,5.18
RM-24514,Terminado,Real,2026-06-24,2026-07-15,,026-0011777,F 004-00002260,[51002368] RADIADOR COMPLETO 3799901 P/. LHD CAT R1600H,1.0,VOLCAN COMPANIA MINERA S.A.A.,Arnold Hernández,3.356,5276.68,5276.68,1572.31,1572.31,Componente,10240393,PLANCHA KLINGERSIL C-4400 2 m X 1.5 mX1.5MM (copia),m²,0.158,0.158,16.65,16.65,4.96,4.96
RM-24514,Terminado,Real,2026-06-24,2026-07-15,,026-0011777,F 004-00002260,[51002368] RADIADOR COMPLETO 3799901 P/. LHD CAT R1600H,1.0,VOLCAN COMPANIA MINERA S.A.A.,Arnold Hernández,3.356,5276.68,5276.68,1572.31,1572.31,Componente,10300099,"CINTA P/PINTOR MULTIPROP AZUL 2090 3M 55M X 1.88 ""(48MM)",Ro,1.0,1.0,9.120000000000001,9.120000000000001,2.72,2.72
RM-24514,Terminado,Real,2026-06-24,2026-07-15,,026-0011777,F 004-00002260,[51002368] RADIADOR COMPLETO 3799901 P/. LHD CAT R1600H,1.0,VOLCAN COMPANIA MINERA S.A.A.,Arnold Hernández,3.356,5276.68,5276.68,1572.31,1572.31,Componente,10240050,"JEBE NATURAL LONADO 1/4"" (6MM) X 1.20 MT (copia)",m²,0.1704,0.1704,7.640000000000001,7.640000000000001,2.28,2.28
RM-24514,Terminado,Real,2026-06-24,2026-07-15,,026-0011777,F 004-00002260,[51002368] RADIADOR COMPLETO 3799901 P/. LHD CAT R1600H,1.0,VOLCAN COMPANIA MINERA S.A.A.,Arnold Hernández,3.356,5276.68,5276.68,1572.31,1572.31,Componente,10100052,LIJA PLIEGO TELA P/METAL G. 60 - 2 (230X280MM),Units,3.0,3.0,6.76,6.76,2.01,2.01
RM-24514,Terminado,Real,2026-06-24,2026-07-15,,026-0011777,F 004-00002260,[51002368] RADIADOR COMPLETO 3799901 P/. LHD CAT R1600H,1.0,VOLCAN COMPANIA MINERA S.A.A.,Arnold Hernández,3.356,5276.68,5276.68,1572.31,1572.31,Componente,10100053,LIJA PLIEGO TELA P/METAL G. 80 - 1.1/2 (230X280MM),Units,3.0,3.0,5.83,5.83,1.74,1.74
RM-24514,Terminado,Real,2026-06-24,2026-07-15,,026-0011777,F 004-00002260,[51002368] RADIADOR COMPLETO 3799901 P/. LHD CAT R1600H,1.0,VOLCAN COMPANIA MINERA S.A.A.,Arnold Hernández,3.356,5276.68,5276.68,1572.31,1572.31,Componente,40600175,PANAL RADIADOR AL W / PROTECCION 292-7127 P / LHD CAT R1600H,Units,1.0,1.0,4369.99,4369.99,1302.14,1302.14
RM-24514,Terminado,Real,2026-06-24,2026-07-15,,026-0011777,F 004-00002260,[51002368] RADIADOR COMPLETO 3799901 P/. LHD CAT R1600H,1.0,VOLCAN COMPANIA MINERA S.A.A.,Arnold Hernández,3.356,5276.68,5276.68,1572.31,1572.31,Componente,10240102,"EMPAQUETADURA VITORITE 1/16"" X 01 MT",m,0.4,0.4,16.95,16.95,5.05,5.05
RM-24514,Terminado,Real,2026-06-24,2026-07-15,,026-0011777,F 004-00002260,[51002368] RADIADOR COMPLETO 3799901 P/. LHD CAT R1600H,1.0,VOLCAN COMPANIA MINERA S.A.A.,Arnold Hernández,3.356,5276.68,5276.68,1572.31,1572.31,Componente,10100084,ESCOBILLA RECTA P/CALDERO 20MM 63451,Units,1.0,1.0,39.88,39.88,11.88,11.88
RM-24514,Terminado,Real,2026-06-24,2026-07-15,,026-0011777,F 004-00002260,[51002368] RADIADOR COMPLETO 3799901 P/. LHD CAT R1600H,1.0,VOLCAN COMPANIA MINERA S.A.A.,Arnold Hernández,3.356,5276.68,5276.68,1572.31,1572.31,Componente,10300463,TRAPO INDUSTRIAL COLORES,kg,1.0,1.0,2.8000000000000003,2.8000000000000003,0.83,0.83
RM-24514,Terminado,Real,2026-06-24,2026-07-15,,026-0011777,F 004-00002260,[51002368] RADIADOR COMPLETO 3799901 P/. LHD CAT R1600H,1.0,VOLCAN COMPANIA MINERA S.A.A.,Arnold Hernández,3.356,5276.68,5276.68,1572.31,1572.31,Componente,10100105,ESCOBILLA RECTA P/CALDERO 10 MM,Units,1.0,1.0,29.69,29.69,8.85,8.85
RM-24514,Terminado,Real,2026-06-24,2026-07-15,,026-0011777,F 004-00002260,[51002368] RADIADOR COMPLETO 3799901 P/. LHD CAT R1600H,1.0,VOLCAN COMPANIA MINERA S.A.A.,Arnold Hernández,3.356,5276.68,5276.68,1572.31,1572.31,Componente,10460134,"PERNO HEXAGONAL FIERRO NEGRO G-8 UNC 3/8"" * 1""",Units,40.0,40.0,11.82,11.82,3.52,3.52
RM-24514,Terminado,Real,2026-06-24,2026-07-15,,026-0011777,F 004-00002260,[51002368] RADIADOR COMPLETO 3799901 P/. LHD CAT R1600H,1.0,VOLCAN COMPANIA MINERA S.A.A.,Arnold Hernández,3.356,5276.68,5276.68,1572.31,1572.31,Componente,10460011,"ARANDELA PLANA GALVANIZADA G-5 3/8""",Units,52.0,52.0,4.1,4.1,1.22,1.22
RM-24514,Terminado,Real,2026-06-24,2026-07-15,,026-0011777,F 004-00002260,[51002368] RADIADOR COMPLETO 3799901 P/. LHD CAT R1600H,1.0,VOLCAN COMPANIA MINERA S.A.A.,Arnold Hernández,3.356,5276.68,5276.68,1572.31,1572.31,Componente,10460144,"PERNO HEXAGONAL FIERRO NEGRO G-8 UNC 5/16"" x 1""",Units,10.0,10.0,1.87,1.87,0.56,0.56
RM-24514,Terminado,Real,2026-06-24,2026-07-15,,026-0011777,F 004-00002260,[51002368] RADIADOR COMPLETO 3799901 P/. LHD CAT R1600H,1.0,VOLCAN COMPANIA MINERA S.A.A.,Arnold Hernández,3.356,5276.68,5276.68,1572.31,1572.31,Componente,10460012,"ARANDELA PLANA GALVANIZADA G-5 5/16"" ALA ANCHA",Units,10.0,10.0,0.63,0.63,0.19,0.19
RM-24514,Terminado,Real,2026-06-24,2026-07-15,,026-0011777,F 004-00002260,[51002368] RADIADOR COMPLETO 3799901 P/. LHD CAT R1600H,1.0,VOLCAN COMPANIA MINERA S.A.A.,Arnold Hernández,3.356,5276.68,5276.68,1572.31,1572.31,Componente,10460368,"TUERCA HEXAGONAL FIERRO NEGRO G-8 UNC 3/8""",Units,10.0,10.0,0.92,0.92,0.27,0.27
RM-24514,Terminado,Real,2026-06-24,2026-07-15,,026-0011777,F 004-00002260,[51002368] RADIADOR COMPLETO 3799901 P/. LHD CAT R1600H,1.0,VOLCAN COMPANIA MINERA S.A.A.,Arnold Hernández,3.356,5276.68,5276.68,1572.31,1572.31,Componente,10460040,"ARANDELA PRESION FIERRO NEGRO G-8 3/8""",Units,10.0,10.0,0.38,0.38,0.11,0.11
RM-24514,Terminado,Real,2026-06-24,2026-07-15,,026-0011777,F 004-00002260,[51002368] RADIADOR COMPLETO 3799901 P/. LHD CAT R1600H,1.0,VOLCAN COMPANIA MINERA S.A.A.,Arnold Hernández,3.356,5276.68,5276.68,1572.31,1572.31,Componente,10460147,"PERNO HEXAGONAL FIERRO NEGRO G-8 UNC 5/16"" x 2""",Units,8.0,8.0,2.27,2.27,0.68,0.68
RM-24514,Terminado,Real,2026-06-24,2026-07-15,,026-0011777,F 004-00002260,[51002368] RADIADOR COMPLETO 3799901 P/. LHD CAT R1600H,1.0,VOLCAN COMPANIA MINERA S.A.A.,Arnold Hernández,3.356,5276.68,5276.68,1572.31,1572.31,Componente,10460142,"PERNO HEXAGONAL FIERRO NEGRO G-8 UNC 5/16"" x 1 1/2""",Units,90.0,90.0,20.19,20.19,6.02,6.02
RM-24514,Terminado,Real,2026-06-24,2026-07-15,,026-0011777,F 004-00002260,[51002368] RADIADOR COMPLETO 3799901 P/. LHD CAT R1600H,1.0,VOLCAN COMPANIA MINERA S.A.A.,Arnold Hernández,3.356,5276.68,5276.68,1572.31,1572.31,Componente,10460367,"TUERCA HEXAGONAL FIERRO NEGRO G-8 UNC 5/16""",Units,144.0,144.0,9.38,9.38,2.79,2.79
RM-24514,Terminado,Real,2026-06-24,2026-07-15,,026-0011777,F 004-00002260,[51002368] RADIADOR COMPLETO 3799901 P/. LHD CAT R1600H,1.0,VOLCAN COMPANIA MINERA S.A.A.,Arnold Hernández,3.356,5276.68,5276.68,1572.31,1572.31,Componente,10460041,"ARANDELA PRESION FIERRO NEGRO G-8 5/16""",Units,144.0,144.0,4.62,4.62,1.38,1.38
RM-24514,Terminado,Real,2026-06-24,2026-07-15,,026-0011777,F 004-00002260,[51002368] RADIADOR COMPLETO 3799901 P/. LHD CAT R1600H,1.0,VOLCAN COMPANIA MINERA S.A.A.,Arnold Hernández,3.356,5276.68,5276.68,1572.31,1572.31,Componente,10460371,"TUERCA HEXAGONAL FIERRO NEGRO G-8 UNC 1/2""",Units,4.0,4.0,0.86,0.86,0.26,0.26
RM-24514,Terminado,Real,2026-06-24,2026-07-15,,026-0011777,F 004-00002260,[51002368] RADIADOR COMPLETO 3799901 P/. LHD CAT R1600H,1.0,VOLCAN COMPANIA MINERA S.A.A.,Arnold Hernández,3.356,5276.68,5276.68,1572.31,1572.31,Componente,10460037,"ARANDELA PRESION FIERRO NEGRO G-8 1/2""",Units,4.0,4.0,0.46,0.46,0.14,0.14
RM-24514,Terminado,Real,2026-06-24,2026-07-15,,026-0011777,F 004-00002260,[51002368] RADIADOR COMPLETO 3799901 P/. LHD CAT R1600H,1.0,VOLCAN COMPANIA MINERA S.A.A.,Arnold Hernández,3.356,5276.68,5276.68,1572.31,1572.31,Componente,10300037,"REMACHE 3/16"" * 3/4""",Units,18.0,18.0,1.11,1.11,0.33,0.33
RM-24514,Terminado,Real,2026-06-24,2026-07-15,,026-0011777,F 004-00002260,[51002368] RADIADOR COMPLETO 3799901 P/. LHD CAT R1600H,1.0,VOLCAN COMPANIA MINERA S.A.A.,Arnold Hernández,3.356,5276.68,5276.68,1572.31,1572.31,Componente,10220005,CARTON CORRUGADO ROLLO 1.64 MT X 50 KG=5 (6 METROS),kg,1.8,1.8,10.49,10.49,3.13,3.13
RM-24514,Terminado,Real,2026-06-24,2026-07-15,,026-0011777,F 004-00002260,[51002368] RADIADOR COMPLETO 3799901 P/. LHD CAT R1600H,1.0,VOLCAN COMPANIA MINERA S.A.A.,Arnold Hernández,3.356,5276.68,5276.68,1572.31,1572.31,Componente,10440011,"BARRA REDONDA FIERRO NEGRO LISO Ø 1/2""",m,2.8,2.8,10.120000000000001,10.120000000000001,3.02,3.02
RM-24514,Terminado,Real,2026-06-24,2026-07-15,,026-0011777,F 004-00002260,[51002368] RADIADOR COMPLETO 3799901 P/. LHD CAT R1600H,1.0,VOLCAN COMPANIA MINERA S.A.A.,Arnold Hernández,3.356,5276.68,5276.68,1572.31,1572.31,Componente,10440120,"BARRA REDONDA FIERRO NEGRO LISO Ø 3/8""",m,2.018,2.018,4.49,4.49,1.34,1.34
RM-24514,Terminado,Real,2026-06-24,2026-07-15,,026-0011777,F 004-00002260,[51002368] RADIADOR COMPLETO 3799901 P/. LHD CAT R1600H,1.0,VOLCAN COMPANIA MINERA S.A.A.,Arnold Hernández,3.356,5276.68,5276.68,1572.31,1572.31,Componente,10460503,"BARRA ROSCADA FIERRO NEGRO G 8.8 UNC 3/8"" *MT",m,0.3,0.3,2.29,2.29,0.68,0.68
RM-24514,Terminado,Real,2026-06-24,2026-07-15,,026-0011777,F 004-00002260,[51002368] RADIADOR COMPLETO 3799901 P/. LHD CAT R1600H,1.0,VOLCAN COMPANIA MINERA S.A.A.,Arnold Hernández,3.356,5276.68,5276.68,1572.31,1572.31,Componente,10460502,"BARRA ROSCADA FIERRO NEGRO G 8.8 UNC 1/2""",m,0.28,0.28,5.0,5.0,1.49,1.49
RM-24514,Terminado,Real,2026-06-24,2026-07-15,,026-0011777,F 004-00002260,[51002368] RADIADOR COMPLETO 3799901 P/. LHD CAT R1600H,1.0,VOLCAN COMPANIA MINERA S.A.A.,Arnold Hernández,3.356,5276.68,5276.68,1572.31,1572.31,Operacion,,MANTENIMIENTO: RM-24514 - INSPECCION,Horas,0.6396666666666667,0.6396666666666667,9.86,9.86,2.94,2.94
RM-24514,Terminado,Real,2026-06-24,2026-07-15,,026-0011777,F 004-00002260,[51002368] RADIADOR COMPLETO 3799901 P/. LHD CAT R1600H,1.0,VOLCAN COMPANIA MINERA S.A.A.,Arnold Hernández,3.356,5276.68,5276.68,1572.31,1572.31,Operacion,,MANTENIMIENTO: RM-24514 - DESMONTAJE DE TINAS,Horas,1.6113333333333335,1.6113333333333335,24.830000000000002,24.830000000000002,7.4,7.4
RM-24514,Terminado,Real,2026-06-24,2026-07-15,,026-0011777,F 004-00002260,[51002368] RADIADOR COMPLETO 3799901 P/. LHD CAT R1600H,1.0,VOLCAN COMPANIA MINERA S.A.A.,Arnold Hernández,3.356,5276.68,5276.68,1572.31,1572.31,Operacion,,PRUEBAS: RM-24514 - PRUEBA SIST DE ACEITE,Horas,1.1175,1.1175,18.66,18.66,5.56,5.56
RM-24514,Terminado,Real,2026-06-24,2026-07-15,,026-0011777,F 004-00002260,[51002368] RADIADOR COMPLETO 3799901 P/. LHD CAT R1600H,1.0,VOLCAN COMPANIA MINERA S.A.A.,Arnold Hernández,3.356,5276.68,5276.68,1572.31,1572.31,Operacion,,MANTENIMIENTO: RM-24514 - LIJADO DE EQUIPO COMPLETO SIST DE AIRE,Horas,1.9211666666666667,1.9211666666666667,29.61,29.61,8.82,8.82
RM-24514,Terminado,Real,2026-06-24,2026-07-15,,026-0011777,F 004-00002260,[51002368] RADIADOR COMPLETO 3799901 P/. LHD CAT R1600H,1.0,VOLCAN COMPANIA MINERA S.A.A.,Arnold Hernández,3.356,5276.68,5276.68,1572.31,1572.31,Operacion,,MANTENIMIENTO: RM-24514 - LIMPIEZA DE PANAL SIST DE AIRE,Horas,0.9125,0.9125,14.06,14.06,4.19,4.19
RM-24514,Terminado,Real,2026-06-24,2026-07-15,,026-0011777,F 004-00002260,[51002368] RADIADOR COMPLETO 3799901 P/. LHD CAT R1600H,1.0,VOLCAN COMPANIA MINERA S.A.A.,Arnold Hernández,3.356,5276.68,5276.68,1572.31,1572.31,Operacion,,MANTENIMIENTO: RM-24514 - MONTAJE DE TINAS SIST DE AIRE,Horas,1.1179999999999999,1.1179999999999999,17.23,17.23,5.13,5.13
RM-24514,Terminado,Real,2026-06-24,2026-07-15,,026-0011777,F 004-00002260,[51002368] RADIADOR COMPLETO 3799901 P/. LHD CAT R1600H,1.0,VOLCAN COMPANIA MINERA S.A.A.,Arnold Hernández,3.356,5276.68,5276.68,1572.31,1572.31,Operacion,,PRUEBAS: RM-24514 - PRUEBA FINAL SIST DE AIRE,Horas,1.1391666666666667,1.1391666666666667,19.02,19.02,5.67,5.67
RM-24514,Terminado,Real,2026-06-24,2026-07-15,,026-0011777,F 004-00002260,[51002368] RADIADOR COMPLETO 3799901 P/. LHD CAT R1600H,1.0,VOLCAN COMPANIA MINERA S.A.A.,Arnold Hernández,3.356,5276.68,5276.68,1572.31,1572.31,Operacion,,MANTENIMIENTO: RM-24514 - LIJADO DE TNAS RAD REFRIGERANTE,Horas,1.4755,1.4755,22.740000000000002,22.740000000000002,6.78,6.78
RM-24514,Terminado,Real,2026-06-24,2026-07-15,,026-0011777,F 004-00002260,[51002368] RADIADOR COMPLETO 3799901 P/. LHD CAT R1600H,1.0,VOLCAN COMPANIA MINERA S.A.A.,Arnold Hernández,3.356,5276.68,5276.68,1572.31,1572.31,Operacion,,MANTENIMIENTO: RM-24514 - LIJADO DE ALEROS RAD. DE REFIGERANTE,Horas,2.1738333333333335,2.1738333333333335,33.5,33.5,9.98,9.98
RM-24514,Terminado,Real,2026-06-24,2026-07-15,,026-0011777,F 004-00002260,[51002368] RADIADOR COMPLETO 3799901 P/. LHD CAT R1600H,1.0,VOLCAN COMPANIA MINERA S.A.A.,Arnold Hernández,3.356,5276.68,5276.68,1572.31,1572.31,Operacion,,MANTENIMIENTO: RM-24514 - CORTAR EMPAQUETADURA,Horas,0.6005,0.6005,9.25,9.25,2.76,2.76
RM-24514,Terminado,Real,2026-06-24,2026-07-15,,026-0011777,F 004-00002260,[51002368] RADIADOR COMPLETO 3799901 P/. LHD CAT R1600H,1.0,VOLCAN COMPANIA MINERA S.A.A.,Arnold Hernández,3.356,5276.68,5276.68,1572.31,1572.31,Operacion,,SOLDADURA: RM-24514 - MODIFICACION DE ALEROS,Horas,4.167833333333333,4.167833333333333,94.07000000000001,94.07000000000001,28.03,28.03
RM-24514,Terminado,Real,2026-06-24,2026-07-15,,026-0011777,F 004-00002260,[51002368] RADIADOR COMPLETO 3799901 P/. LHD CAT R1600H,1.0,VOLCAN COMPANIA MINERA S.A.A.,Arnold Hernández,3.356,5276.68,5276.68,1572.31,1572.31,Operacion,,MANTENIMIENTO: RM-24514 - MONTAJE DE TINA RAD DE REFRIGERANTE,Horas,3.333833333333333,3.333833333333333,51.370000000000005,51.370000000000005,15.31,15.31
RM-24514,Terminado,Real,2026-06-24,2026-07-15,,026-0011777,F 004-00002260,[51002368] RADIADOR COMPLETO 3799901 P/. LHD CAT R1600H,1.0,VOLCAN COMPANIA MINERA S.A.A.,Arnold Hernández,3.356,5276.68,5276.68,1572.31,1572.31,Operacion,,PRUEBAS: RM-24514 - PRUEBA NEUMATICA RAD. DE REFRIGERANTE,Horas,2.1713333333333336,2.1713333333333336,36.26,36.26,10.8,10.8
RM-24514,Terminado,Real,2026-06-24,2026-07-15,,026-0011777,F 004-00002260,[51002368] RADIADOR COMPLETO 3799901 P/. LHD CAT R1600H,1.0,VOLCAN COMPANIA MINERA S.A.A.,Arnold Hernández,3.356,5276.68,5276.68,1572.31,1572.31,Operacion,,MANTENIMIENTO: RM-24514 - CORTAR JEBE RETENEDOR,Horas,0.8341666666666667,0.8341666666666667,12.85,12.85,3.83,3.83
RM-24514,Terminado,Real,2026-06-24,2026-07-15,,026-0011777,F 004-00002260,[51002368] RADIADOR COMPLETO 3799901 P/. LHD CAT R1600H,1.0,VOLCAN COMPANIA MINERA S.A.A.,Arnold Hernández,3.356,5276.68,5276.68,1572.31,1572.31,Operacion,,SOLDADURA: RM-24514 - FABRICACION DE CRUCETA Y TEMPLADORES,Horas,2.4204999999999997,2.4204999999999997,54.63,54.63,16.28,16.28
RM-24514,Terminado,Real,2026-06-24,2026-07-15,,026-0011777,F 004-00002260,[51002368] RADIADOR COMPLETO 3799901 P/. LHD CAT R1600H,1.0,VOLCAN COMPANIA MINERA S.A.A.,Arnold Hernández,3.356,5276.68,5276.68,1572.31,1572.31,Operacion,,MANTENIMIENTO: RM-24514 - MONTAJE FINAL,Horas,3.4125,3.4125,52.59,52.59,15.67,15.67
RM-24514,Terminado,Real,2026-06-24,2026-07-15,,026-0011777,F 004-00002260,[51002368] RADIADOR COMPLETO 3799901 P/. LHD CAT R1600H,1.0,VOLCAN COMPANIA MINERA S.A.A.,Arnold Hernández,3.356,5276.68,5276.68,1572.31,1572.31,Operacion,,EMBALAJE: RM-24514 - EMBALAJE CON FILM,Horas,1.6195,1.6195,27.35,27.35,8.15,8.15
RM-24514,Terminado,Real,2026-06-24,2026-07-15,,026-0011777,F 004-00002260,[51002368] RADIADOR COMPLETO 3799901 P/. LHD CAT R1600H,1.0,VOLCAN COMPANIA MINERA S.A.A.,Arnold Hernández,3.356,5276.68,5276.68,1572.31,1572.31,Operacion,,SEGUNDO ALEJANDRO SANTILLAN ZUÑIGA: RM-24514 - INSPECCION,Horas,0.6396666666666667,0.6396666666666667,0.0,0.0,0.0,0.0
RM-24514,Terminado,Real,2026-06-24,2026-07-15,,026-0011777,F 004-00002260,[51002368] RADIADOR COMPLETO 3799901 P/. LHD CAT R1600H,1.0,VOLCAN COMPANIA MINERA S.A.A.,Arnold Hernández,3.356,5276.68,5276.68,1572.31,1572.31,Operacion,,SEGUNDO ALEJANDRO SANTILLAN ZUÑIGA: RM-24514 - DESMONTAJE DE TINAS,Horas,1.6113333333333335,1.6113333333333335,0.0,0.0,0.0,0.0
RM-24514,Terminado,Real,2026-06-24,2026-07-15,,026-0011777,F 004-00002260,[51002368] RADIADOR COMPLETO 3799901 P/. LHD CAT R1600H,1.0,VOLCAN COMPANIA MINERA S.A.A.,Arnold Hernández,3.356,5276.68,5276.68,1572.31,1572.31,Operacion,,SEGUNDO ALEJANDRO SANTILLAN ZUÑIGA: RM-24514 - PRUEBA SIST DE ACEITE,Horas,1.1175,1.1175,0.0,0.0,0.0,0.0
RM-24514,Terminado,Real,2026-06-24,2026-07-15,,026-0011777,F 004-00002260,[51002368] RADIADOR COMPLETO 3799901 P/. LHD CAT R1600H,1.0,VOLCAN COMPANIA MINERA S.A.A.,Arnold Hernández,3.356,5276.68,5276.68,1572.31,1572.31,Operacion,,SEGUNDO ALEJANDRO SANTILLAN ZUÑIGA: RM-24514 - LIJADO DE EQUIPO COMPLETO SIST DE AIRE,Horas,1.9211666666666667,1.9211666666666667,0.0,0.0,0.0,0.0
RM-24514,Terminado,Real,2026-06-24,2026-07-15,,026-0011777,F 004-00002260,[51002368] RADIADOR COMPLETO 3799901 P/. LHD CAT R1600H,1.0,VOLCAN COMPANIA MINERA S.A.A.,Arnold Hernández,3.356,5276.68,5276.68,1572.31,1572.31,Operacion,,SEGUNDO ALEJANDRO SANTILLAN ZUÑIGA: RM-24514 - LIMPIEZA DE PANAL SIST DE AIRE,Horas,0.9125,0.9125,0.0,0.0,0.0,0.0
RM-24514,Terminado,Real,2026-06-24,2026-07-15,,026-0011777,F 004-00002260,[51002368] RADIADOR COMPLETO 3799901 P/. LHD CAT R1600H,1.0,VOLCAN COMPANIA MINERA S.A.A.,Arnold Hernández,3.356,5276.68,5276.68,1572.31,1572.31,Operacion,,SEGUNDO ALEJANDRO SANTILLAN ZUÑIGA: RM-24514 - MONTAJE DE TINAS SIST DE AIRE,Horas,1.1179999999999999,1.1179999999999999,0.0,0.0,0.0,0.0
RM-24514,Terminado,Real,2026-06-24,2026-07-15,,026-0011777,F 004-00002260,[51002368] RADIADOR COMPLETO 3799901 P/. LHD CAT R1600H,1.0,VOLCAN COMPANIA MINERA S.A.A.,Arnold Hernández,3.356,5276.68,5276.68,1572.31,1572.31,Operacion,,SEGUNDO ALEJANDRO SANTILLAN ZUÑIGA: RM-24514 - PRUEBA FINAL SIST DE AIRE,Horas,1.1391666666666667,1.1391666666666667,0.0,0.0,0.0,0.0
RM-24514,Terminado,Real,2026-06-24,2026-07-15,,026-0011777,F 004-00002260,[51002368] RADIADOR COMPLETO 3799901 P/. LHD CAT R1600H,1.0,VOLCAN COMPANIA MINERA S.A.A.,Arnold Hernández,3.356,5276.68,5276.68,1572.31,1572.31,Operacion,,SEGUNDO ALEJANDRO SANTILLAN ZUÑIGA: RM-24514 - LIJADO DE TNAS RAD REFRIGERANTE,Horas,1.4755,1.4755,0.0,0.0,0.0,0.0
RM-24514,Terminado,Real,2026-06-24,2026-07-15,,026-0011777,F 004-00002260,[51002368] RADIADOR COMPLETO 3799901 P/. LHD CAT R1600H,1.0,VOLCAN COMPANIA MINERA S.A.A.,Arnold Hernández,3.356,5276.68,5276.68,1572.31,1572.31,Operacion,,SEGUNDO ALEJANDRO SANTILLAN ZUÑIGA: RM-24514 - LIJADO DE ALEROS RAD. DE REFIGERANTE,Horas,2.1738333333333335,2.1738333333333335,0.0,0.0,0.0,0.0
RM-24514,Terminado,Real,2026-06-24,2026-07-15,,026-0011777,F 004-00002260,[51002368] RADIADOR COMPLETO 3799901 P/. LHD CAT R1600H,1.0,VOLCAN COMPANIA MINERA S.A.A.,Arnold Hernández,3.356,5276.68,5276.68,1572.31,1572.31,Operacion,,SEGUNDO ALEJANDRO SANTILLAN ZUÑIGA: RM-24514 - CORTAR EMPAQUETADURA,Horas,0.6005,0.6005,0.0,0.0,0.0,0.0
RM-24514,Terminado,Real,2026-06-24,2026-07-15,,026-0011777,F 004-00002260,[51002368] RADIADOR COMPLETO 3799901 P/. LHD CAT R1600H,1.0,VOLCAN COMPANIA MINERA S.A.A.,Arnold Hernández,3.356,5276.68,5276.68,1572.31,1572.31,Operacion,,SEGUNDO ALEJANDRO SANTILLAN ZUÑIGA: RM-24514 - MODIFICACION DE ALEROS,Horas,4.167833333333333,4.167833333333333,0.0,0.0,0.0,0.0
RM-24514,Terminado,Real,2026-06-24,2026-07-15,,026-0011777,F 004-00002260,[51002368] RADIADOR COMPLETO 3799901 P/. LHD CAT R1600H,1.0,VOLCAN COMPANIA MINERA S.A.A.,Arnold Hernández,3.356,5276.68,5276.68,1572.31,1572.31,Operacion,,SEGUNDO ALEJANDRO SANTILLAN ZUÑIGA: RM-24514 - MONTAJE DE TINA RAD DE REFRIGERANTE,Horas,3.333833333333333,3.333833333333333,0.0,0.0,0.0,0.0
RM-24514,Terminado,Real,2026-06-24,2026-07-15,,026-0011777,F 004-00002260,[51002368] RADIADOR COMPLETO 3799901 P/. LHD CAT R1600H,1.0,VOLCAN COMPANIA MINERA S.A.A.,Arnold Hernández,3.356,5276.68,5276.68,1572.31,1572.31,Operacion,,SEGUNDO ALEJANDRO SANTILLAN ZUÑIGA: RM-24514 - PRUEBA NEUMATICA RAD. DE REFRIGERANTE,Horas,2.1713333333333336,2.1713333333333336,0.0,0.0,0.0,0.0
RM-24514,Terminado,Real,2026-06-24,2026-07-15,,026-0011777,F 004-00002260,[51002368] RADIADOR COMPLETO 3799901 P/. LHD CAT R1600H,1.0,VOLCAN COMPANIA MINERA S.A.A.,Arnold Hernández,3.356,5276.68,5276.68,1572.31,1572.31,Operacion,,SEGUNDO ALEJANDRO SANTILLAN ZUÑIGA: RM-24514 - CORTAR JEBE RETENEDOR,Horas,0.8343333333333334,0.8343333333333334,0.0,0.0,0.0,0.0
RM-24514,Terminado,Real,2026-06-24,2026-07-15,,026-0011777,F 004-00002260,[51002368] RADIADOR COMPLETO 3799901 P/. LHD CAT R1600H,1.0,VOLCAN COMPANIA MINERA S.A.A.,Arnold Hernández,3.356,5276.68,5276.68,1572.31,1572.31,Operacion,,SEGUNDO ALEJANDRO SANTILLAN ZUÑIGA: RM-24514 - FABRICACION DE CRUCETA Y TEMPLADORES,Horas,2.4204999999999997,2.4204999999999997,0.0,0.0,0.0,0.0
RM-24514,Terminado,Real,2026-06-24,2026-07-15,,026-0011777,F 004-00002260,[51002368] RADIADOR COMPLETO 3799901 P/. LHD CAT R1600H,1.0,VOLCAN COMPANIA MINERA S.A.A.,Arnold Hernández,3.356,5276.68,5276.68,1572.31,1572.31,Operacion,,SEGUNDO ALEJANDRO SANTILLAN ZUÑIGA: RM-24514 - MONTAJE FINAL,Horas,3.4125,3.4125,0.0,0.0,0.0,0.0
RM-24514,Terminado,Real,2026-06-24,2026-07-15,,026-0011777,F 004-00002260,[51002368] RADIADOR COMPLETO 3799901 P/. LHD CAT R1600H,1.0,VOLCAN COMPANIA MINERA S.A.A.,Arnold Hernández,3.356,5276.68,5276.68,1572.31,1572.31,Operacion,,SEGUNDO ALEJANDRO SANTILLAN ZUÑIGA: RM-24514 - EMBALAJE CON FILM,Horas,1.6195,1.6195,0.0,0.0,0.0,0.0
RM-24578,Terminado,Real,2026-07-09,2026-08-01,,026-0011875,F 004-00002208,[20100174] RADIADOR REFRIGERANTE TD P/DUMPER EPIROC MT2200 6060007952,1.0,VOLCAN COMPANIA MINERA S.A.A.,Arnold Hernández,3.387,4641.33,4641.33,1370.34,1370.34,Componente,10100003,"DISCO CORTE PARA ACERO INOXIDABLE 4.1/2"" X 0.040 X 7/8"" (EHT115-10/A60 P B2223)",Units,2.0,2.0,7.3500000000000005,7.3500000000000005,2.17,2.17
RM-24578,Terminado,Real,2026-07-09,2026-08-01,,026-0011875,F 004-00002208,[20100174] RADIADOR REFRIGERANTE TD P/DUMPER EPIROC MT2200 6060007952,1.0,VOLCAN COMPANIA MINERA S.A.A.,Arnold Hernández,3.387,4641.33,4641.33,1370.34,1370.34,Componente,10100003,"DISCO CORTE PARA ACERO INOXIDABLE 4.1/2"" X 0.040 X 7/8"" (EHT115-10/A60 P B2223)",Units,7.0,7.0,25.73,25.73,7.6,7.6
RM-24578,Terminado,Real,2026-07-09,2026-08-01,,026-0011875,F 004-00002208,[20100174] RADIADOR REFRIGERANTE TD P/DUMPER EPIROC MT2200 6060007952,1.0,VOLCAN COMPANIA MINERA S.A.A.,Arnold Hernández,3.387,4641.33,4641.33,1370.34,1370.34,Componente,10100009,"DISCO POLIFAN FLAT INOXIDABLE 4.1/2""X3/4""X7/8"" (115Z40/SG POWER)",Units,1.0,1.0,17.39,17.39,5.13,5.13
RM-24578,Terminado,Real,2026-07-09,2026-08-01,,026-0011875,F 004-00002208,[20100174] RADIADOR REFRIGERANTE TD P/DUMPER EPIROC MT2200 6060007952,1.0,VOLCAN COMPANIA MINERA S.A.A.,Arnold Hernández,3.387,4641.33,4641.33,1370.34,1370.34,Componente,10560081,"COPLA ACERO FORJADO NPT 3/8""",Units,2.0,2.0,8.16,8.16,2.41,2.41
RM-24578,Terminado,Real,2026-07-09,2026-08-01,,026-0011875,F 004-00002208,[20100174] RADIADOR REFRIGERANTE TD P/DUMPER EPIROC MT2200 6060007952,1.0,VOLCAN COMPANIA MINERA S.A.A.,Arnold Hernández,3.387,4641.33,4641.33,1370.34,1370.34,Componente,10100003,"DISCO CORTE PARA ACERO INOXIDABLE 4.1/2"" X 0.040 X 7/8"" (EHT115-10/A60 P B2223)",Units,6.0,6.0,22.06,22.06,6.51,6.51
RM-24578,Terminado,Real,2026-07-09,2026-08-01,,026-0011875,F 004-00002208,[20100174] RADIADOR REFRIGERANTE TD P/DUMPER EPIROC MT2200 6060007952,1.0,VOLCAN COMPANIA MINERA S.A.A.,Arnold Hernández,3.387,4641.33,4641.33,1370.34,1370.34,Componente,10100009,"DISCO POLIFAN FLAT INOXIDABLE 4.1/2""X3/4""X7/8"" (115Z40/SG POWER)",Units,1.0,1.0,17.39,17.39,5.13,5.13
RM-24578,Terminado,Real,2026-07-09,2026-08-01,,026-0011875,F 004-00002208,[20100174] RADIADOR REFRIGERANTE TD P/DUMPER EPIROC MT2200 6060007952,1.0,VOLCAN COMPANIA MINERA S.A.A.,Arnold Hernández,3.387,4641.33,4641.33,1370.34,1370.34,Componente,10460360,TUERCA HEXAGONAL FIERRO NEGRO G-8 UNC M12,Units,4.0,4.0,1.47,1.47,0.43,0.43
RM-24578,Terminado,Real,2026-07-09,2026-08-01,,026-0011875,F 004-00002208,[20100174] RADIADOR REFRIGERANTE TD P/DUMPER EPIROC MT2200 6060007952,1.0,VOLCAN COMPANIA MINERA S.A.A.,Arnold Hernández,3.387,4641.33,4641.33,1370.34,1370.34,Componente,10460361,TUERCA HEXAGONAL FIERRO NEGRO G-8 UNC M10,Units,20.0,20.0,2.6,2.6,0.77,0.77
RM-24578,Terminado,Real,2026-07-09,2026-08-01,,026-0011875,F 004-00002208,[20100174] RADIADOR REFRIGERANTE TD P/DUMPER EPIROC MT2200 6060007952,1.0,VOLCAN COMPANIA MINERA S.A.A.,Arnold Hernández,3.387,4641.33,4641.33,1370.34,1370.34,Componente,10100004,"DISCO CORTE PARA ACERO INOXIDABLE 7"" X 0.045"" X 7/8"" (EHT178/16 A46P PSF INOX)",Units,2.0,2.0,19.89,19.89,5.87,5.87
RM-24578,Terminado,Real,2026-07-09,2026-08-01,,026-0011875,F 004-00002208,[20100174] RADIADOR REFRIGERANTE TD P/DUMPER EPIROC MT2200 6060007952,1.0,VOLCAN COMPANIA MINERA S.A.A.,Arnold Hernández,3.387,4641.33,4641.33,1370.34,1370.34,Componente,40600476,SELLO DESMONT. C / CANAL HEATEX 721201B V2,Units,85.0,85.0,175.36,175.36,51.77,51.77
RM-24578,Terminado,Real,2026-07-09,2026-08-01,,026-0011875,F 004-00002208,[20100174] RADIADOR REFRIGERANTE TD P/DUMPER EPIROC MT2200 6060007952,1.0,VOLCAN COMPANIA MINERA S.A.A.,Arnold Hernández,3.387,4641.33,4641.33,1370.34,1370.34,Componente,40600477,SELLO DESMONT. S / CANAL HEATEX 721201T V2,Units,85.0,85.0,174.0,174.0,51.37,51.37
RM-24578,Terminado,Real,2026-07-09,2026-08-01,,026-0011875,F 004-00002208,[20100174] RADIADOR REFRIGERANTE TD P/DUMPER EPIROC MT2200 6060007952,1.0,VOLCAN COMPANIA MINERA S.A.A.,Arnold Hernández,3.387,4641.33,4641.33,1370.34,1370.34,Componente,40600321,"FIELTRO INDUSTRIAL 3/4"" * 1"" N/P 33082",in,50.0,50.0,6.57,6.57,1.94,1.94
RM-24578,Terminado,Real,2026-07-09,2026-08-01,,026-0011875,F 004-00002208,[20100174] RADIADOR REFRIGERANTE TD P/DUMPER EPIROC MT2200 6060007952,1.0,VOLCAN COMPANIA MINERA S.A.A.,Arnold Hernández,3.387,4641.33,4641.33,1370.34,1370.34,Componente,40600322,"FIELTRO INDUSTRIAL 3/4"" * 1/2"" N/P 33083",in,50.0,50.0,3.36,3.36,0.99,0.99
RM-24578,Terminado,Real,2026-07-09,2026-08-01,,026-0011875,F 004-00002208,[20100174] RADIADOR REFRIGERANTE TD P/DUMPER EPIROC MT2200 6060007952,1.0,VOLCAN COMPANIA MINERA S.A.A.,Arnold Hernández,3.387,4641.33,4641.33,1370.34,1370.34,Componente,20100159,"TUBO DESMONT. CU 40.00"" ""M"" RINTUSAC (RINTUSAC)",Units,85.0,85.0,2998.16,2998.16,885.2,885.2
RM-24578,Terminado,Real,2026-07-09,2026-08-01,,026-0011875,F 004-00002208,[20100174] RADIADOR REFRIGERANTE TD P/DUMPER EPIROC MT2200 6060007952,1.0,VOLCAN COMPANIA MINERA S.A.A.,Arnold Hernández,3.387,4641.33,4641.33,1370.34,1370.34,Componente,10300051,"CINTA TEFLON SHURTAPE 1/2""",Ro,1.0,1.0,0.43,0.43,0.13,0.13
RM-24578,Terminado,Real,2026-07-09,2026-08-01,,026-0011875,F 004-00002208,[20100174] RADIADOR REFRIGERANTE TD P/DUMPER EPIROC MT2200 6060007952,1.0,VOLCAN COMPANIA MINERA S.A.A.,Arnold Hernández,3.387,4641.33,4641.33,1370.34,1370.34,Componente,10460188,PERNO HEXAGONAL FIERRO NEGRO G-8 UNC M10 x 25mm,Units,8.0,8.0,2.54,2.54,0.75,0.75
RM-24578,Terminado,Real,2026-07-09,2026-08-01,,026-0011875,F 004-00002208,[20100174] RADIADOR REFRIGERANTE TD P/DUMPER EPIROC MT2200 6060007952,1.0,VOLCAN COMPANIA MINERA S.A.A.,Arnold Hernández,3.387,4641.33,4641.33,1370.34,1370.34,Componente,10460018,ARANDELA PLANA GALVANIZADA G-5 M10,Units,8.0,8.0,0.58,0.58,0.17,0.17
RM-24578,Terminado,Real,2026-07-09,2026-08-01,,026-0011875,F 004-00002208,[20100174] RADIADOR REFRIGERANTE TD P/DUMPER EPIROC MT2200 6060007952,1.0,VOLCAN COMPANIA MINERA S.A.A.,Arnold Hernández,3.387,4641.33,4641.33,1370.34,1370.34,Componente,10220105,"LISTON MADERA CATAHUA 1"" x 4"" X 10┤",Units,10.0,10.0,164.26,164.26,48.5,48.5
RM-24578,Terminado,Real,2026-07-09,2026-08-01,,026-0011875,F 004-00002208,[20100174] RADIADOR REFRIGERANTE TD P/DUMPER EPIROC MT2200 6060007952,1.0,VOLCAN COMPANIA MINERA S.A.A.,Arnold Hernández,3.387,4641.33,4641.33,1370.34,1370.34,Componente,10220011,"LISTON MADERA COPAHIBA 1 3/4"" * 3 1/2"" * 8┤",Units,1.0,1.0,45.37,45.37,13.4,13.4
RM-24578,Terminado,Real,2026-07-09,2026-08-01,,026-0011875,F 004-00002208,[20100174] RADIADOR REFRIGERANTE TD P/DUMPER EPIROC MT2200 6060007952,1.0,VOLCAN COMPANIA MINERA S.A.A.,Arnold Hernández,3.387,4641.33,4641.33,1370.34,1370.34,Componente,10220005,CARTON CORRUGADO ROLLO 1.64 MT X 50 KG=5 (6 METROS),kg,1.575,1.575,9.18,9.18,2.71,2.71
RM-24578,Terminado,Real,2026-07-09,2026-08-01,,026-0011875,F 004-00002208,[20100174] RADIADOR REFRIGERANTE TD P/DUMPER EPIROC MT2200 6060007952,1.0,VOLCAN COMPANIA MINERA S.A.A.,Arnold Hernández,3.387,4641.33,4641.33,1370.34,1370.34,Componente,10220001,"CLAVO MADERA PISTOLA 1 1/2"" (CAJA 30 ROLLOS)",Ro,1.0,1.0,3.2800000000000002,3.2800000000000002,0.97,0.97
RM-24578,Terminado,Real,2026-07-09,2026-08-01,,026-0011875,F 004-00002208,[20100174] RADIADOR REFRIGERANTE TD P/DUMPER EPIROC MT2200 6060007952,1.0,VOLCAN COMPANIA MINERA S.A.A.,Arnold Hernández,3.387,4641.33,4641.33,1370.34,1370.34,Componente,10220002,"CLAVO MADERA PISTOLA 2"" (CAJA 30 ROLLOS / 28 KG)",Ro,1.0,1.0,4.1,4.1,1.21,1.21
RM-24578,Terminado,Real,2026-07-09,2026-08-01,,026-0011875,F 004-00002208,[20100174] RADIADOR REFRIGERANTE TD P/DUMPER EPIROC MT2200 6060007952,1.0,VOLCAN COMPANIA MINERA S.A.A.,Arnold Hernández,3.387,4641.33,4641.33,1370.34,1370.34,Componente,10220120,"STRETCH FILM TRANSPARENTE BOBINA 18"" X 20 MICRAS X 02 KG",Ro,1.0,1.0,21.38,21.38,6.31,6.31
RM-24578,Terminado,Real,2026-07-09,2026-08-01,,026-0011875,F 004-00002208,[20100174] RADIADOR REFRIGERANTE TD P/DUMPER EPIROC MT2200 6060007952,1.0,VOLCAN COMPANIA MINERA S.A.A.,Arnold Hernández,3.387,4641.33,4641.33,1370.34,1370.34,Componente,40600012,"JEBE DESMONT. CENTRAL TIPO ""V"" MACHO HEATEX N / P 981004 * 14.50""",Units,6.0,6.0,163.57,163.57,48.29,48.29
RM-24578,Terminado,Real,2026-07-09,2026-08-01,,026-0011875,F 004-00002208,[20100174] RADIADOR REFRIGERANTE TD P/DUMPER EPIROC MT2200 6060007952,1.0,VOLCAN COMPANIA MINERA S.A.A.,Arnold Hernández,3.387,4641.33,4641.33,1370.34,1370.34,Operacion,,SOLDADURA: RM-24578 - MODIFICACION DE ESTRUCTURA,Horas,2.2825,2.2825,51.52,51.52,15.21,15.21
RM-24578,Terminado,Real,2026-07-09,2026-08-01,,026-0011875,F 004-00002208,[20100174] RADIADOR REFRIGERANTE TD P/DUMPER EPIROC MT2200 6060007952,1.0,VOLCAN COMPANIA MINERA S.A.A.,Arnold Hernández,3.387,4641.33,4641.33,1370.34,1370.34,Operacion,,TORNERIA: RM-24578 - FABRICACION DE PARRILLA,Horas,15.905833333333334,15.905833333333334,352.95,352.95,104.21,104.21
RM-24578,Terminado,Real,2026-07-09,2026-08-01,,026-0011875,F 004-00002208,[20100174] RADIADOR REFRIGERANTE TD P/DUMPER EPIROC MT2200 6060007952,1.0,VOLCAN COMPANIA MINERA S.A.A.,Arnold Hernández,3.387,4641.33,4641.33,1370.34,1370.34,Operacion,,SOLDADURA: RM-24578 - CORTE DE TAPAS LATERALES P / TINAS RAD. RE3FRIGERANT,Horas,0.7658333333333334,0.7658333333333334,17.28,17.28,5.1,5.1
RM-24578,Terminado,Real,2026-07-09,2026-08-01,,026-0011875,F 004-00002208,[20100174] RADIADOR REFRIGERANTE TD P/DUMPER EPIROC MT2200 6060007952,1.0,VOLCAN COMPANIA MINERA S.A.A.,Arnold Hernández,3.387,4641.33,4641.33,1370.34,1370.34,Operacion,,SOLDADURA: RM-24578 - CORTE D3E  TINAS,Horas,2.898,2.898,65.41,65.41,19.31,19.31
RM-24578,Terminado,Real,2026-07-09,2026-08-01,,026-0011875,F 004-00002208,[20100174] RADIADOR REFRIGERANTE TD P/DUMPER EPIROC MT2200 6060007952,1.0,VOLCAN COMPANIA MINERA S.A.A.,Arnold Hernández,3.387,4641.33,4641.33,1370.34,1370.34,Operacion,,SOLDADURA: RM-24578 - SOLDEO DE TAPAS CON MIG,Horas,1.6008333333333333,1.6008333333333333,36.13,36.13,10.67,10.67
RM-24578,Terminado,Real,2026-07-09,2026-08-01,,026-0011875,F 004-00002208,[20100174] RADIADOR REFRIGERANTE TD P/DUMPER EPIROC MT2200 6060007952,1.0,VOLCAN COMPANIA MINERA S.A.A.,Arnold Hernández,3.387,4641.33,4641.33,1370.34,1370.34,Operacion,,SOLDADURA: RM-24578 - CORTE DE PARRILLAS Y APUNTALADO,Horas,2.4746666666666663,2.4746666666666663,55.85,55.85,16.49,16.49
RM-24578,Terminado,Real,2026-07-09,2026-08-01,,026-0011875,F 004-00002208,[20100174] RADIADOR REFRIGERANTE TD P/DUMPER EPIROC MT2200 6060007952,1.0,VOLCAN COMPANIA MINERA S.A.A.,Arnold Hernández,3.387,4641.33,4641.33,1370.34,1370.34,Operacion,,SOLDADURA: RM-24578 - DOLDEO DE PARRILLA CON PROCESO MIG,Horas,3.1238333333333332,3.1238333333333332,70.5,70.5,20.81,20.81
RM-24578,Terminado,Real,2026-07-09,2026-08-01,,026-0011875,F 004-00002208,[20100174] RADIADOR REFRIGERANTE TD P/DUMPER EPIROC MT2200 6060007952,1.0,VOLCAN COMPANIA MINERA S.A.A.,Arnold Hernández,3.387,4641.33,4641.33,1370.34,1370.34,Operacion,,SOLDADURA: RM-24578 - APUNTALADO Y SOLDEO DE BRIDAS CON PROCESO MIG,Horas,1.7748333333333333,1.7748333333333333,40.06,40.06,11.83,11.83
RM-24578,Terminado,Real,2026-07-09,2026-08-01,,026-0011875,F 004-00002208,[20100174] RADIADOR REFRIGERANTE TD P/DUMPER EPIROC MT2200 6060007952,1.0,VOLCAN COMPANIA MINERA S.A.A.,Arnold Hernández,3.387,4641.33,4641.33,1370.34,1370.34,Operacion,,SOLDADURA: RM-24578 - APUNTALADO DE PARRILLAS Y ALEROIS,Horas,2.5453333333333332,2.5453333333333332,57.45,57.45,16.96,16.96
RM-24578,Terminado,Real,2026-07-09,2026-08-01,,026-0011875,F 004-00002208,[20100174] RADIADOR REFRIGERANTE TD P/DUMPER EPIROC MT2200 6060007952,1.0,VOLCAN COMPANIA MINERA S.A.A.,Arnold Hernández,3.387,4641.33,4641.33,1370.34,1370.34,Operacion,,SEGUNDO ALEJANDRO SANTILLAN ZUÑIGA: RM-24578 - MODIFICACION DE ESTRUCTURA,Horas,2.2816666666666667,2.2816666666666667,0.0,0.0,0.0,0.0
RM-24578,Terminado,Real,2026-07-09,2026-08-01,,026-0011875,F 004-00002208,[20100174] RADIADOR REFRIGERANTE TD P/DUMPER EPIROC MT2200 6060007952,1.0,VOLCAN COMPANIA MINERA S.A.A.,Arnold Hernández,3.387,4641.33,4641.33,1370.34,1370.34,Operacion,,QUINTANA TACSA ANGEL VICENTE: RM-24578 - MODIFICACION DE ESTRUCTURA,Horas,0.0008333333333333334,0.0008333333333333334,0.0,0.0,0.0,0.0
RM-24578,Terminado,Real,2026-07-09,2026-08-01,,026-0011875,F 004-00002208,[20100174] RADIADOR REFRIGERANTE TD P/DUMPER EPIROC MT2200 6060007952,1.0,VOLCAN COMPANIA MINERA S.A.A.,Arnold Hernández,3.387,4641.33,4641.33,1370.34,1370.34,Operacion,,SEGUNDO ALEJANDRO SANTILLAN ZUÑIGA: RM-24578 - FABRICACION DE PARRILLA,Horas,15.905833333333334,15.905833333333334,0.0,0.0,0.0,0.0
RM-24578,Terminado,Real,2026-07-09,2026-08-01,,026-0011875,F 004-00002208,[20100174] RADIADOR REFRIGERANTE TD P/DUMPER EPIROC MT2200 6060007952,1.0,VOLCAN COMPANIA MINERA S.A.A.,Arnold Hernández,3.387,4641.33,4641.33,1370.34,1370.34,Operacion,,SEGUNDO ALEJANDRO SANTILLAN ZUÑIGA: RM-24578 - CORTE DE TAPAS LATERALES P / TINAS RAD. RE3FRIGERANT,Horas,0.7658333333333334,0.7658333333333334,0.0,0.0,0.0,0.0
RM-24578,Terminado,Real,2026-07-09,2026-08-01,,026-0011875,F 004-00002208,[20100174] RADIADOR REFRIGERANTE TD P/DUMPER EPIROC MT2200 6060007952,1.0,VOLCAN COMPANIA MINERA S.A.A.,Arnold Hernández,3.387,4641.33,4641.33,1370.34,1370.34,Operacion,,SEGUNDO ALEJANDRO SANTILLAN ZUÑIGA: RM-24578 - CORTE D3E  TINAS,Horas,2.898,2.898,0.0,0.0,0.0,0.0
RM-24578,Terminado,Real,2026-07-09,2026-08-01,,026-0011875,F 004-00002208,[20100174] RADIADOR REFRIGERANTE TD P/DUMPER EPIROC MT2200 6060007952,1.0,VOLCAN COMPANIA MINERA S.A.A.,Arnold Hernández,3.387,4641.33,4641.33,1370.34,1370.34,Operacion,,SEGUNDO ALEJANDRO SANTILLAN ZUÑIGA: RM-24578 - SOLDEO DE TAPAS CON MIG,Horas,1.6008333333333333,1.6008333333333333,0.0,0.0,0.0,0.0
RM-24578,Terminado,Real,2026-07-09,2026-08-01,,026-0011875,F 004-00002208,[20100174] RADIADOR REFRIGERANTE TD P/DUMPER EPIROC MT2200 6060007952,1.0,VOLCAN COMPANIA MINERA S.A.A.,Arnold Hernández,3.387,4641.33,4641.33,1370.34,1370.34,Operacion,,SEGUNDO ALEJANDRO SANTILLAN ZUÑIGA: RM-24578 - CORTE DE PARRILLAS Y APUNTALADO,Horas,2.4746666666666663,2.4746666666666663,0.0,0.0,0.0,0.0
RM-24578,Terminado,Real,2026-07-09,2026-08-01,,026-0011875,F 004-00002208,[20100174] RADIADOR REFRIGERANTE TD P/DUMPER EPIROC MT2200 6060007952,1.0,VOLCAN COMPANIA MINERA S.A.A.,Arnold Hernández,3.387,4641.33,4641.33,1370.34,1370.34,Operacion,,SEGUNDO ALEJANDRO SANTILLAN ZUÑIGA: RM-24578 - DOLDEO DE PARRILLA CON PROCESO MIG,Horas,3.1238333333333332,3.1238333333333332,0.0,0.0,0.0,0.0
RM-24578,Terminado,Real,2026-07-09,2026-08-01,,026-0011875,F 004-00002208,[20100174] RADIADOR REFRIGERANTE TD P/DUMPER EPIROC MT2200 6060007952,1.0,VOLCAN COMPANIA MINERA S.A.A.,Arnold Hernández,3.387,4641.33,4641.33,1370.34,1370.34,Operacion,,SEGUNDO ALEJANDRO SANTILLAN ZUÑIGA: RM-24578 - APUNTALADO Y SOLDEO DE BRIDAS CON PROCESO MIG,Horas,1.7748333333333333,1.7748333333333333,0.0,0.0,0.0,0.0
RM-24578,Terminado,Real,2026-07-09,2026-08-01,,026-0011875,F 004-00002208,[20100174] RADIADOR REFRIGERANTE TD P/DUMPER EPIROC MT2200 6060007952,1.0,VOLCAN COMPANIA MINERA S.A.A.,Arnold Hernández,3.387,4641.33,4641.33,1370.34,1370.34,Operacion,,SEGUNDO ALEJANDRO SANTILLAN ZUÑIGA: RM-24578 - APUNTALADO DE PARRILLAS Y ALEROIS,Horas,2.5453333333333332,2.5453333333333332,0.0,0.0,0.0,0.0
RM-24332,Terminado,Real,2026-07-13,2026-08-01,,026-0011449,F 004-00002237,[51002961] RADIADOR COMPLETO P/DUMPER EPIROC MT2200 5590022437 SOLPED 1300056864,1.0,COMPAÑIA MINERA CHUNGAR S.A.C.,Arnold Hernández,3.37,4031.8,4031.8,1196.38,1196.38,Componente,40600322,"FIELTRO INDUSTRIAL 3/4"" * 1/2"" N/P 33083",in,50.0,50.0,3.36,3.36,1.0,1.0
RM-24332,Terminado,Real,2026-07-13,2026-08-01,,026-0011449,F 004-00002237,[51002961] RADIADOR COMPLETO P/DUMPER EPIROC MT2200 5590022437 SOLPED 1300056864,1.0,COMPAÑIA MINERA CHUNGAR S.A.C.,Arnold Hernández,3.37,4031.8,4031.8,1196.38,1196.38,Componente,40600321,"FIELTRO INDUSTRIAL 3/4"" * 1"" N/P 33082",in,50.0,50.0,6.57,6.57,1.95,1.95
RM-24332,Terminado,Real,2026-07-13,2026-08-01,,026-0011449,F 004-00002237,[51002961] RADIADOR COMPLETO P/DUMPER EPIROC MT2200 5590022437 SOLPED 1300056864,1.0,COMPAÑIA MINERA CHUNGAR S.A.C.,Arnold Hernández,3.37,4031.8,4031.8,1196.38,1196.38,Componente,40600476,SELLO DESMONT. C / CANAL HEATEX 721201B V2,Units,85.0,85.0,175.36,175.36,52.04,52.04
RM-24332,Terminado,Real,2026-07-13,2026-08-01,,026-0011449,F 004-00002237,[51002961] RADIADOR COMPLETO P/DUMPER EPIROC MT2200 5590022437 SOLPED 1300056864,1.0,COMPAÑIA MINERA CHUNGAR S.A.C.,Arnold Hernández,3.37,4031.8,4031.8,1196.38,1196.38,Componente,40600477,SELLO DESMONT. S / CANAL HEATEX 721201T V2,Units,85.0,85.0,174.0,174.0,51.63,51.63
RM-24332,Terminado,Real,2026-07-13,2026-08-01,,026-0011449,F 004-00002237,[51002961] RADIADOR COMPLETO P/DUMPER EPIROC MT2200 5590022437 SOLPED 1300056864,1.0,COMPAÑIA MINERA CHUNGAR S.A.C.,Arnold Hernández,3.37,4031.8,4031.8,1196.38,1196.38,Componente,10100052,LIJA PLIEGO TELA P/METAL G. 60 - 2 (230X280MM),Units,3.0,3.0,6.76,6.76,2.01,2.01
RM-24332,Terminado,Real,2026-07-13,2026-08-01,,026-0011449,F 004-00002237,[51002961] RADIADOR COMPLETO P/DUMPER EPIROC MT2200 5590022437 SOLPED 1300056864,1.0,COMPAÑIA MINERA CHUNGAR S.A.C.,Arnold Hernández,3.37,4031.8,4031.8,1196.38,1196.38,Componente,10100051,LIJA PLIEGO TELA P/METAL G. 40 - 3 (230X280MM),Units,3.0,3.0,6.5200000000000005,6.5200000000000005,1.93,1.93
RM-24332,Terminado,Real,2026-07-13,2026-08-01,,026-0011449,F 004-00002237,[51002961] RADIADOR COMPLETO P/DUMPER EPIROC MT2200 5590022437 SOLPED 1300056864,1.0,COMPAÑIA MINERA CHUNGAR S.A.C.,Arnold Hernández,3.37,4031.8,4031.8,1196.38,1196.38,Componente,10100091,ESCOBILLA RECTA P/CALDERO 18MM,Units,1.0,1.0,40.78,40.78,12.1,12.1
RM-24332,Terminado,Real,2026-07-13,2026-08-01,,026-0011449,F 004-00002237,[51002961] RADIADOR COMPLETO P/DUMPER EPIROC MT2200 5590022437 SOLPED 1300056864,1.0,COMPAÑIA MINERA CHUNGAR S.A.C.,Arnold Hernández,3.37,4031.8,4031.8,1196.38,1196.38,Componente,10220120,"STRETCH FILM TRANSPARENTE BOBINA 18"" X 20 MICRAS X 02 KG",Ro,1.0,1.0,21.38,21.38,6.34,6.34
RM-24332,Terminado,Real,2026-07-13,2026-08-01,,026-0011449,F 004-00002237,[51002961] RADIADOR COMPLETO P/DUMPER EPIROC MT2200 5590022437 SOLPED 1300056864,1.0,COMPAÑIA MINERA CHUNGAR S.A.C.,Arnold Hernández,3.37,4031.8,4031.8,1196.38,1196.38,Componente,10300463,TRAPO INDUSTRIAL COLORES,kg,1.0,1.0,2.8000000000000003,2.8000000000000003,0.83,0.83
RM-24332,Terminado,Real,2026-07-13,2026-08-01,,026-0011449,F 004-00002237,[51002961] RADIADOR COMPLETO P/DUMPER EPIROC MT2200 5590022437 SOLPED 1300056864,1.0,COMPAÑIA MINERA CHUNGAR S.A.C.,Arnold Hernández,3.37,4031.8,4031.8,1196.38,1196.38,Componente,10460188,PERNO HEXAGONAL FIERRO NEGRO G-8 UNC M10 x 25mm,Units,30.0,30.0,9.53,9.53,2.83,2.83
RM-24332,Terminado,Real,2026-07-13,2026-08-01,,026-0011449,F 004-00002237,[51002961] RADIADOR COMPLETO P/DUMPER EPIROC MT2200 5590022437 SOLPED 1300056864,1.0,COMPAÑIA MINERA CHUNGAR S.A.C.,Arnold Hernández,3.37,4031.8,4031.8,1196.38,1196.38,Componente,10460018,ARANDELA PLANA GALVANIZADA G-5 M10,Units,30.0,30.0,2.17,2.17,0.64,0.64
RM-24332,Terminado,Real,2026-07-13,2026-08-01,,026-0011449,F 004-00002237,[51002961] RADIADOR COMPLETO P/DUMPER EPIROC MT2200 5590022437 SOLPED 1300056864,1.0,COMPAÑIA MINERA CHUNGAR S.A.C.,Arnold Hernández,3.37,4031.8,4031.8,1196.38,1196.38,Componente,10460198,PERNO HEXAGONAL FIERRO NEGRO G-8 UNC M12 x 25mm,Units,4.0,4.0,2.56,2.56,0.76,0.76
RM-24332,Terminado,Real,2026-07-13,2026-08-01,,026-0011449,F 004-00002237,[51002961] RADIADOR COMPLETO P/DUMPER EPIROC MT2200 5590022437 SOLPED 1300056864,1.0,COMPAÑIA MINERA CHUNGAR S.A.C.,Arnold Hernández,3.37,4031.8,4031.8,1196.38,1196.38,Componente,10460199,PERNO HEXAGONAL FIERRO NEGRO G-8 UNC M12 x 30mm,Units,2.0,2.0,1.59,1.59,0.47,0.47
RM-24332,Terminado,Real,2026-07-13,2026-08-01,,026-0011449,F 004-00002237,[51002961] RADIADOR COMPLETO P/DUMPER EPIROC MT2200 5590022437 SOLPED 1300056864,1.0,COMPAÑIA MINERA CHUNGAR S.A.C.,Arnold Hernández,3.37,4031.8,4031.8,1196.38,1196.38,Componente,10460019,ARANDELA PLANA GALVANIZADA G-5 M12,Units,8.0,8.0,1.18,1.18,0.35,0.35
RM-24332,Terminado,Real,2026-07-13,2026-08-01,,026-0011449,F 004-00002237,[51002961] RADIADOR COMPLETO P/DUMPER EPIROC MT2200 5590022437 SOLPED 1300056864,1.0,COMPAÑIA MINERA CHUNGAR S.A.C.,Arnold Hernández,3.37,4031.8,4031.8,1196.38,1196.38,Componente,10460360,TUERCA HEXAGONAL FIERRO NEGRO G-8 UNC M12,Units,2.0,2.0,0.74,0.74,0.22,0.22
RM-24332,Terminado,Real,2026-07-13,2026-08-01,,026-0011449,F 004-00002237,[51002961] RADIADOR COMPLETO P/DUMPER EPIROC MT2200 5590022437 SOLPED 1300056864,1.0,COMPAÑIA MINERA CHUNGAR S.A.C.,Arnold Hernández,3.37,4031.8,4031.8,1196.38,1196.38,Componente,10460412,"ARANDELA PRESION GALVANIZADA G-8 1/2""",Units,6.0,6.0,1.32,1.32,0.39,0.39
RM-24332,Terminado,Real,2026-07-13,2026-08-01,,026-0011449,F 004-00002237,[51002961] RADIADOR COMPLETO P/DUMPER EPIROC MT2200 5590022437 SOLPED 1300056864,1.0,COMPAÑIA MINERA CHUNGAR S.A.C.,Arnold Hernández,3.37,4031.8,4031.8,1196.38,1196.38,Componente,20100159,"TUBO DESMONT. CU 40.00"" ""M"" RINTUSAC (RINTUSAC)",Units,85.0,85.0,2998.16,2998.16,889.66,889.66
RM-24332,Terminado,Real,2026-07-13,2026-08-01,,026-0011449,F 004-00002237,[51002961] RADIADOR COMPLETO P/DUMPER EPIROC MT2200 5590022437 SOLPED 1300056864,1.0,COMPAÑIA MINERA CHUNGAR S.A.C.,Arnold Hernández,3.37,4031.8,4031.8,1196.38,1196.38,Componente,10300051,"CINTA TEFLON SHURTAPE 1/2""",Ro,2.0,2.0,0.85,0.85,0.25,0.25
RM-24332,Terminado,Real,2026-07-13,2026-08-01,,026-0011449,F 004-00002237,[51002961] RADIADOR COMPLETO P/DUMPER EPIROC MT2200 5590022437 SOLPED 1300056864,1.0,COMPAÑIA MINERA CHUNGAR S.A.C.,Arnold Hernández,3.37,4031.8,4031.8,1196.38,1196.38,Componente,10220105,"LISTON MADERA CATAHUA 1"" x 4"" X 10┤",Units,14.0,14.0,229.96,229.96,68.24,68.24
RM-24332,Terminado,Real,2026-07-13,2026-08-01,,026-0011449,F 004-00002237,[51002961] RADIADOR COMPLETO P/DUMPER EPIROC MT2200 5590022437 SOLPED 1300056864,1.0,COMPAÑIA MINERA CHUNGAR S.A.C.,Arnold Hernández,3.37,4031.8,4031.8,1196.38,1196.38,Componente,10220011,"LISTON MADERA COPAHIBA 1 3/4"" * 3 1/2"" * 8┤",Units,1.0,1.0,45.37,45.37,13.46,13.46
RM-24332,Terminado,Real,2026-07-13,2026-08-01,,026-0011449,F 004-00002237,[51002961] RADIADOR COMPLETO P/DUMPER EPIROC MT2200 5590022437 SOLPED 1300056864,1.0,COMPAÑIA MINERA CHUNGAR S.A.C.,Arnold Hernández,3.37,4031.8,4031.8,1196.38,1196.38,Componente,10220001,"CLAVO MADERA PISTOLA 1 1/2"" (CAJA 30 ROLLOS)",Ro,1.0,1.0,3.2800000000000002,3.2800000000000002,0.97,0.97
RM-24332,Terminado,Real,2026-07-13,2026-08-01,,026-0011449,F 004-00002237,[51002961] RADIADOR COMPLETO P/DUMPER EPIROC MT2200 5590022437 SOLPED 1300056864,1.0,COMPAÑIA MINERA CHUNGAR S.A.C.,Arnold Hernández,3.37,4031.8,4031.8,1196.38,1196.38,Componente,10220002,"CLAVO MADERA PISTOLA 2"" (CAJA 30 ROLLOS / 28 KG)",Ro,1.0,1.0,4.1,4.1,1.22,1.22
RM-24332,Terminado,Real,2026-07-13,2026-08-01,,026-0011449,F 004-00002237,[51002961] RADIADOR COMPLETO P/DUMPER EPIROC MT2200 5590022437 SOLPED 1300056864,1.0,COMPAÑIA MINERA CHUNGAR S.A.C.,Arnold Hernández,3.37,4031.8,4031.8,1196.38,1196.38,Componente,10220005,CARTON CORRUGADO ROLLO 1.64 MT X 50 KG=5 (6 METROS),kg,1.8,1.8,10.49,10.49,3.11,3.11
RM-24332,Terminado,Real,2026-07-13,2026-08-01,,026-0011449,F 004-00002237,[51002961] RADIADOR COMPLETO P/DUMPER EPIROC MT2200 5590022437 SOLPED 1300056864,1.0,COMPAÑIA MINERA CHUNGAR S.A.C.,Arnold Hernández,3.37,4031.8,4031.8,1196.38,1196.38,Componente,10100121,"MOTA PULIDORA PARA ACERO INOXIDABLE 4 1/2"" NO. 80",Units,2.0,2.0,31.490000000000002,31.490000000000002,9.34,9.34
RM-24332,Terminado,Real,2026-07-13,2026-08-01,,026-0011449,F 004-00002237,[51002961] RADIADOR COMPLETO P/DUMPER EPIROC MT2200 5590022437 SOLPED 1300056864,1.0,COMPAÑIA MINERA CHUNGAR S.A.C.,Arnold Hernández,3.37,4031.8,4031.8,1196.38,1196.38,Componente,10460361,TUERCA HEXAGONAL FIERRO NEGRO G-8 UNC M10,Units,8.0,8.0,1.04,1.04,0.31,0.31
RM-24332,Terminado,Real,2026-07-13,2026-08-01,,026-0011449,F 004-00002237,[51002961] RADIADOR COMPLETO P/DUMPER EPIROC MT2200 5590022437 SOLPED 1300056864,1.0,COMPAÑIA MINERA CHUNGAR S.A.C.,Arnold Hernández,3.37,4031.8,4031.8,1196.38,1196.38,Componente,40600464,"GRAPA  DESMONT. TIPO ""V"" HEATEX  M/HTX-80110 V2024",Units,44.0,44.0,54.01,54.01,16.03,16.03
RM-24332,Terminado,Real,2026-07-13,2026-08-01,,026-0011449,F 004-00002237,[51002961] RADIADOR COMPLETO P/DUMPER EPIROC MT2200 5590022437 SOLPED 1300056864,1.0,COMPAÑIA MINERA CHUNGAR S.A.C.,Arnold Hernández,3.37,4031.8,4031.8,1196.38,1196.38,Componente,10460198,PERNO HEXAGONAL FIERRO NEGRO G-8 UNC M12 x 25mm,Units,4.0,4.0,2.56,2.56,0.76,0.76
RM-24332,Terminado,Real,2026-07-13,2026-08-01,,026-0011449,F 004-00002237,[51002961] RADIADOR COMPLETO P/DUMPER EPIROC MT2200 5590022437 SOLPED 1300056864,1.0,COMPAÑIA MINERA CHUNGAR S.A.C.,Arnold Hernández,3.37,4031.8,4031.8,1196.38,1196.38,Componente,10460199,PERNO HEXAGONAL FIERRO NEGRO G-8 UNC M12 x 30mm,Units,2.0,2.0,1.59,1.59,0.47,0.47
RM-24332,Terminado,Real,2026-07-13,2026-08-01,,026-0011449,F 004-00002237,[51002961] RADIADOR COMPLETO P/DUMPER EPIROC MT2200 5590022437 SOLPED 1300056864,1.0,COMPAÑIA MINERA CHUNGAR S.A.C.,Arnold Hernández,3.37,4031.8,4031.8,1196.38,1196.38,Componente,10460019,ARANDELA PLANA GALVANIZADA G-5 M12,Units,8.0,8.0,1.18,1.18,0.35,0.35
RM-24332,Terminado,Real,2026-07-13,2026-08-01,,026-0011449,F 004-00002237,[51002961] RADIADOR COMPLETO P/DUMPER EPIROC MT2200 5590022437 SOLPED 1300056864,1.0,COMPAÑIA MINERA CHUNGAR S.A.C.,Arnold Hernández,3.37,4031.8,4031.8,1196.38,1196.38,Operacion,,MANTENIMIENTO: RM-24332 - INSPECCION,Horas,0.35333333333333333,0.35333333333333333,5.44,5.44,1.61,1.61
RM-24332,Terminado,Real,2026-07-13,2026-08-01,,026-0011449,F 004-00002237,[51002961] RADIADOR COMPLETO P/DUMPER EPIROC MT2200 5590022437 SOLPED 1300056864,1.0,COMPAÑIA MINERA CHUNGAR S.A.C.,Arnold Hernández,3.37,4031.8,4031.8,1196.38,1196.38,Operacion,,MANTENIMIENTO: RM-24332 - DESMONTAGE DE TUBOS,Horas,1.25,1.25,19.26,19.26,5.72,5.72
RM-24332,Terminado,Real,2026-07-13,2026-08-01,,026-0011449,F 004-00002237,[51002961] RADIADOR COMPLETO P/DUMPER EPIROC MT2200 5590022437 SOLPED 1300056864,1.0,COMPAÑIA MINERA CHUNGAR S.A.C.,Arnold Hernández,3.37,4031.8,4031.8,1196.38,1196.38,Operacion,,MANTENIMIENTO: RM-24332 - LIJADO DE ESTRUCTURA,Horas,1.45,1.45,22.34,22.34,6.63,6.63
RM-24332,Terminado,Real,2026-07-13,2026-08-01,,026-0011449,F 004-00002237,[51002961] RADIADOR COMPLETO P/DUMPER EPIROC MT2200 5590022437 SOLPED 1300056864,1.0,COMPAÑIA MINERA CHUNGAR S.A.C.,Arnold Hernández,3.37,4031.8,4031.8,1196.38,1196.38,Operacion,,MANTENIMIENTO: RM-24332 - LIJADO,Horas,1.8666666666666667,1.8666666666666667,28.77,28.77,8.54,8.54
RM-24332,Terminado,Real,2026-07-13,2026-08-01,,026-0011449,F 004-00002237,[51002961] RADIADOR COMPLETO P/DUMPER EPIROC MT2200 5590022437 SOLPED 1300056864,1.0,COMPAÑIA MINERA CHUNGAR S.A.C.,Arnold Hernández,3.37,4031.8,4031.8,1196.38,1196.38,Operacion,,MANTENIMIENTO: RM-24332 - PINTADO,Horas,0.8883333333333333,0.8883333333333333,13.69,13.69,4.06,4.06
RM-24332,Terminado,Real,2026-07-13,2026-08-01,,026-0011449,F 004-00002237,[51002961] RADIADOR COMPLETO P/DUMPER EPIROC MT2200 5590022437 SOLPED 1300056864,1.0,COMPAÑIA MINERA CHUNGAR S.A.C.,Arnold Hernández,3.37,4031.8,4031.8,1196.38,1196.38,Operacion,,MANTENIMIENTO: RM-24332 - MNTAGE DE TUBOS,Horas,3.82,3.82,58.870000000000005,58.870000000000005,17.47,17.47
RM-24332,Terminado,Real,2026-07-13,2026-08-01,,026-0011449,F 004-00002237,[51002961] RADIADOR COMPLETO P/DUMPER EPIROC MT2200 5590022437 SOLPED 1300056864,1.0,COMPAÑIA MINERA CHUNGAR S.A.C.,Arnold Hernández,3.37,4031.8,4031.8,1196.38,1196.38,Operacion,,TORNERIA: RM-24332 - FABRICACION DE BRIDA (2 PIEZAS),Horas,1.9253333333333333,1.9253333333333333,42.72,42.72,12.68,12.68
RM-24332,Terminado,Real,2026-07-13,2026-08-01,,026-0011449,F 004-00002237,[51002961] RADIADOR COMPLETO P/DUMPER EPIROC MT2200 5590022437 SOLPED 1300056864,1.0,COMPAÑIA MINERA CHUNGAR S.A.C.,Arnold Hernández,3.37,4031.8,4031.8,1196.38,1196.38,Operacion,,SEGUNDO ALEJANDRO SANTILLAN ZUÑIGA: RM-24332 - INSPECCION,Horas,0.35333333333333333,0.35333333333333333,0.0,0.0,0.0,0.0
RM-24332,Terminado,Real,2026-07-13,2026-08-01,,026-0011449,F 004-00002237,[51002961] RADIADOR COMPLETO P/DUMPER EPIROC MT2200 5590022437 SOLPED 1300056864,1.0,COMPAÑIA MINERA CHUNGAR S.A.C.,Arnold Hernández,3.37,4031.8,4031.8,1196.38,1196.38,Operacion,,SEGUNDO ALEJANDRO SANTILLAN ZUÑIGA: RM-24332 - DESMONTAGE DE TUBOS,Horas,1.25,1.25,0.0,0.0,0.0,0.0
RM-24332,Terminado,Real,2026-07-13,2026-08-01,,026-0011449,F 004-00002237,[51002961] RADIADOR COMPLETO P/DUMPER EPIROC MT2200 5590022437 SOLPED 1300056864,1.0,COMPAÑIA MINERA CHUNGAR S.A.C.,Arnold Hernández,3.37,4031.8,4031.8,1196.38,1196.38,Operacion,,SEGUNDO ALEJANDRO SANTILLAN ZUÑIGA: RM-24332 - LIJADO DE ESTRUCTURA,Horas,1.45,1.45,0.0,0.0,0.0,0.0
RM-24332,Terminado,Real,2026-07-13,2026-08-01,,026-0011449,F 004-00002237,[51002961] RADIADOR COMPLETO P/DUMPER EPIROC MT2200 5590022437 SOLPED 1300056864,1.0,COMPAÑIA MINERA CHUNGAR S.A.C.,Arnold Hernández,3.37,4031.8,4031.8,1196.38,1196.38,Operacion,,SEGUNDO ALEJANDRO SANTILLAN ZUÑIGA: RM-24332 - LIJADO,Horas,1.8666666666666667,1.8666666666666667,0.0,0.0,0.0,0.0
RM-24332,Terminado,Real,2026-07-13,2026-08-01,,026-0011449,F 004-00002237,[51002961] RADIADOR COMPLETO P/DUMPER EPIROC MT2200 5590022437 SOLPED 1300056864,1.0,COMPAÑIA MINERA CHUNGAR S.A.C.,Arnold Hernández,3.37,4031.8,4031.8,1196.38,1196.38,Operacion,,SEGUNDO ALEJANDRO SANTILLAN ZUÑIGA: RM-24332 - PINTADO,Horas,0.8883333333333333,0.8883333333333333,0.0,0.0,0.0,0.0
RM-24332,Terminado,Real,2026-07-13,2026-08-01,,026-0011449,F 004-00002237,[51002961] RADIADOR COMPLETO P/DUMPER EPIROC MT2200 5590022437 SOLPED 1300056864,1.0,COMPAÑIA MINERA CHUNGAR S.A.C.,Arnold Hernández,3.37,4031.8,4031.8,1196.38,1196.38,Operacion,,SEGUNDO ALEJANDRO SANTILLAN ZUÑIGA: RM-24332 - MNTAGE DE TUBOS,Horas,3.82,3.82,0.0,0.0,0.0,0.0
RM-24332,Terminado,Real,2026-07-13,2026-08-01,,026-0011449,F 004-00002237,[51002961] RADIADOR COMPLETO P/DUMPER EPIROC MT2200 5590022437 SOLPED 1300056864,1.0,COMPAÑIA MINERA CHUNGAR S.A.C.,Arnold Hernández,3.37,4031.8,4031.8,1196.38,1196.38,Operacion,,SEGUNDO ALEJANDRO SANTILLAN ZUÑIGA: RM-24332 - FABRICACION DE BRIDA (2 PIEZAS),Horas,1.9253333333333333,1.9253333333333333,0.0,0.0,0.0,0.0
RM-24550,Terminado,Real,2026-07-14,2026-08-03,,026-0011876,F 004-00002243,[51002656] RADIADOR COMPLETO R1600H SC-79 ,1.0,GESTION MINERA INTEGRAL S.A.C.,Mercedes Quispe,3.361,3082.42,3082.42,917.11,917.11,Componente,10460143,"PERNO HEXAGONAL FIERRO NEGRO G-8 UNC 5/16"" x 1 1/4""",Units,144.0,144.0,26.560000000000002,26.560000000000002,7.9,7.9
RM-24550,Terminado,Real,2026-07-14,2026-08-03,,026-0011876,F 004-00002243,[51002656] RADIADOR COMPLETO R1600H SC-79 ,1.0,GESTION MINERA INTEGRAL S.A.C.,Mercedes Quispe,3.361,3082.42,3082.42,917.11,917.11,Componente,40600476,SELLO DESMONT. C / CANAL HEATEX 721201B V2,Units,116.0,116.0,239.32,239.32,71.2,71.2
RM-24550,Terminado,Real,2026-07-14,2026-08-03,,026-0011876,F 004-00002243,[51002656] RADIADOR COMPLETO R1600H SC-79 ,1.0,GESTION MINERA INTEGRAL S.A.C.,Mercedes Quispe,3.361,3082.42,3082.42,917.11,917.11,Componente,40600477,SELLO DESMONT. S / CANAL HEATEX 721201T V2,Units,116.0,116.0,237.45000000000002,237.45000000000002,70.65,70.65
RM-24550,Terminado,Real,2026-07-14,2026-08-03,,026-0011876,F 004-00002243,[51002656] RADIADOR COMPLETO R1600H SC-79 ,1.0,GESTION MINERA INTEGRAL S.A.C.,Mercedes Quispe,3.361,3082.42,3082.42,917.11,917.11,Componente,40600321,"FIELTRO INDUSTRIAL 3/4"" * 1"" N/P 33082",in,50.0,50.0,6.57,6.57,1.95,1.95
RM-24550,Terminado,Real,2026-07-14,2026-08-03,,026-0011876,F 004-00002243,[51002656] RADIADOR COMPLETO R1600H SC-79 ,1.0,GESTION MINERA INTEGRAL S.A.C.,Mercedes Quispe,3.361,3082.42,3082.42,917.11,917.11,Componente,40600322,"FIELTRO INDUSTRIAL 3/4"" * 1/2"" N/P 33083",in,50.0,50.0,3.35,3.35,1.0,1.0
RM-24550,Terminado,Real,2026-07-14,2026-08-03,,026-0011876,F 004-00002243,[51002656] RADIADOR COMPLETO R1600H SC-79 ,1.0,GESTION MINERA INTEGRAL S.A.C.,Mercedes Quispe,3.361,3082.42,3082.42,917.11,917.11,Componente,10240102,"EMPAQUETADURA VITORITE 1/16"" X 01 MT",m,0.4,0.4,16.95,16.95,5.04,5.04
RM-24550,Terminado,Real,2026-07-14,2026-08-03,,026-0011876,F 004-00002243,[51002656] RADIADOR COMPLETO R1600H SC-79 ,1.0,GESTION MINERA INTEGRAL S.A.C.,Mercedes Quispe,3.361,3082.42,3082.42,917.11,917.11,Componente,10240393,PLANCHA KLINGERSIL C-4400 2 m X 1.5 mX1.5MM (copia),m²,0.4,0.4,42.14,42.14,12.54,12.54
RM-24550,Terminado,Real,2026-07-14,2026-08-03,,026-0011876,F 004-00002243,[51002656] RADIADOR COMPLETO R1600H SC-79 ,1.0,GESTION MINERA INTEGRAL S.A.C.,Mercedes Quispe,3.361,3082.42,3082.42,917.11,917.11,Componente,10240107,FORMADOR EMPAQUETADURA TIPO AVIACION 3H X 143 GR,Units,1.0,1.0,9.1,9.1,2.71,2.71
RM-24550,Terminado,Real,2026-07-14,2026-08-03,,026-0011876,F 004-00002243,[51002656] RADIADOR COMPLETO R1600H SC-79 ,1.0,GESTION MINERA INTEGRAL S.A.C.,Mercedes Quispe,3.361,3082.42,3082.42,917.11,917.11,Componente,40350001,SOPORTE RADIADOR CTP N / P 7N7988,Units,2.0,2.0,238.99,238.99,71.11,71.11
RM-24550,Terminado,Real,2026-07-14,2026-08-03,,026-0011876,F 004-00002243,[51002656] RADIADOR COMPLETO R1600H SC-79 ,1.0,GESTION MINERA INTEGRAL S.A.C.,Mercedes Quispe,3.361,3082.42,3082.42,917.11,917.11,Componente,10460134,"PERNO HEXAGONAL FIERRO NEGRO G-8 UNC 3/8"" * 1""",Units,34.0,34.0,10.040000000000001,10.040000000000001,2.99,2.99
RM-24550,Terminado,Real,2026-07-14,2026-08-03,,026-0011876,F 004-00002243,[51002656] RADIADOR COMPLETO R1600H SC-79 ,1.0,GESTION MINERA INTEGRAL S.A.C.,Mercedes Quispe,3.361,3082.42,3082.42,917.11,917.11,Componente,10460011,"ARANDELA PLANA GALVANIZADA G-5 3/8""",Units,34.0,34.0,2.67,2.67,0.79,0.79
RM-24550,Terminado,Real,2026-07-14,2026-08-03,,026-0011876,F 004-00002243,[51002656] RADIADOR COMPLETO R1600H SC-79 ,1.0,GESTION MINERA INTEGRAL S.A.C.,Mercedes Quispe,3.361,3082.42,3082.42,917.11,917.11,Componente,10460368,"TUERCA HEXAGONAL FIERRO NEGRO G-8 UNC 3/8""",Units,10.0,10.0,0.92,0.92,0.27,0.27
RM-24550,Terminado,Real,2026-07-14,2026-08-03,,026-0011876,F 004-00002243,[51002656] RADIADOR COMPLETO R1600H SC-79 ,1.0,GESTION MINERA INTEGRAL S.A.C.,Mercedes Quispe,3.361,3082.42,3082.42,917.11,917.11,Componente,10460040,"ARANDELA PRESION FIERRO NEGRO G-8 3/8""",Units,10.0,10.0,0.38,0.38,0.11,0.11
RM-24550,Terminado,Real,2026-07-14,2026-08-03,,026-0011876,F 004-00002243,[51002656] RADIADOR COMPLETO R1600H SC-79 ,1.0,GESTION MINERA INTEGRAL S.A.C.,Mercedes Quispe,3.361,3082.42,3082.42,917.11,917.11,Componente,10480007,ADITIVO ACRILICO - THINNER (CILINDRO 55 GALONES),gal (US),1.0,1.0,25.76,25.76,7.66,7.66
RM-24550,Terminado,Real,2026-07-14,2026-08-03,,026-0011876,F 004-00002243,[51002656] RADIADOR COMPLETO R1600H SC-79 ,1.0,GESTION MINERA INTEGRAL S.A.C.,Mercedes Quispe,3.361,3082.42,3082.42,917.11,917.11,Componente,10480017,PINTURA ESMALTE INDUSTRIAL NEGRO-MATE 1GL ,gal (US),1.0,1.0,59.33,59.33,17.65,17.65
RM-24550,Terminado,Real,2026-07-14,2026-08-03,,026-0011876,F 004-00002243,[51002656] RADIADOR COMPLETO R1600H SC-79 ,1.0,GESTION MINERA INTEGRAL S.A.C.,Mercedes Quispe,3.361,3082.42,3082.42,917.11,917.11,Componente,10480003,BASE ANTICORROSIVO AL ACEITE GRIS AUTOMOTRIZ (1 GALON),gal (US),1.0,1.0,40.68,40.68,12.1,12.1
RM-24550,Terminado,Real,2026-07-14,2026-08-03,,026-0011876,F 004-00002243,[51002656] RADIADOR COMPLETO R1600H SC-79 ,1.0,GESTION MINERA INTEGRAL S.A.C.,Mercedes Quispe,3.361,3082.42,3082.42,917.11,917.11,Componente,10100052,LIJA PLIEGO TELA P/METAL G. 60 - 2 (230X280MM),Units,4.0,4.0,9.02,9.02,2.68,2.68
RM-24550,Terminado,Real,2026-07-14,2026-08-03,,026-0011876,F 004-00002243,[51002656] RADIADOR COMPLETO R1600H SC-79 ,1.0,GESTION MINERA INTEGRAL S.A.C.,Mercedes Quispe,3.361,3082.42,3082.42,917.11,917.11,Componente,10100051,LIJA PLIEGO TELA P/METAL G. 40 - 3 (230X280MM),Units,4.0,4.0,8.700000000000001,8.700000000000001,2.59,2.59
RM-24550,Terminado,Real,2026-07-14,2026-08-03,,026-0011876,F 004-00002243,[51002656] RADIADOR COMPLETO R1600H SC-79 ,1.0,GESTION MINERA INTEGRAL S.A.C.,Mercedes Quispe,3.361,3082.42,3082.42,917.11,917.11,Componente,10220016,"STRETCH FILM TRANSPARENTE BOBINA 12"" X 20 MICRAS X 1.20 KM",Ro,1.0,1.0,13.450000000000001,13.450000000000001,4.0,4.0
RM-24550,Terminado,Real,2026-07-14,2026-08-03,,026-0011876,F 004-00002243,[51002656] RADIADOR COMPLETO R1600H SC-79 ,1.0,GESTION MINERA INTEGRAL S.A.C.,Mercedes Quispe,3.361,3082.42,3082.42,917.11,917.11,Componente,20100144,ALUMINUM FOIL 0.15x175mm (copiar),Units,30.0,30.0,1171.3,1171.3,348.5,348.5
RM-24550,Terminado,Real,2026-07-14,2026-08-03,,026-0011876,F 004-00002243,[51002656] RADIADOR COMPLETO R1600H SC-79 ,1.0,GESTION MINERA INTEGRAL S.A.C.,Mercedes Quispe,3.361,3082.42,3082.42,917.11,917.11,Componente,40600464,"GRAPA  DESMONT. TIPO ""V"" HEATEX  M/HTX-80110 V2024",Units,40.0,40.0,49.1,49.1,14.61,14.61
RM-24550,Terminado,Real,2026-07-14,2026-08-03,,026-0011876,F 004-00002243,[51002656] RADIADOR COMPLETO R1600H SC-79 ,1.0,GESTION MINERA INTEGRAL S.A.C.,Mercedes Quispe,3.361,3082.42,3082.42,917.11,917.11,Componente,10520082,SAL INDUSTRIAL X SACO (copiar),gal (US),5.0,5.0,272.85,272.85,81.18,81.18
RM-24550,Terminado,Real,2026-07-14,2026-08-03,,026-0011876,F 004-00002243,[51002656] RADIADOR COMPLETO R1600H SC-79 ,1.0,GESTION MINERA INTEGRAL S.A.C.,Mercedes Quispe,3.361,3082.42,3082.42,917.11,917.11,Componente,40600417,ENFRIADOR DE AIRE 853693 P/. DESATADOR PAUS PSCALE 8T (copiar),Units,5.0,5.0,121.62,121.62,36.19,36.19
RM-24550,Terminado,Real,2026-07-14,2026-08-03,,026-0011876,F 004-00002243,[51002656] RADIADOR COMPLETO R1600H SC-79 ,1.0,GESTION MINERA INTEGRAL S.A.C.,Mercedes Quispe,3.361,3082.42,3082.42,917.11,917.11,Componente,10100052,LIJA PLIEGO TELA P/METAL G. 60 - 2 (230X280MM),Units,5.0,5.0,11.28,11.28,3.36,3.36
RM-24550,Terminado,Real,2026-07-14,2026-08-03,,026-0011876,F 004-00002243,[51002656] RADIADOR COMPLETO R1600H SC-79 ,1.0,GESTION MINERA INTEGRAL S.A.C.,Mercedes Quispe,3.361,3082.42,3082.42,917.11,917.11,Componente,10100121,"MOTA PULIDORA PARA ACERO INOXIDABLE 4 1/2"" NO. 80",Units,2.0,2.0,31.490000000000002,31.490000000000002,9.37,9.37
RM-24550,Terminado,Real,2026-07-14,2026-08-03,,026-0011876,F 004-00002243,[51002656] RADIADOR COMPLETO R1600H SC-79 ,1.0,GESTION MINERA INTEGRAL S.A.C.,Mercedes Quispe,3.361,3082.42,3082.42,917.11,917.11,Componente,10460367,"TUERCA HEXAGONAL FIERRO NEGRO G-8 UNC 5/16""",Units,142.0,142.0,9.25,9.25,2.75,2.75
RM-24550,Terminado,Real,2026-07-14,2026-08-03,,026-0011876,F 004-00002243,[51002656] RADIADOR COMPLETO R1600H SC-79 ,1.0,GESTION MINERA INTEGRAL S.A.C.,Mercedes Quispe,3.361,3082.42,3082.42,917.11,917.11,Componente,10460041,"ARANDELA PRESION FIERRO NEGRO G-8 5/16""",Units,142.0,142.0,4.5600000000000005,4.5600000000000005,1.36,1.36
RM-24550,Terminado,Real,2026-07-14,2026-08-03,,026-0011876,F 004-00002243,[51002656] RADIADOR COMPLETO R1600H SC-79 ,1.0,GESTION MINERA INTEGRAL S.A.C.,Mercedes Quispe,3.361,3082.42,3082.42,917.11,917.11,Componente,10300037,"REMACHE 3/16"" * 3/4""",Units,20.0,20.0,1.22,1.22,0.36,0.36
RM-24550,Terminado,Real,2026-07-14,2026-08-03,,026-0011876,F 004-00002243,[51002656] RADIADOR COMPLETO R1600H SC-79 ,1.0,GESTION MINERA INTEGRAL S.A.C.,Mercedes Quispe,3.361,3082.42,3082.42,917.11,917.11,Componente,10240050,"JEBE NATURAL LONADO 1/4"" (6MM) X 1.20 MT (copia)",m²,0.4796,0.4796,33.3,33.3,9.91,9.91
RM-24550,Terminado,Real,2026-07-14,2026-08-03,,026-0011876,F 004-00002243,[51002656] RADIADOR COMPLETO R1600H SC-79 ,1.0,GESTION MINERA INTEGRAL S.A.C.,Mercedes Quispe,3.361,3082.42,3082.42,917.11,917.11,Componente,10220005,CARTON CORRUGADO ROLLO 1.64 MT X 50 KG=5 (6 METROS),kg,0.675,0.675,3.93,3.93,1.17,1.17
RM-24550,Terminado,Real,2026-07-14,2026-08-03,,026-0011876,F 004-00002243,[51002656] RADIADOR COMPLETO R1600H SC-79 ,1.0,GESTION MINERA INTEGRAL S.A.C.,Mercedes Quispe,3.361,3082.42,3082.42,917.11,917.11,Componente,10560162,"TAPON HEXAGONAL ACERO FORJADO CIEGO NPT 1/4""",Units,2.0,2.0,13.120000000000001,13.120000000000001,3.9,3.9
RM-24550,Terminado,Real,2026-07-14,2026-08-03,,026-0011876,F 004-00002243,[51002656] RADIADOR COMPLETO R1600H SC-79 ,1.0,GESTION MINERA INTEGRAL S.A.C.,Mercedes Quispe,3.361,3082.42,3082.42,917.11,917.11,Componente,10300051,"CINTA TEFLON SHURTAPE 1/2""",Ro,1.0,1.0,0.43,0.43,0.13,0.13
RM-24550,Terminado,Real,2026-07-14,2026-08-03,,026-0011876,F 004-00002243,[51002656] RADIADOR COMPLETO R1600H SC-79 ,1.0,GESTION MINERA INTEGRAL S.A.C.,Mercedes Quispe,3.361,3082.42,3082.42,917.11,917.11,Componente,10100053,LIJA PLIEGO TELA P/METAL G. 80 - 1.1/2 (230X280MM),Units,5.0,5.0,9.72,9.72,2.89,2.89
RM-24550,Terminado,Real,2026-07-14,2026-08-03,,026-0011876,F 004-00002243,[51002656] RADIADOR COMPLETO R1600H SC-79 ,1.0,GESTION MINERA INTEGRAL S.A.C.,Mercedes Quispe,3.361,3082.42,3082.42,917.11,917.11,Operacion,,MANTENIMIENTO: RM-24550 - INSPECCION,Horas,0.4821666666666667,0.4821666666666667,7.43,7.43,2.21,2.21
RM-24550,Terminado,Real,2026-07-14,2026-08-03,,026-0011876,F 004-00002243,[51002656] RADIADOR COMPLETO R1600H SC-79 ,1.0,GESTION MINERA INTEGRAL S.A.C.,Mercedes Quispe,3.361,3082.42,3082.42,917.11,917.11,Operacion,,MANTENIMIENTO: RM-24550 - DESMONTGE,Horas,0.6486666666666667,0.6486666666666667,10.0,10.0,2.98,2.98
RM-24550,Terminado,Real,2026-07-14,2026-08-03,,026-0011876,F 004-00002243,[51002656] RADIADOR COMPLETO R1600H SC-79 ,1.0,GESTION MINERA INTEGRAL S.A.C.,Mercedes Quispe,3.361,3082.42,3082.42,917.11,917.11,Operacion,,LAVADO: RM-24550 - LAVAR,Horas,1.5,1.5,26.07,26.07,7.76,7.76
RM-24550,Terminado,Real,2026-07-14,2026-08-03,,026-0011876,F 004-00002243,[51002656] RADIADOR COMPLETO R1600H SC-79 ,1.0,GESTION MINERA INTEGRAL S.A.C.,Mercedes Quispe,3.361,3082.42,3082.42,917.11,917.11,Operacion,,PRUEBAS: RM-24550 - PRUEBA NEUMATICA RAD DE REFRIGERANTE,Horas,2.100833333333333,2.100833333333333,35.08,35.08,10.44,10.44
RM-24550,Terminado,Real,2026-07-14,2026-08-03,,026-0011876,F 004-00002243,[51002656] RADIADOR COMPLETO R1600H SC-79 ,1.0,GESTION MINERA INTEGRAL S.A.C.,Mercedes Quispe,3.361,3082.42,3082.42,917.11,917.11,Operacion,,MANTENIMIENTO: RM-24550 - DESMONTAJE DE TUBOS,Horas,1.6308333333333331,1.6308333333333331,25.13,25.13,7.48,7.48
RM-24550,Terminado,Real,2026-07-14,2026-08-03,,026-0011876,F 004-00002243,[51002656] RADIADOR COMPLETO R1600H SC-79 ,1.0,GESTION MINERA INTEGRAL S.A.C.,Mercedes Quispe,3.361,3082.42,3082.42,917.11,917.11,Operacion,,PRUEBAS: RM-24550 - PRUEBA COMBUSTIBLE,Horas,0.8005,0.8005,13.370000000000001,13.370000000000001,3.98,3.98
RM-24550,Terminado,Real,2026-07-14,2026-08-03,,026-0011876,F 004-00002243,[51002656] RADIADOR COMPLETO R1600H SC-79 ,1.0,GESTION MINERA INTEGRAL S.A.C.,Mercedes Quispe,3.361,3082.42,3082.42,917.11,917.11,Operacion,,MANTENIMIENTO: RM-24550 - LIJADO DE TINAS,Horas,0.9235,0.9235,14.23,14.23,4.23,4.23
RM-24550,Terminado,Real,2026-07-14,2026-08-03,,026-0011876,F 004-00002243,[51002656] RADIADOR COMPLETO R1600H SC-79 ,1.0,GESTION MINERA INTEGRAL S.A.C.,Mercedes Quispe,3.361,3082.42,3082.42,917.11,917.11,Operacion,,PINTURA: RM-24550 - PINTADO DE TINAS,Horas,0.6291666666666667,0.6291666666666667,11.8,11.8,3.51,3.51
RM-24550,Terminado,Real,2026-07-14,2026-08-03,,026-0011876,F 004-00002243,[51002656] RADIADOR COMPLETO R1600H SC-79 ,1.0,GESTION MINERA INTEGRAL S.A.C.,Mercedes Quispe,3.361,3082.42,3082.42,917.11,917.11,Operacion,,MANTENIMIENTO: RM-24550 - LIJADO DE ESTRUTURA,Horas,1.343,1.343,20.7,20.7,6.16,6.16
RM-24550,Terminado,Real,2026-07-14,2026-08-03,,026-0011876,F 004-00002243,[51002656] RADIADOR COMPLETO R1600H SC-79 ,1.0,GESTION MINERA INTEGRAL S.A.C.,Mercedes Quispe,3.361,3082.42,3082.42,917.11,917.11,Operacion,,PINTURA: RM-24550 - PINTADO DE ESTRUTURA,Horas,0.7585000000000001,0.7585000000000001,14.23,14.23,4.23,4.23
RM-24550,Terminado,Real,2026-07-14,2026-08-03,,026-0011876,F 004-00002243,[51002656] RADIADOR COMPLETO R1600H SC-79 ,1.0,GESTION MINERA INTEGRAL S.A.C.,Mercedes Quispe,3.361,3082.42,3082.42,917.11,917.11,Operacion,,MANTENIMIENTO: RM-24550 - MONTAGE DE TINAS AIRE,Horas,2.4183333333333334,2.4183333333333334,37.27,37.27,11.09,11.09
RM-24550,Terminado,Real,2026-07-14,2026-08-03,,026-0011876,F 004-00002243,[51002656] RADIADOR COMPLETO R1600H SC-79 ,1.0,GESTION MINERA INTEGRAL S.A.C.,Mercedes Quispe,3.361,3082.42,3082.42,917.11,917.11,Operacion,,PRUEBAS: RM-24550 - PRUEBA FINAL AIRE,Horas,2.2554999999999996,2.2554999999999996,37.67,37.67,11.21,11.21
RM-24550,Terminado,Real,2026-07-14,2026-08-03,,026-0011876,F 004-00002243,[51002656] RADIADOR COMPLETO R1600H SC-79 ,1.0,GESTION MINERA INTEGRAL S.A.C.,Mercedes Quispe,3.361,3082.42,3082.42,917.11,917.11,Operacion,,MANTENIMIENTO: RM-24550 - MONTAJE DE TUBOS,Horas,1.46,1.46,22.5,22.5,6.69,6.69
RM-24550,Terminado,Real,2026-07-14,2026-08-03,,026-0011876,F 004-00002243,[51002656] RADIADOR COMPLETO R1600H SC-79 ,1.0,GESTION MINERA INTEGRAL S.A.C.,Mercedes Quispe,3.361,3082.42,3082.42,917.11,917.11,Operacion,,MANTENIMIENTO: RM-24550 - MONTAJE DE TINAS,Horas,1.1396666666666666,1.1396666666666666,17.56,17.56,5.22,5.22
RM-24550,Terminado,Real,2026-07-14,2026-08-03,,026-0011876,F 004-00002243,[51002656] RADIADOR COMPLETO R1600H SC-79 ,1.0,GESTION MINERA INTEGRAL S.A.C.,Mercedes Quispe,3.361,3082.42,3082.42,917.11,917.11,Operacion,,PRUEBAS: RM-24550 - PRUEBA FINAL REFRIGERANTE,Horas,0.9508333333333333,0.9508333333333333,15.88,15.88,4.72,4.72
RM-24550,Terminado,Real,2026-07-14,2026-08-03,,026-0011876,F 004-00002243,[51002656] RADIADOR COMPLETO R1600H SC-79 ,1.0,GESTION MINERA INTEGRAL S.A.C.,Mercedes Quispe,3.361,3082.42,3082.42,917.11,917.11,Operacion,,MANTENIMIENTO: RM-24550 - MONTAJE FINAL,Horas,1.6224999999999998,1.6224999999999998,25.0,25.0,7.44,7.44
RM-24550,Terminado,Real,2026-07-14,2026-08-03,,026-0011876,F 004-00002243,[51002656] RADIADOR COMPLETO R1600H SC-79 ,1.0,GESTION MINERA INTEGRAL S.A.C.,Mercedes Quispe,3.361,3082.42,3082.42,917.11,917.11,Operacion,,MANTENIMIENTO: RM-24550 - ACABADOS,Horas,0.9711666666666667,0.9711666666666667,14.97,14.97,4.45,4.45
RM-24550,Terminado,Real,2026-07-14,2026-08-03,,026-0011876,F 004-00002243,[51002656] RADIADOR COMPLETO R1600H SC-79 ,1.0,GESTION MINERA INTEGRAL S.A.C.,Mercedes Quispe,3.361,3082.42,3082.42,917.11,917.11,Operacion,,EMBALAJE: RM-24550 - EMBALAJE,Horas,0.532,0.532,8.99,8.99,2.67,2.67
RM-24550,Terminado,Real,2026-07-14,2026-08-03,,026-0011876,F 004-00002243,[51002656] RADIADOR COMPLETO R1600H SC-79 ,1.0,GESTION MINERA INTEGRAL S.A.C.,Mercedes Quispe,3.361,3082.42,3082.42,917.11,917.11,Operacion,,QUINTANA TACSA ANGEL VICENTE: RM-24550 - INSPECCION,Horas,0.4821666666666667,0.4821666666666667,0.0,0.0,0.0,0.0
RM-24550,Terminado,Real,2026-07-14,2026-08-03,,026-0011876,F 004-00002243,[51002656] RADIADOR COMPLETO R1600H SC-79 ,1.0,GESTION MINERA INTEGRAL S.A.C.,Mercedes Quispe,3.361,3082.42,3082.42,917.11,917.11,Operacion,,SEGUNDO ALEJANDRO SANTILLAN ZUÑIGA: RM-24550 - DESMONTGE,Horas,0.6486666666666667,0.6486666666666667,0.0,0.0,0.0,0.0
RM-24550,Terminado,Real,2026-07-14,2026-08-03,,026-0011876,F 004-00002243,[51002656] RADIADOR COMPLETO R1600H SC-79 ,1.0,GESTION MINERA INTEGRAL S.A.C.,Mercedes Quispe,3.361,3082.42,3082.42,917.11,917.11,Operacion,,SEGUNDO ALEJANDRO SANTILLAN ZUÑIGA: RM-24550 - LAVAR,Horas,1.5,1.5,0.0,0.0,0.0,0.0
RM-24550,Terminado,Real,2026-07-14,2026-08-03,,026-0011876,F 004-00002243,[51002656] RADIADOR COMPLETO R1600H SC-79 ,1.0,GESTION MINERA INTEGRAL S.A.C.,Mercedes Quispe,3.361,3082.42,3082.42,917.11,917.11,Operacion,,SEGUNDO ALEJANDRO SANTILLAN ZUÑIGA: RM-24550 - PRUEBA NEUMATICA RAD DE REFRIGERANTE,Horas,2.100833333333333,2.100833333333333,0.0,0.0,0.0,0.0
RM-24550,Terminado,Real,2026-07-14,2026-08-03,,026-0011876,F 004-00002243,[51002656] RADIADOR COMPLETO R1600H SC-79 ,1.0,GESTION MINERA INTEGRAL S.A.C.,Mercedes Quispe,3.361,3082.42,3082.42,917.11,917.11,Operacion,,SEGUNDO ALEJANDRO SANTILLAN ZUÑIGA: RM-24550 - DESMONTAJE DE TUBOS,Horas,1.6308333333333331,1.6308333333333331,0.0,0.0,0.0,0.0
RM-24550,Terminado,Real,2026-07-14,2026-08-03,,026-0011876,F 004-00002243,[51002656] RADIADOR COMPLETO R1600H SC-79 ,1.0,GESTION MINERA INTEGRAL S.A.C.,Mercedes Quispe,3.361,3082.42,3082.42,917.11,917.11,Operacion,,SEGUNDO ALEJANDRO SANTILLAN ZUÑIGA: RM-24550 - PRUEBA COMBUSTIBLE,Horas,0.8005,0.8005,0.0,0.0,0.0,0.0
RM-24550,Terminado,Real,2026-07-14,2026-08-03,,026-0011876,F 004-00002243,[51002656] RADIADOR COMPLETO R1600H SC-79 ,1.0,GESTION MINERA INTEGRAL S.A.C.,Mercedes Quispe,3.361,3082.42,3082.42,917.11,917.11,Operacion,,SEGUNDO ALEJANDRO SANTILLAN ZUÑIGA: RM-24550 - LIJADO DE TINAS,Horas,0.9235,0.9235,0.0,0.0,0.0,0.0
RM-24550,Terminado,Real,2026-07-14,2026-08-03,,026-0011876,F 004-00002243,[51002656] RADIADOR COMPLETO R1600H SC-79 ,1.0,GESTION MINERA INTEGRAL S.A.C.,Mercedes Quispe,3.361,3082.42,3082.42,917.11,917.11,Operacion,,SEGUNDO ALEJANDRO SANTILLAN ZUÑIGA: RM-24550 - PINTADO DE TINAS,Horas,0.6291666666666667,0.6291666666666667,0.0,0.0,0.0,0.0
RM-24550,Terminado,Real,2026-07-14,2026-08-03,,026-0011876,F 004-00002243,[51002656] RADIADOR COMPLETO R1600H SC-79 ,1.0,GESTION MINERA INTEGRAL S.A.C.,Mercedes Quispe,3.361,3082.42,3082.42,917.11,917.11,Operacion,,SEGUNDO ALEJANDRO SANTILLAN ZUÑIGA: RM-24550 - LIJADO DE ESTRUTURA,Horas,1.343,1.343,0.0,0.0,0.0,0.0
RM-24550,Terminado,Real,2026-07-14,2026-08-03,,026-0011876,F 004-00002243,[51002656] RADIADOR COMPLETO R1600H SC-79 ,1.0,GESTION MINERA INTEGRAL S.A.C.,Mercedes Quispe,3.361,3082.42,3082.42,917.11,917.11,Operacion,,SEGUNDO ALEJANDRO SANTILLAN ZUÑIGA: RM-24550 - PINTADO DE ESTRUTURA,Horas,0.7585000000000001,0.7585000000000001,0.0,0.0,0.0,0.0
RM-24550,Terminado,Real,2026-07-14,2026-08-03,,026-0011876,F 004-00002243,[51002656] RADIADOR COMPLETO R1600H SC-79 ,1.0,GESTION MINERA INTEGRAL S.A.C.,Mercedes Quispe,3.361,3082.42,3082.42,917.11,917.11,Operacion,,SEGUNDO ALEJANDRO SANTILLAN ZUÑIGA: RM-24550 - MONTAGE DE TINAS AIRE,Horas,2.4183333333333334,2.4183333333333334,0.0,0.0,0.0,0.0
RM-24550,Terminado,Real,2026-07-14,2026-08-03,,026-0011876,F 004-00002243,[51002656] RADIADOR COMPLETO R1600H SC-79 ,1.0,GESTION MINERA INTEGRAL S.A.C.,Mercedes Quispe,3.361,3082.42,3082.42,917.11,917.11,Operacion,,SEGUNDO ALEJANDRO SANTILLAN ZUÑIGA: RM-24550 - PRUEBA FINAL AIRE,Horas,2.2554999999999996,2.2554999999999996,0.0,0.0,0.0,0.0
RM-24550,Terminado,Real,2026-07-14,2026-08-03,,026-0011876,F 004-00002243,[51002656] RADIADOR COMPLETO R1600H SC-79 ,1.0,GESTION MINERA INTEGRAL S.A.C.,Mercedes Quispe,3.361,3082.42,3082.42,917.11,917.11,Operacion,,SEGUNDO ALEJANDRO SANTILLAN ZUÑIGA: RM-24550 - MONTAJE DE TUBOS,Horas,1.46,1.46,0.0,0.0,0.0,0.0
RM-24550,Terminado,Real,2026-07-14,2026-08-03,,026-0011876,F 004-00002243,[51002656] RADIADOR COMPLETO R1600H SC-79 ,1.0,GESTION MINERA INTEGRAL S.A.C.,Mercedes Quispe,3.361,3082.42,3082.42,917.11,917.11,Operacion,,SEGUNDO ALEJANDRO SANTILLAN ZUÑIGA: RM-24550 - MONTAJE DE TINAS,Horas,1.1396666666666666,1.1396666666666666,0.0,0.0,0.0,0.0
RM-24550,Terminado,Real,2026-07-14,2026-08-03,,026-0011876,F 004-00002243,[51002656] RADIADOR COMPLETO R1600H SC-79 ,1.0,GESTION MINERA INTEGRAL S.A.C.,Mercedes Quispe,3.361,3082.42,3082.42,917.11,917.11,Operacion,,SEGUNDO ALEJANDRO SANTILLAN ZUÑIGA: RM-24550 - PRUEBA FINAL REFRIGERANTE,Horas,0.9508333333333333,0.9508333333333333,0.0,0.0,0.0,0.0
RM-24550,Terminado,Real,2026-07-14,2026-08-03,,026-0011876,F 004-00002243,[51002656] RADIADOR COMPLETO R1600H SC-79 ,1.0,GESTION MINERA INTEGRAL S.A.C.,Mercedes Quispe,3.361,3082.42,3082.42,917.11,917.11,Operacion,,SEGUNDO ALEJANDRO SANTILLAN ZUÑIGA: RM-24550 - MONTAJE FINAL,Horas,1.6224999999999998,1.6224999999999998,0.0,0.0,0.0,0.0
RM-24550,Terminado,Real,2026-07-14,2026-08-03,,026-0011876,F 004-00002243,[51002656] RADIADOR COMPLETO R1600H SC-79 ,1.0,GESTION MINERA INTEGRAL S.A.C.,Mercedes Quispe,3.361,3082.42,3082.42,917.11,917.11,Operacion,,SEGUNDO ALEJANDRO SANTILLAN ZUÑIGA: RM-24550 - ACABADOS,Horas,0.9711666666666667,0.9711666666666667,0.0,0.0,0.0,0.0
RM-24550,Terminado,Real,2026-07-14,2026-08-03,,026-0011876,F 004-00002243,[51002656] RADIADOR COMPLETO R1600H SC-79 ,1.0,GESTION MINERA INTEGRAL S.A.C.,Mercedes Quispe,3.361,3082.42,3082.42,917.11,917.11,Operacion,,SEGUNDO ALEJANDRO SANTILLAN ZUÑIGA: RM-24550 - EMBALAJE,Horas,0.532,0.532,0.0,0.0,0.0,0.0
RM-24562,Terminado,Real,2026-07-15,2026-08-03,,026-0011835,F 004-00002211,[40600296] RADIADOR COMPLE ALUM. REFRIG R1600H 3860012,1.0,ADMINISTRACION DE EMPRESAS S.A.C.,Arnold Hernández,3.372,6404.75,6404.75,1899.39,1899.39,Componente,10560854,"TAPON HEXAGONAL ACERO TROPICALIZADO  NPT 1/4"" ",Units,2.0,2.0,0.0,0.0,0.0,0.0
RM-24562,Terminado,Real,2026-07-15,2026-08-03,,026-0011835,F 004-00002211,[40600296] RADIADOR COMPLE ALUM. REFRIG R1600H 3860012,1.0,ADMINISTRACION DE EMPRESAS S.A.C.,Arnold Hernández,3.372,6404.75,6404.75,1899.39,1899.39,Componente,10480007,ADITIVO ACRILICO - THINNER (CILINDRO 55 GALONES),gal (US),1.0,1.0,25.76,25.76,7.64,7.64
RM-24562,Terminado,Real,2026-07-15,2026-08-03,,026-0011835,F 004-00002211,[40600296] RADIADOR COMPLE ALUM. REFRIG R1600H 3860012,1.0,ADMINISTRACION DE EMPRESAS S.A.C.,Arnold Hernández,3.372,6404.75,6404.75,1899.39,1899.39,Componente,10220005,CARTON CORRUGADO ROLLO 1.64 MT X 50 KG=5 (6 METROS),kg,1.35,1.35,7.87,7.87,2.33,2.33
RM-24562,Terminado,Real,2026-07-15,2026-08-03,,026-0011835,F 004-00002211,[40600296] RADIADOR COMPLE ALUM. REFRIG R1600H 3860012,1.0,ADMINISTRACION DE EMPRESAS S.A.C.,Arnold Hernández,3.372,6404.75,6404.75,1899.39,1899.39,Componente,10220144,"LISTON MADERA CATAHUA 1"" x 4"" X 3.5 MT",Units,13.0,13.0,208.0,208.0,61.68,61.68
RM-24562,Terminado,Real,2026-07-15,2026-08-03,,026-0011835,F 004-00002211,[40600296] RADIADOR COMPLE ALUM. REFRIG R1600H 3860012,1.0,ADMINISTRACION DE EMPRESAS S.A.C.,Arnold Hernández,3.372,6404.75,6404.75,1899.39,1899.39,Componente,10220011,"LISTON MADERA COPAHIBA 1 3/4"" * 3 1/2"" * 8┤",Units,2.0,2.0,90.75,90.75,26.91,26.91
RM-24562,Terminado,Real,2026-07-15,2026-08-03,,026-0011835,F 004-00002211,[40600296] RADIADOR COMPLE ALUM. REFRIG R1600H 3860012,1.0,ADMINISTRACION DE EMPRESAS S.A.C.,Arnold Hernández,3.372,6404.75,6404.75,1899.39,1899.39,Componente,40600175,PANAL RADIADOR AL W / PROTECCION 292-7127 P / LHD CAT R1600H,Units,1.0,1.0,4369.99,4369.99,1295.96,1295.96
RM-24562,Terminado,Real,2026-07-15,2026-08-03,,026-0011835,F 004-00002211,[40600296] RADIADOR COMPLE ALUM. REFRIG R1600H 3860012,1.0,ADMINISTRACION DE EMPRESAS S.A.C.,Arnold Hernández,3.372,6404.75,6404.75,1899.39,1899.39,Componente,20100275,TINA ACERO DERECHA (2 ENF PLACAS) P/RADIADOR CAT R1600H,Units,1.0,1.0,0.0,0.0,0.0,0.0
RM-24562,Terminado,Real,2026-07-15,2026-08-03,,026-0011835,F 004-00002211,[40600296] RADIADOR COMPLE ALUM. REFRIG R1600H 3860012,1.0,ADMINISTRACION DE EMPRESAS S.A.C.,Arnold Hernández,3.372,6404.75,6404.75,1899.39,1899.39,Componente,20100136,BRIDA PLANA ACERO AL CARBONO DN100 PN10 (copiar),Units,1.0,1.0,585.21,585.21,173.55,173.55
RM-24562,Terminado,Real,2026-07-15,2026-08-03,,026-0011835,F 004-00002211,[40600296] RADIADOR COMPLE ALUM. REFRIG R1600H 3860012,1.0,ADMINISTRACION DE EMPRESAS S.A.C.,Arnold Hernández,3.372,6404.75,6404.75,1899.39,1899.39,Componente,10460147,"PERNO HEXAGONAL FIERRO NEGRO G-8 UNC 5/16"" x 2""",Units,8.0,8.0,2.27,2.27,0.67,0.67
RM-24562,Terminado,Real,2026-07-15,2026-08-03,,026-0011835,F 004-00002211,[40600296] RADIADOR COMPLE ALUM. REFRIG R1600H 3860012,1.0,ADMINISTRACION DE EMPRESAS S.A.C.,Arnold Hernández,3.372,6404.75,6404.75,1899.39,1899.39,Componente,10460142,"PERNO HEXAGONAL FIERRO NEGRO G-8 UNC 5/16"" x 1 1/2""",Units,82.0,82.0,18.39,18.39,5.45,5.45
RM-24562,Terminado,Real,2026-07-15,2026-08-03,,026-0011835,F 004-00002211,[40600296] RADIADOR COMPLE ALUM. REFRIG R1600H 3860012,1.0,ADMINISTRACION DE EMPRESAS S.A.C.,Arnold Hernández,3.372,6404.75,6404.75,1899.39,1899.39,Componente,10460041,"ARANDELA PRESION FIERRO NEGRO G-8 5/16""",Units,90.0,90.0,2.89,2.89,0.86,0.86
RM-24562,Terminado,Real,2026-07-15,2026-08-03,,026-0011835,F 004-00002211,[40600296] RADIADOR COMPLE ALUM. REFRIG R1600H 3860012,1.0,ADMINISTRACION DE EMPRESAS S.A.C.,Arnold Hernández,3.372,6404.75,6404.75,1899.39,1899.39,Componente,10460367,"TUERCA HEXAGONAL FIERRO NEGRO G-8 UNC 5/16""",Units,90.0,90.0,5.86,5.86,1.74,1.74
RM-24562,Terminado,Real,2026-07-15,2026-08-03,,026-0011835,F 004-00002211,[40600296] RADIADOR COMPLE ALUM. REFRIG R1600H 3860012,1.0,ADMINISTRACION DE EMPRESAS S.A.C.,Arnold Hernández,3.372,6404.75,6404.75,1899.39,1899.39,Componente,10240102,"EMPAQUETADURA VITORITE 1/16"" X 01 MT",m,0.4,0.4,16.95,16.95,5.03,5.03
RM-24562,Terminado,Real,2026-07-15,2026-08-03,,026-0011835,F 004-00002211,[40600296] RADIADOR COMPLE ALUM. REFRIG R1600H 3860012,1.0,ADMINISTRACION DE EMPRESAS S.A.C.,Arnold Hernández,3.372,6404.75,6404.75,1899.39,1899.39,Componente,10240107,FORMADOR EMPAQUETADURA TIPO AVIACION 3H X 143 GR,Units,1.0,1.0,9.1,9.1,2.7,2.7
RM-24562,Terminado,Real,2026-07-15,2026-08-03,,026-0011835,F 004-00002211,[40600296] RADIADOR COMPLE ALUM. REFRIG R1600H 3860012,1.0,ADMINISTRACION DE EMPRESAS S.A.C.,Arnold Hernández,3.372,6404.75,6404.75,1899.39,1899.39,Componente,10440011,"BARRA REDONDA FIERRO NEGRO LISO Ø 1/2""",m,3.5,3.5,12.65,12.65,3.75,3.75
RM-24562,Terminado,Real,2026-07-15,2026-08-03,,026-0011835,F 004-00002211,[40600296] RADIADOR COMPLE ALUM. REFRIG R1600H 3860012,1.0,ADMINISTRACION DE EMPRESAS S.A.C.,Arnold Hernández,3.372,6404.75,6404.75,1899.39,1899.39,Componente,10440120,"BARRA REDONDA FIERRO NEGRO LISO Ø 3/8""",m,3.0,3.0,6.67,6.67,1.98,1.98
RM-24562,Terminado,Real,2026-07-15,2026-08-03,,026-0011835,F 004-00002211,[40600296] RADIADOR COMPLE ALUM. REFRIG R1600H 3860012,1.0,ADMINISTRACION DE EMPRESAS S.A.C.,Arnold Hernández,3.372,6404.75,6404.75,1899.39,1899.39,Componente,10460503,"BARRA ROSCADA FIERRO NEGRO G 8.8 UNC 3/8"" *MT",m,0.3,0.3,2.29,2.29,0.68,0.68
RM-24562,Terminado,Real,2026-07-15,2026-08-03,,026-0011835,F 004-00002211,[40600296] RADIADOR COMPLE ALUM. REFRIG R1600H 3860012,1.0,ADMINISTRACION DE EMPRESAS S.A.C.,Arnold Hernández,3.372,6404.75,6404.75,1899.39,1899.39,Componente,10460502,"BARRA ROSCADA FIERRO NEGRO G 8.8 UNC 1/2""",m,0.3,0.3,5.36,5.36,1.59,1.59
RM-24562,Terminado,Real,2026-07-15,2026-08-03,,026-0011835,F 004-00002211,[40600296] RADIADOR COMPLE ALUM. REFRIG R1600H 3860012,1.0,ADMINISTRACION DE EMPRESAS S.A.C.,Arnold Hernández,3.372,6404.75,6404.75,1899.39,1899.39,Componente,40600397,KIT MOD. P/. SCALER PAUS 853-S8 C/. CONCENTRADOR (copiar),Units,2.0,2.0,571.1,571.1,169.37,169.37
RM-24562,Terminado,Real,2026-07-15,2026-08-03,,026-0011835,F 004-00002211,[40600296] RADIADOR COMPLE ALUM. REFRIG R1600H 3860012,1.0,ADMINISTRACION DE EMPRESAS S.A.C.,Arnold Hernández,3.372,6404.75,6404.75,1899.39,1899.39,Componente,10300051,"CINTA TEFLON SHURTAPE 1/2""",Ro,2.0,2.0,0.85,0.85,0.25,0.25
RM-24562,Terminado,Real,2026-07-15,2026-08-03,,026-0011835,F 004-00002211,[40600296] RADIADOR COMPLE ALUM. REFRIG R1600H 3860012,1.0,ADMINISTRACION DE EMPRESAS S.A.C.,Arnold Hernández,3.372,6404.75,6404.75,1899.39,1899.39,Componente,10300463,TRAPO INDUSTRIAL COLORES,kg,1.0,1.0,2.8000000000000003,2.8000000000000003,0.83,0.83
RM-24562,Terminado,Real,2026-07-15,2026-08-03,,026-0011835,F 004-00002211,[40600296] RADIADOR COMPLE ALUM. REFRIG R1600H 3860012,1.0,ADMINISTRACION DE EMPRESAS S.A.C.,Arnold Hernández,3.372,6404.75,6404.75,1899.39,1899.39,Componente,10560854,"TAPON HEXAGONAL ACERO TROPICALIZADO  NPT 1/4"" ",Units,2.0,2.0,0.0,0.0,0.0,0.0
RM-24562,Terminado,Real,2026-07-15,2026-08-03,,026-0011835,F 004-00002211,[40600296] RADIADOR COMPLE ALUM. REFRIG R1600H 3860012,1.0,ADMINISTRACION DE EMPRESAS S.A.C.,Arnold Hernández,3.372,6404.75,6404.75,1899.39,1899.39,Componente,10560164,"TAPON HEXAGONAL ACERO FORJADO CIEGO NPT 3/4""",Units,1.0,1.0,6.36,6.36,1.89,1.89
RM-24562,Terminado,Real,2026-07-15,2026-08-03,,026-0011835,F 004-00002211,[40600296] RADIADOR COMPLE ALUM. REFRIG R1600H 3860012,1.0,ADMINISTRACION DE EMPRESAS S.A.C.,Arnold Hernández,3.372,6404.75,6404.75,1899.39,1899.39,Componente,10480007,ADITIVO ACRILICO - THINNER (CILINDRO 55 GALONES),gal (US),1.0,1.0,25.76,25.76,7.64,7.64
RM-24562,Terminado,Real,2026-07-15,2026-08-03,,026-0011835,F 004-00002211,[40600296] RADIADOR COMPLE ALUM. REFRIG R1600H 3860012,1.0,ADMINISTRACION DE EMPRESAS S.A.C.,Arnold Hernández,3.372,6404.75,6404.75,1899.39,1899.39,Componente,10480017,PINTURA ESMALTE INDUSTRIAL NEGRO-MATE 1GL ,gal (US),1.0,1.0,59.33,59.33,17.59,17.59
RM-24562,Terminado,Real,2026-07-15,2026-08-03,,026-0011835,F 004-00002211,[40600296] RADIADOR COMPLE ALUM. REFRIG R1600H 3860012,1.0,ADMINISTRACION DE EMPRESAS S.A.C.,Arnold Hernández,3.372,6404.75,6404.75,1899.39,1899.39,Componente,10300099,"CINTA P/PINTOR MULTIPROP AZUL 2090 3M 55M X 1.88 ""(48MM)",Ro,1.0,1.0,9.120000000000001,9.120000000000001,2.7,2.7
RM-24562,Terminado,Real,2026-07-15,2026-08-03,,026-0011835,F 004-00002211,[40600296] RADIADOR COMPLE ALUM. REFRIG R1600H 3860012,1.0,ADMINISTRACION DE EMPRESAS S.A.C.,Arnold Hernández,3.372,6404.75,6404.75,1899.39,1899.39,Componente,10300022,"CINTA MASKING TAPE 1""",Ro,1.0,1.0,3.0300000000000002,3.0300000000000002,0.9,0.9
RM-24562,Terminado,Real,2026-07-15,2026-08-03,,026-0011835,F 004-00002211,[40600296] RADIADOR COMPLE ALUM. REFRIG R1600H 3860012,1.0,ADMINISTRACION DE EMPRESAS S.A.C.,Arnold Hernández,3.372,6404.75,6404.75,1899.39,1899.39,Componente,10100003,"DISCO CORTE PARA ACERO INOXIDABLE 4.1/2"" X 0.040 X 7/8"" (EHT115-10/A60 P B2223)",Units,3.0,3.0,11.03,11.03,3.27,3.27
RM-24562,Terminado,Real,2026-07-15,2026-08-03,,026-0011835,F 004-00002211,[40600296] RADIADOR COMPLE ALUM. REFRIG R1600H 3860012,1.0,ADMINISTRACION DE EMPRESAS S.A.C.,Arnold Hernández,3.372,6404.75,6404.75,1899.39,1899.39,Componente,10100003,"DISCO CORTE PARA ACERO INOXIDABLE 4.1/2"" X 0.040 X 7/8"" (EHT115-10/A60 P B2223)",Units,2.0,2.0,7.3500000000000005,7.3500000000000005,2.18,2.18
RM-24562,Terminado,Real,2026-07-15,2026-08-03,,026-0011835,F 004-00002211,[40600296] RADIADOR COMPLE ALUM. REFRIG R1600H 3860012,1.0,ADMINISTRACION DE EMPRESAS S.A.C.,Arnold Hernández,3.372,6404.75,6404.75,1899.39,1899.39,Componente,10100009,"DISCO POLIFAN FLAT INOXIDABLE 4.1/2""X3/4""X7/8"" (115Z40/SG POWER)",Units,1.0,1.0,17.39,17.39,5.16,5.16
RM-24562,Terminado,Real,2026-07-15,2026-08-03,,026-0011835,F 004-00002211,[40600296] RADIADOR COMPLE ALUM. REFRIG R1600H 3860012,1.0,ADMINISTRACION DE EMPRESAS S.A.C.,Arnold Hernández,3.372,6404.75,6404.75,1899.39,1899.39,Componente,10480003,BASE ANTICORROSIVO AL ACEITE GRIS AUTOMOTRIZ (1 GALON),gal (US),1.0,1.0,40.68,40.68,12.06,12.06
RM-24562,Terminado,Real,2026-07-15,2026-08-03,,026-0011835,F 004-00002211,[40600296] RADIADOR COMPLE ALUM. REFRIG R1600H 3860012,1.0,ADMINISTRACION DE EMPRESAS S.A.C.,Arnold Hernández,3.372,6404.75,6404.75,1899.39,1899.39,Componente,10460367,"TUERCA HEXAGONAL FIERRO NEGRO G-8 UNC 5/16""",Units,7.0,7.0,0.46,0.46,0.14,0.14
RM-24562,Terminado,Real,2026-07-15,2026-08-03,,026-0011835,F 004-00002211,[40600296] RADIADOR COMPLE ALUM. REFRIG R1600H 3860012,1.0,ADMINISTRACION DE EMPRESAS S.A.C.,Arnold Hernández,3.372,6404.75,6404.75,1899.39,1899.39,Componente,10460368,"TUERCA HEXAGONAL FIERRO NEGRO G-8 UNC 3/8""",Units,2.0,2.0,0.18,0.18,0.05,0.05
RM-24562,Terminado,Real,2026-07-15,2026-08-03,,026-0011835,F 004-00002211,[40600296] RADIADOR COMPLE ALUM. REFRIG R1600H 3860012,1.0,ADMINISTRACION DE EMPRESAS S.A.C.,Arnold Hernández,3.372,6404.75,6404.75,1899.39,1899.39,Componente,10460368,"TUERCA HEXAGONAL FIERRO NEGRO G-8 UNC 3/8""",Units,10.0,10.0,0.92,0.92,0.27,0.27
RM-24562,Terminado,Real,2026-07-15,2026-08-03,,026-0011835,F 004-00002211,[40600296] RADIADOR COMPLE ALUM. REFRIG R1600H 3860012,1.0,ADMINISTRACION DE EMPRESAS S.A.C.,Arnold Hernández,3.372,6404.75,6404.75,1899.39,1899.39,Componente,10460503,"BARRA ROSCADA FIERRO NEGRO G 8.8 UNC 3/8"" *MT",m,0.21,0.21,1.6,1.6,0.47,0.47
RM-24562,Terminado,Real,2026-07-15,2026-08-03,,026-0011835,F 004-00002211,[40600296] RADIADOR COMPLE ALUM. REFRIG R1600H 3860012,1.0,ADMINISTRACION DE EMPRESAS S.A.C.,Arnold Hernández,3.372,6404.75,6404.75,1899.39,1899.39,Componente,10460502,"BARRA ROSCADA FIERRO NEGRO G 8.8 UNC 1/2""",m,0.28,0.28,5.0,5.0,1.48,1.48
RM-24562,Terminado,Real,2026-07-15,2026-08-03,,026-0011835,F 004-00002211,[40600296] RADIADOR COMPLE ALUM. REFRIG R1600H 3860012,1.0,ADMINISTRACION DE EMPRESAS S.A.C.,Arnold Hernández,3.372,6404.75,6404.75,1899.39,1899.39,Componente,10440120,"BARRA REDONDA FIERRO NEGRO LISO Ø 3/8""",m,1.09,1.09,2.42,2.42,0.72,0.72
RM-24562,Terminado,Real,2026-07-15,2026-08-03,,026-0011835,F 004-00002211,[40600296] RADIADOR COMPLE ALUM. REFRIG R1600H 3860012,1.0,ADMINISTRACION DE EMPRESAS S.A.C.,Arnold Hernández,3.372,6404.75,6404.75,1899.39,1899.39,Operacion,,MANTENIMIENTO: RM-24562 - EMBALAJE,Horas,2.140833333333333,2.140833333333333,32.99,32.99,9.78,9.78
RM-24562,Terminado,Real,2026-07-15,2026-08-03,,026-0011835,F 004-00002211,[40600296] RADIADOR COMPLE ALUM. REFRIG R1600H 3860012,1.0,ADMINISTRACION DE EMPRESAS S.A.C.,Arnold Hernández,3.372,6404.75,6404.75,1899.39,1899.39,Operacion,,PINTURA: RM-24562 - PINTADO,Horas,0.7608333333333334,0.7608333333333334,14.27,14.27,4.23,4.23
RM-24562,Terminado,Real,2026-07-15,2026-08-03,,026-0011835,F 004-00002211,[40600296] RADIADOR COMPLE ALUM. REFRIG R1600H 3860012,1.0,ADMINISTRACION DE EMPRESAS S.A.C.,Arnold Hernández,3.372,6404.75,6404.75,1899.39,1899.39,Operacion,,MANTENIMIENTO: RM-24562 - ACABADOS,Horas,0.5905,0.5905,9.1,9.1,2.7,2.7
RM-24562,Terminado,Real,2026-07-15,2026-08-03,,026-0011835,F 004-00002211,[40600296] RADIADOR COMPLE ALUM. REFRIG R1600H 3860012,1.0,ADMINISTRACION DE EMPRESAS S.A.C.,Arnold Hernández,3.372,6404.75,6404.75,1899.39,1899.39,Operacion,,EMBALAJE: RM-24562 - EMBALAJE DE EQUIPO,Horas,0.4513333333333333,0.4513333333333333,7.62,7.62,2.26,2.26
RM-24562,Terminado,Real,2026-07-15,2026-08-03,,026-0011835,F 004-00002211,[40600296] RADIADOR COMPLE ALUM. REFRIG R1600H 3860012,1.0,ADMINISTRACION DE EMPRESAS S.A.C.,Arnold Hernández,3.372,6404.75,6404.75,1899.39,1899.39,Operacion,,MANTENIMIENTO: RM-24562 - LIJADO DE TINAS,Horas,0.8686666666666666,0.8686666666666666,13.39,13.39,3.97,3.97
RM-24562,Terminado,Real,2026-07-15,2026-08-03,,026-0011835,F 004-00002211,[40600296] RADIADOR COMPLE ALUM. REFRIG R1600H 3860012,1.0,ADMINISTRACION DE EMPRESAS S.A.C.,Arnold Hernández,3.372,6404.75,6404.75,1899.39,1899.39,Operacion,,SOLDADURA: RM-24562 - FANRICACION ALERO R 1600H,Horas,1.3506666666666667,1.3506666666666667,30.48,30.48,9.04,9.04
RM-24562,Terminado,Real,2026-07-15,2026-08-03,,026-0011835,F 004-00002211,[40600296] RADIADOR COMPLE ALUM. REFRIG R1600H 3860012,1.0,ADMINISTRACION DE EMPRESAS S.A.C.,Arnold Hernández,3.372,6404.75,6404.75,1899.39,1899.39,Operacion,,SOLDADURA: RM-24562 - FABRICACION DE SOPORTES PARA ALERO,Horas,5.072166666666666,5.072166666666666,114.48,114.48,33.95,33.95
RM-24562,Terminado,Real,2026-07-15,2026-08-03,,026-0011835,F 004-00002211,[40600296] RADIADOR COMPLE ALUM. REFRIG R1600H 3860012,1.0,ADMINISTRACION DE EMPRESAS S.A.C.,Arnold Hernández,3.372,6404.75,6404.75,1899.39,1899.39,Operacion,,SOLDADURA: RM-24562 - FABRICACION DE ALERO 1600H,Horas,2.0833333333333335,2.0833333333333335,47.02,47.02,13.94,13.94
RM-24562,Terminado,Real,2026-07-15,2026-08-03,,026-0011835,F 004-00002211,[40600296] RADIADOR COMPLE ALUM. REFRIG R1600H 3860012,1.0,ADMINISTRACION DE EMPRESAS S.A.C.,Arnold Hernández,3.372,6404.75,6404.75,1899.39,1899.39,Operacion,,QUINTANA TACSA ANGEL VICENTE: RM-24562 - EMBALAJE,Horas,2.140833333333333,2.140833333333333,0.0,0.0,0.0,0.0
RM-24562,Terminado,Real,2026-07-15,2026-08-03,,026-0011835,F 004-00002211,[40600296] RADIADOR COMPLE ALUM. REFRIG R1600H 3860012,1.0,ADMINISTRACION DE EMPRESAS S.A.C.,Arnold Hernández,3.372,6404.75,6404.75,1899.39,1899.39,Operacion,,SEGUNDO ALEJANDRO SANTILLAN ZUÑIGA: RM-24562 - EMBALAJE,Horas,0.0003333333333333333,0.0003333333333333333,0.0,0.0,0.0,0.0
RM-24562,Terminado,Real,2026-07-15,2026-08-03,,026-0011835,F 004-00002211,[40600296] RADIADOR COMPLE ALUM. REFRIG R1600H 3860012,1.0,ADMINISTRACION DE EMPRESAS S.A.C.,Arnold Hernández,3.372,6404.75,6404.75,1899.39,1899.39,Operacion,,SEGUNDO ALEJANDRO SANTILLAN ZUÑIGA: RM-24562 - PINTADO,Horas,0.7608333333333334,0.7608333333333334,0.0,0.0,0.0,0.0
RM-24562,Terminado,Real,2026-07-15,2026-08-03,,026-0011835,F 004-00002211,[40600296] RADIADOR COMPLE ALUM. REFRIG R1600H 3860012,1.0,ADMINISTRACION DE EMPRESAS S.A.C.,Arnold Hernández,3.372,6404.75,6404.75,1899.39,1899.39,Operacion,,SEGUNDO ALEJANDRO SANTILLAN ZUÑIGA: RM-24562 - ACABADOS,Horas,0.5905,0.5905,0.0,0.0,0.0,0.0
RM-24562,Terminado,Real,2026-07-15,2026-08-03,,026-0011835,F 004-00002211,[40600296] RADIADOR COMPLE ALUM. REFRIG R1600H 3860012,1.0,ADMINISTRACION DE EMPRESAS S.A.C.,Arnold Hernández,3.372,6404.75,6404.75,1899.39,1899.39,Operacion,,SEGUNDO ALEJANDRO SANTILLAN ZUÑIGA: RM-24562 - EMBALAJE DE EQUIPO,Horas,0.4513333333333333,0.4513333333333333,0.0,0.0,0.0,0.0
RM-24562,Terminado,Real,2026-07-15,2026-08-03,,026-0011835,F 004-00002211,[40600296] RADIADOR COMPLE ALUM. REFRIG R1600H 3860012,1.0,ADMINISTRACION DE EMPRESAS S.A.C.,Arnold Hernández,3.372,6404.75,6404.75,1899.39,1899.39,Operacion,,SEGUNDO ALEJANDRO SANTILLAN ZUÑIGA: RM-24562 - LIJADO DE TINAS,Horas,0.8686666666666666,0.8686666666666666,0.0,0.0,0.0,0.0
RM-24562,Terminado,Real,2026-07-15,2026-08-03,,026-0011835,F 004-00002211,[40600296] RADIADOR COMPLE ALUM. REFRIG R1600H 3860012,1.0,ADMINISTRACION DE EMPRESAS S.A.C.,Arnold Hernández,3.372,6404.75,6404.75,1899.39,1899.39,Operacion,,SEGUNDO ALEJANDRO SANTILLAN ZUÑIGA: RM-24562 - FANRICACION ALERO R 1600H,Horas,1.3506666666666667,1.3506666666666667,0.0,0.0,0.0,0.0
RM-24562,Terminado,Real,2026-07-15,2026-08-03,,026-0011835,F 004-00002211,[40600296] RADIADOR COMPLE ALUM. REFRIG R1600H 3860012,1.0,ADMINISTRACION DE EMPRESAS S.A.C.,Arnold Hernández,3.372,6404.75,6404.75,1899.39,1899.39,Operacion,,SEGUNDO ALEJANDRO SANTILLAN ZUÑIGA: RM-24562 - FABRICACION DE SOPORTES PARA ALERO,Horas,5.072166666666666,5.072166666666666,0.0,0.0,0.0,0.0
RM-24562,Terminado,Real,2026-07-15,2026-08-03,,026-0011835,F 004-00002211,[40600296] RADIADOR COMPLE ALUM. REFRIG R1600H 3860012,1.0,ADMINISTRACION DE EMPRESAS S.A.C.,Arnold Hernández,3.372,6404.75,6404.75,1899.39,1899.39,Operacion,,SEGUNDO ALEJANDRO SANTILLAN ZUÑIGA: RM-24562 - FABRICACION DE ALERO 1600H,Horas,2.0833333333333335,2.0833333333333335,0.0,0.0,0.0,0.0
RM-24515,Por cerrar,Estimado,2026-07-15,2026-07-15,,026-0011777,F 004-00002260,[51002368] RADIADOR COMPLETO 3799901 P/. LHD CAT R1600H,1.0,VOLCAN COMPANIA MINERA S.A.A.,Arnold Hernández,3.356,7925.56,8574.02,2361.61,2554.83,Componente,10460819,ARANDELA DENTADA EXT. AD-8,Units,0.0,0.0,0.0,0.0,0.0,0.0
RM-24515,Por cerrar,Estimado,2026-07-15,2026-07-15,,026-0011777,F 004-00002260,[51002368] RADIADOR COMPLETO 3799901 P/. LHD CAT R1600H,1.0,VOLCAN COMPANIA MINERA S.A.A.,Arnold Hernández,3.356,7925.56,8574.02,2361.61,2554.83,Componente,40600174,PANAL AFTERCOOLER AL W / PROTECCION 186-9526 P / LHD CAT R1600H,Units,0.0,0.0,0.0,0.0,0.0,0.0
RM-24515,Por cerrar,Estimado,2026-07-15,2026-07-15,,026-0011777,F 004-00002260,[51002368] RADIADOR COMPLETO 3799901 P/. LHD CAT R1600H,1.0,VOLCAN COMPANIA MINERA S.A.A.,Arnold Hernández,3.356,7925.56,8574.02,2361.61,2554.83,Componente,40350001,SOPORTE RADIADOR CTP N / P 7N7988,Units,2.0,2.0,238.99,238.99,71.21,71.21
RM-24515,Por cerrar,Estimado,2026-07-15,2026-07-15,,026-0011777,F 004-00002260,[51002368] RADIADOR COMPLETO 3799901 P/. LHD CAT R1600H,1.0,VOLCAN COMPANIA MINERA S.A.A.,Arnold Hernández,3.356,7925.56,8574.02,2361.61,2554.83,Componente,10240107,FORMADOR EMPAQUETADURA TIPO AVIACION 3H X 143 GR,Units,1.0,1.0,8.71,8.71,2.6,2.6
RM-24515,Por cerrar,Estimado,2026-07-15,2026-07-15,,026-0011777,F 004-00002260,[51002368] RADIADOR COMPLETO 3799901 P/. LHD CAT R1600H,1.0,VOLCAN COMPANIA MINERA S.A.A.,Arnold Hernández,3.356,7925.56,8574.02,2361.61,2554.83,Componente,10240393,PLANCHA KLINGERSIL C-4400 2000X1500X1.5MM,Units,0.0,0.0,0.0,0.0,0.0,0.0
RM-24515,Por cerrar,Estimado,2026-07-15,2026-07-15,,026-0011777,F 004-00002260,[51002368] RADIADOR COMPLETO 3799901 P/. LHD CAT R1600H,1.0,VOLCAN COMPANIA MINERA S.A.A.,Arnold Hernández,3.356,7925.56,8574.02,2361.61,2554.83,Componente,10480007,ADITIVO ACRILICO - THINNER (CILINDRO 55 GALONES),gal (US),2.0,2.0,51.53,51.53,15.35,15.35
RM-24515,Por cerrar,Estimado,2026-07-15,2026-07-15,,026-0011777,F 004-00002260,[51002368] RADIADOR COMPLETO 3799901 P/. LHD CAT R1600H,1.0,VOLCAN COMPANIA MINERA S.A.A.,Arnold Hernández,3.356,7925.56,8574.02,2361.61,2554.83,Componente,10300051,"CINTA TEFLON SHURTAPE 1/2""",Ro,3.0,3.0,1.28,1.28,0.38,0.38
RM-24515,Por cerrar,Estimado,2026-07-15,2026-07-15,,026-0011777,F 004-00002260,[51002368] RADIADOR COMPLETO 3799901 P/. LHD CAT R1600H,1.0,VOLCAN COMPANIA MINERA S.A.A.,Arnold Hernández,3.356,7925.56,8574.02,2361.61,2554.83,Componente,10220120,"STRETCH FILM TRANSPARENTE BOBINA 18"" X 20 MICRAS X 02 KG",Ro,1.0,1.0,22.96,22.96,6.84,6.84
RM-24515,Por cerrar,Estimado,2026-07-15,2026-07-15,,026-0011777,F 004-00002260,[51002368] RADIADOR COMPLETO 3799901 P/. LHD CAT R1600H,1.0,VOLCAN COMPANIA MINERA S.A.A.,Arnold Hernández,3.356,7925.56,8574.02,2361.61,2554.83,Componente,10480017,PINTURA ESMALTE INDUSTRIAL NEGRO-MATE 1GL ,gal (US),1.0,1.0,58.65,58.65,17.48,17.48
RM-24515,Por cerrar,Estimado,2026-07-15,2026-07-15,,026-0011777,F 004-00002260,[51002368] RADIADOR COMPLETO 3799901 P/. LHD CAT R1600H,1.0,VOLCAN COMPANIA MINERA S.A.A.,Arnold Hernández,3.356,7925.56,8574.02,2361.61,2554.83,Componente,10480003,BASE ANTICORROSIVO AL ACEITE GRIS AUTOMOTRIZ (1 GALON),gal (US),0.5,0.5,20.35,20.35,6.06,6.06
RM-24515,Por cerrar,Estimado,2026-07-15,2026-07-15,,026-0011777,F 004-00002260,[51002368] RADIADOR COMPLETO 3799901 P/. LHD CAT R1600H,1.0,VOLCAN COMPANIA MINERA S.A.A.,Arnold Hernández,3.356,7925.56,8574.02,2361.61,2554.83,Componente,10100009,"DISCO POLIFAN FLAT INOXIDABLE 4.1/2""X3/4""X7/8"" (115Z40/SG POWER)",Units,1.0,1.0,17.39,17.39,5.18,5.18
RM-24515,Por cerrar,Estimado,2026-07-15,2026-07-15,,026-0011777,F 004-00002260,[51002368] RADIADOR COMPLETO 3799901 P/. LHD CAT R1600H,1.0,VOLCAN COMPANIA MINERA S.A.A.,Arnold Hernández,3.356,7925.56,8574.02,2361.61,2554.83,Componente,10100003,"DISCO CORTE PARA ACERO INOXIDABLE 4.1/2"" X 0.040 X 7/8"" (EHT115-10/A60 P B2223)",Units,2.0,2.0,7.17,7.17,2.14,2.14
RM-24515,Por cerrar,Estimado,2026-07-15,2026-07-15,,026-0011777,F 004-00002260,[51002368] RADIADOR COMPLETO 3799901 P/. LHD CAT R1600H,1.0,VOLCAN COMPANIA MINERA S.A.A.,Arnold Hernández,3.356,7925.56,8574.02,2361.61,2554.83,Componente,10460037,"ARANDELA PRESION FIERRO NEGRO G-8 1/2""",Units,4.0,4.0,0.45,0.45,0.13,0.13
RM-24515,Por cerrar,Estimado,2026-07-15,2026-07-15,,026-0011777,F 004-00002260,[51002368] RADIADOR COMPLETO 3799901 P/. LHD CAT R1600H,1.0,VOLCAN COMPANIA MINERA S.A.A.,Arnold Hernández,3.356,7925.56,8574.02,2361.61,2554.83,Componente,10440186,"ANGULO FIERRO 1/8"" X 1.1/4"" (6 METROS)",m,3.5,3.5,15.610000000000001,15.610000000000001,4.65,4.65
RM-24515,Por cerrar,Estimado,2026-07-15,2026-07-15,,026-0011777,F 004-00002260,[51002368] RADIADOR COMPLETO 3799901 P/. LHD CAT R1600H,1.0,VOLCAN COMPANIA MINERA S.A.A.,Arnold Hernández,3.356,7925.56,8574.02,2361.61,2554.83,Componente,10440051,"PLATINA FIERRO A36 1/8"" * 5/8""",m,3.5,3.5,5.14,5.14,1.53,1.53
RM-24515,Por cerrar,Estimado,2026-07-15,2026-07-15,,026-0011777,F 004-00002260,[51002368] RADIADOR COMPLETO 3799901 P/. LHD CAT R1600H,1.0,VOLCAN COMPANIA MINERA S.A.A.,Arnold Hernández,3.356,7925.56,8574.02,2361.61,2554.83,Componente,10460143,"PERNO HEXAGONAL FIERRO NEGRO G-8 UNC 5/16"" x 1 1/4""",Units,60.0,60.0,11.07,11.07,3.3,3.3
RM-24515,Por cerrar,Estimado,2026-07-15,2026-07-15,,026-0011777,F 004-00002260,[51002368] RADIADOR COMPLETO 3799901 P/. LHD CAT R1600H,1.0,VOLCAN COMPANIA MINERA S.A.A.,Arnold Hernández,3.356,7925.56,8574.02,2361.61,2554.83,Componente,40600397,KIT MOD. P/. SCALER PAUS 853-S8 C/. CONCENTRADOR (copiar),Units,2.0,2.0,571.1,571.1,170.17,170.17
RM-24515,Por cerrar,Estimado,2026-07-15,2026-07-15,,026-0011777,F 004-00002260,[51002368] RADIADOR COMPLETO 3799901 P/. LHD CAT R1600H,1.0,VOLCAN COMPANIA MINERA S.A.A.,Arnold Hernández,3.356,7925.56,8574.02,2361.61,2554.83,Componente,10100003,"DISCO CORTE PARA ACERO INOXIDABLE 4.1/2"" X 0.040 X 7/8"" (EHT115-10/A60 P B2223)",Units,5.0,5.0,17.92,17.92,5.34,5.34
RM-24515,Por cerrar,Estimado,2026-07-15,2026-07-15,,026-0011777,F 004-00002260,[51002368] RADIADOR COMPLETO 3799901 P/. LHD CAT R1600H,1.0,VOLCAN COMPANIA MINERA S.A.A.,Arnold Hernández,3.356,7925.56,8574.02,2361.61,2554.83,Componente,10240393,PLANCHA KLINGERSIL C-4400 2 m X 1.5 mX1.5MM (copia),m²,0.17,0.17,17.91,17.91,5.34,5.34
RM-24515,Por cerrar,Estimado,2026-07-15,2026-07-15,,026-0011777,F 004-00002260,[51002368] RADIADOR COMPLETO 3799901 P/. LHD CAT R1600H,1.0,VOLCAN COMPANIA MINERA S.A.A.,Arnold Hernández,3.356,7925.56,8574.02,2361.61,2554.83,Componente,10100003,"DISCO CORTE PARA ACERO INOXIDABLE 4.1/2"" X 0.040 X 7/8"" (EHT115-10/A60 P B2223)",Units,2.0,2.0,7.17,7.17,2.14,2.14
RM-24515,Por cerrar,Estimado,2026-07-15,2026-07-15,,026-0011777,F 004-00002260,[51002368] RADIADOR COMPLETO 3799901 P/. LHD CAT R1600H,1.0,VOLCAN COMPANIA MINERA S.A.A.,Arnold Hernández,3.356,7925.56,8574.02,2361.61,2554.83,Componente,10240050,"JEBE NATURAL LONADO 1/4"" (6MM) X 1.20 MT (copia)",m²,0.372,0.372,25.830000000000002,25.830000000000002,7.7,7.7
RM-24515,Por cerrar,Estimado,2026-07-15,2026-07-15,,026-0011777,F 004-00002260,[51002368] RADIADOR COMPLETO 3799901 P/. LHD CAT R1600H,1.0,VOLCAN COMPANIA MINERA S.A.A.,Arnold Hernández,3.356,7925.56,8574.02,2361.61,2554.83,Componente,10460012,"ARANDELA PLANA GALVANIZADA G-5 5/16"" ALA ANCHA",Units,10.0,10.0,0.63,0.63,0.19,0.19
RM-24515,Por cerrar,Estimado,2026-07-15,2026-07-15,,026-0011777,F 004-00002260,[51002368] RADIADOR COMPLETO 3799901 P/. LHD CAT R1600H,1.0,VOLCAN COMPANIA MINERA S.A.A.,Arnold Hernández,3.356,7925.56,8574.02,2361.61,2554.83,Componente,10100052,LIJA PLIEGO TELA P/METAL G. 60 - 2 (230X280MM),Units,3.0,3.0,6.48,6.48,1.93,1.93
RM-24515,Por cerrar,Estimado,2026-07-15,2026-07-15,,026-0011777,F 004-00002260,[51002368] RADIADOR COMPLETO 3799901 P/. LHD CAT R1600H,1.0,VOLCAN COMPANIA MINERA S.A.A.,Arnold Hernández,3.356,7925.56,8574.02,2361.61,2554.83,Componente,10100053,LIJA PLIEGO TELA P/METAL G. 80 - 1.1/2 (230X280MM),Units,3.0,3.0,5.96,5.96,1.78,1.78
RM-24515,Por cerrar,Estimado,2026-07-15,2026-07-15,,026-0011777,F 004-00002260,[51002368] RADIADOR COMPLETO 3799901 P/. LHD CAT R1600H,1.0,VOLCAN COMPANIA MINERA S.A.A.,Arnold Hernández,3.356,7925.56,8574.02,2361.61,2554.83,Componente,40600175,PANAL RADIADOR AL W / PROTECCION 292-7127 P / LHD CAT R1600H,Units,1.0,1.0,6128.110000000001,6128.110000000001,1826.02,1826.02
RM-24515,Por cerrar,Estimado,2026-07-15,2026-07-15,,026-0011777,F 004-00002260,[51002368] RADIADOR COMPLETO 3799901 P/. LHD CAT R1600H,1.0,VOLCAN COMPANIA MINERA S.A.A.,Arnold Hernández,3.356,7925.56,8574.02,2361.61,2554.83,Componente,10240102,"EMPAQUETADURA VITORITE 1/16"" X 01 MT",m,0.4,0.4,16.95,16.95,5.05,5.05
RM-24515,Por cerrar,Estimado,2026-07-15,2026-07-15,,026-0011777,F 004-00002260,[51002368] RADIADOR COMPLETO 3799901 P/. LHD CAT R1600H,1.0,VOLCAN COMPANIA MINERA S.A.A.,Arnold Hernández,3.356,7925.56,8574.02,2361.61,2554.83,Componente,10100084,ESCOBILLA RECTA P/CALDERO 20MM 63451,Units,1.0,1.0,43.63,43.63,13.0,13.0
RM-24515,Por cerrar,Estimado,2026-07-15,2026-07-15,,026-0011777,F 004-00002260,[51002368] RADIADOR COMPLETO 3799901 P/. LHD CAT R1600H,1.0,VOLCAN COMPANIA MINERA S.A.A.,Arnold Hernández,3.356,7925.56,8574.02,2361.61,2554.83,Componente,10300463,TRAPO INDUSTRIAL COLORES,kg,1.0,1.0,2.91,2.91,0.87,0.87
RM-24515,Por cerrar,Estimado,2026-07-15,2026-07-15,,026-0011777,F 004-00002260,[51002368] RADIADOR COMPLETO 3799901 P/. LHD CAT R1600H,1.0,VOLCAN COMPANIA MINERA S.A.A.,Arnold Hernández,3.356,7925.56,8574.02,2361.61,2554.83,Componente,10100105,ESCOBILLA RECTA P/CALDERO 10 MM,Units,1.0,1.0,29.05,29.05,8.66,8.66
RM-24515,Por cerrar,Estimado,2026-07-15,2026-07-15,,026-0011777,F 004-00002260,[51002368] RADIADOR COMPLETO 3799901 P/. LHD CAT R1600H,1.0,VOLCAN COMPANIA MINERA S.A.A.,Arnold Hernández,3.356,7925.56,8574.02,2361.61,2554.83,Componente,10460134,"PERNO HEXAGONAL FIERRO NEGRO G-8 UNC 3/8"" * 1""",Units,40.0,40.0,11.35,11.35,3.38,3.38
RM-24515,Por cerrar,Estimado,2026-07-15,2026-07-15,,026-0011777,F 004-00002260,[51002368] RADIADOR COMPLETO 3799901 P/. LHD CAT R1600H,1.0,VOLCAN COMPANIA MINERA S.A.A.,Arnold Hernández,3.356,7925.56,8574.02,2361.61,2554.83,Componente,10460011,"ARANDELA PLANA GALVANIZADA G-5 3/8""",Units,52.0,52.0,4.18,4.18,1.25,1.25
RM-24515,Por cerrar,Estimado,2026-07-15,2026-07-15,,026-0011777,F 004-00002260,[51002368] RADIADOR COMPLETO 3799901 P/. LHD CAT R1600H,1.0,VOLCAN COMPANIA MINERA S.A.A.,Arnold Hernández,3.356,7925.56,8574.02,2361.61,2554.83,Componente,10460144,"PERNO HEXAGONAL FIERRO NEGRO G-8 UNC 5/16"" x 1""",Units,10.0,10.0,1.87,1.87,0.56,0.56
RM-24515,Por cerrar,Estimado,2026-07-15,2026-07-15,,026-0011777,F 004-00002260,[51002368] RADIADOR COMPLETO 3799901 P/. LHD CAT R1600H,1.0,VOLCAN COMPANIA MINERA S.A.A.,Arnold Hernández,3.356,7925.56,8574.02,2361.61,2554.83,Componente,10460012,"ARANDELA PLANA GALVANIZADA G-5 5/16"" ALA ANCHA",Units,10.0,10.0,0.63,0.63,0.19,0.19
RM-24515,Por cerrar,Estimado,2026-07-15,2026-07-15,,026-0011777,F 004-00002260,[51002368] RADIADOR COMPLETO 3799901 P/. LHD CAT R1600H,1.0,VOLCAN COMPANIA MINERA S.A.A.,Arnold Hernández,3.356,7925.56,8574.02,2361.61,2554.83,Componente,10460368,"TUERCA HEXAGONAL FIERRO NEGRO G-8 UNC 3/8""",Units,16.0,16.0,1.56,1.56,0.46,0.46
RM-24515,Por cerrar,Estimado,2026-07-15,2026-07-15,,026-0011777,F 004-00002260,[51002368] RADIADOR COMPLETO 3799901 P/. LHD CAT R1600H,1.0,VOLCAN COMPANIA MINERA S.A.A.,Arnold Hernández,3.356,7925.56,8574.02,2361.61,2554.83,Componente,10460040,"ARANDELA PRESION FIERRO NEGRO G-8 3/8""",Units,16.0,16.0,0.6900000000000001,0.6900000000000001,0.21,0.21
RM-24515,Por cerrar,Estimado,2026-07-15,2026-07-15,,026-0011777,F 004-00002260,[51002368] RADIADOR COMPLETO 3799901 P/. LHD CAT R1600H,1.0,VOLCAN COMPANIA MINERA S.A.A.,Arnold Hernández,3.356,7925.56,8574.02,2361.61,2554.83,Componente,10460147,"PERNO HEXAGONAL FIERRO NEGRO G-8 UNC 5/16"" x 2""",Units,8.0,8.0,2.27,2.27,0.68,0.68
RM-24515,Por cerrar,Estimado,2026-07-15,2026-07-15,,026-0011777,F 004-00002260,[51002368] RADIADOR COMPLETO 3799901 P/. LHD CAT R1600H,1.0,VOLCAN COMPANIA MINERA S.A.A.,Arnold Hernández,3.356,7925.56,8574.02,2361.61,2554.83,Componente,10460142,"PERNO HEXAGONAL FIERRO NEGRO G-8 UNC 5/16"" x 1 1/2""",Units,90.0,90.0,21.27,21.27,6.34,6.34
RM-24515,Por cerrar,Estimado,2026-07-15,2026-07-15,,026-0011777,F 004-00002260,[51002368] RADIADOR COMPLETO 3799901 P/. LHD CAT R1600H,1.0,VOLCAN COMPANIA MINERA S.A.A.,Arnold Hernández,3.356,7925.56,8574.02,2361.61,2554.83,Componente,10460367,"TUERCA HEXAGONAL FIERRO NEGRO G-8 UNC 5/16""",Units,144.0,144.0,9.56,9.56,2.85,2.85
RM-24515,Por cerrar,Estimado,2026-07-15,2026-07-15,,026-0011777,F 004-00002260,[51002368] RADIADOR COMPLETO 3799901 P/. LHD CAT R1600H,1.0,VOLCAN COMPANIA MINERA S.A.A.,Arnold Hernández,3.356,7925.56,8574.02,2361.61,2554.83,Componente,10460041,"ARANDELA PRESION FIERRO NEGRO G-8 5/16""",Units,144.0,144.0,4.62,4.62,1.38,1.38
RM-24515,Por cerrar,Estimado,2026-07-15,2026-07-15,,026-0011777,F 004-00002260,[51002368] RADIADOR COMPLETO 3799901 P/. LHD CAT R1600H,1.0,VOLCAN COMPANIA MINERA S.A.A.,Arnold Hernández,3.356,7925.56,8574.02,2361.61,2554.83,Componente,10460371,"TUERCA HEXAGONAL FIERRO NEGRO G-8 UNC 1/2""",Units,4.0,4.0,0.89,0.89,0.27,0.27
RM-24515,Por cerrar,Estimado,2026-07-15,2026-07-15,,026-0011777,F 004-00002260,[51002368] RADIADOR COMPLETO 3799901 P/. LHD CAT R1600H,1.0,VOLCAN COMPANIA MINERA S.A.A.,Arnold Hernández,3.356,7925.56,8574.02,2361.61,2554.83,Componente,10460037,"ARANDELA PRESION FIERRO NEGRO G-8 1/2""",Units,4.0,4.0,0.45,0.45,0.13,0.13
RM-24515,Por cerrar,Estimado,2026-07-15,2026-07-15,,026-0011777,F 004-00002260,[51002368] RADIADOR COMPLETO 3799901 P/. LHD CAT R1600H,1.0,VOLCAN COMPANIA MINERA S.A.A.,Arnold Hernández,3.356,7925.56,8574.02,2361.61,2554.83,Componente,10300037,"REMACHE 3/16"" * 3/4""",Units,18.0,18.0,1.43,1.43,0.43,0.43
RM-24515,Por cerrar,Estimado,2026-07-15,2026-07-15,,026-0011777,F 004-00002260,[51002368] RADIADOR COMPLETO 3799901 P/. LHD CAT R1600H,1.0,VOLCAN COMPANIA MINERA S.A.A.,Arnold Hernández,3.356,7925.56,8574.02,2361.61,2554.83,Componente,10460110,"PERNO HEXAGONAL FIERRO NEGRO G-8 UNC 1/2"" * 1 1/4""",Units,0.0,0.0,0.0,0.0,0.0,0.0
RM-24515,Por cerrar,Estimado,2026-07-15,2026-07-15,,026-0011777,F 004-00002260,[51002368] RADIADOR COMPLETO 3799901 P/. LHD CAT R1600H,1.0,VOLCAN COMPANIA MINERA S.A.A.,Arnold Hernández,3.356,7925.56,8574.02,2361.61,2554.83,Componente,10460008,"ARANDELA PLANA GALVANIZADA G-5 1/2""",Units,0.0,0.0,0.0,0.0,0.0,0.0
RM-24515,Por cerrar,Estimado,2026-07-15,2026-07-15,,026-0011777,F 004-00002260,[51002368] RADIADOR COMPLETO 3799901 P/. LHD CAT R1600H,1.0,VOLCAN COMPANIA MINERA S.A.A.,Arnold Hernández,3.356,7925.56,8574.02,2361.61,2554.83,Componente,10240172,ORING VITON 3 * 24,Units,0.0,0.0,0.0,0.0,0.0,0.0
RM-24515,Por cerrar,Estimado,2026-07-15,2026-07-15,,026-0011777,F 004-00002260,[51002368] RADIADOR COMPLETO 3799901 P/. LHD CAT R1600H,1.0,VOLCAN COMPANIA MINERA S.A.A.,Arnold Hernández,3.356,7925.56,8574.02,2361.61,2554.83,Componente,10240186,ORING VITON 2 X 18,Units,0.0,0.0,0.0,0.0,0.0,0.0
RM-24515,Por cerrar,Estimado,2026-07-15,2026-07-15,,026-0011777,F 004-00002260,[51002368] RADIADOR COMPLETO 3799901 P/. LHD CAT R1600H,1.0,VOLCAN COMPANIA MINERA S.A.A.,Arnold Hernández,3.356,7925.56,8574.02,2361.61,2554.83,Componente,10240050,"JEBE NATURAL LONADO 1/4"" (6MM) X 1.20 MT",m,0.4,0.4,35.75,35.75,10.65,10.65
RM-24515,Por cerrar,Estimado,2026-07-15,2026-07-15,,026-0011777,F 004-00002260,[51002368] RADIADOR COMPLETO 3799901 P/. LHD CAT R1600H,1.0,VOLCAN COMPANIA MINERA S.A.A.,Arnold Hernández,3.356,7925.56,8574.02,2361.61,2554.83,Componente,10160006,PETROLEO DIESEL D2,gal (US),2.0,2.0,48.18,48.18,14.36,14.36
RM-24515,Por cerrar,Estimado,2026-07-15,2026-07-15,,026-0011777,F 004-00002260,[51002368] RADIADOR COMPLETO 3799901 P/. LHD CAT R1600H,1.0,VOLCAN COMPANIA MINERA S.A.A.,Arnold Hernández,3.356,7925.56,8574.02,2361.61,2554.83,Componente,10520026,DESINCRUSTANTE 50% DESINCRUST M (20 KG = 5 GL),gal (US),0.0,0.0,0.0,0.0,0.0,0.0
RM-24515,Por cerrar,Estimado,2026-07-15,2026-07-15,,026-0011777,F 004-00002260,[51002368] RADIADOR COMPLETO 3799901 P/. LHD CAT R1600H,1.0,VOLCAN COMPANIA MINERA S.A.A.,Arnold Hernández,3.356,7925.56,8574.02,2361.61,2554.83,Componente,10220011,"LISTON MADERA COPAHIBA 1 3/4"" * 3 1/2"" * 8┤",Units,1.0,1.0,45.88,45.88,13.67,13.67
RM-24515,Por cerrar,Estimado,2026-07-15,2026-07-15,,026-0011777,F 004-00002260,[51002368] RADIADOR COMPLETO 3799901 P/. LHD CAT R1600H,1.0,VOLCAN COMPANIA MINERA S.A.A.,Arnold Hernández,3.356,7925.56,8574.02,2361.61,2554.83,Componente,10220105,"LISTON MADERA CATAHUA 1"" x 4"" X 10┤",Units,14.0,14.0,230.55,230.55,68.7,68.7
RM-24515,Por cerrar,Estimado,2026-07-15,2026-07-15,,026-0011777,F 004-00002260,[51002368] RADIADOR COMPLETO 3799901 P/. LHD CAT R1600H,1.0,VOLCAN COMPANIA MINERA S.A.A.,Arnold Hernández,3.356,7925.56,8574.02,2361.61,2554.83,Componente,10220001,"CLAVO MADERA PISTOLA 1 1/2"" (CAJA 30 ROLLOS)",Ro,1.0,1.0,2.18,2.18,0.65,0.65
RM-24515,Por cerrar,Estimado,2026-07-15,2026-07-15,,026-0011777,F 004-00002260,[51002368] RADIADOR COMPLETO 3799901 P/. LHD CAT R1600H,1.0,VOLCAN COMPANIA MINERA S.A.A.,Arnold Hernández,3.356,7925.56,8574.02,2361.61,2554.83,Componente,10220002,"CLAVO MADERA PISTOLA 2"" (CAJA 30 ROLLOS / 28 KG)",Ro,1.0,1.0,3.62,3.62,1.08,1.08
RM-24515,Por cerrar,Estimado,2026-07-15,2026-07-15,,026-0011777,F 004-00002260,[51002368] RADIADOR COMPLETO 3799901 P/. LHD CAT R1600H,1.0,VOLCAN COMPANIA MINERA S.A.A.,Arnold Hernández,3.356,7925.56,8574.02,2361.61,2554.83,Componente,10220005,CARTON CORRUGADO ROLLO 1.64 MT X 50 KG=5 (6 METROS),kg,1.8,1.8,10.38,10.38,3.09,3.09
RM-24515,Por cerrar,Estimado,2026-07-15,2026-07-15,,026-0011777,F 004-00002260,[51002368] RADIADOR COMPLETO 3799901 P/. LHD CAT R1600H,1.0,VOLCAN COMPANIA MINERA S.A.A.,Arnold Hernández,3.356,7925.56,8574.02,2361.61,2554.83,Componente,10440011,"BARRA REDONDA FIERRO NEGRO LISO Ø 1/2""",m,0.0,0.0,0.0,0.0,0.0,0.0
RM-24515,Por cerrar,Estimado,2026-07-15,2026-07-15,,026-0011777,F 004-00002260,[51002368] RADIADOR COMPLETO 3799901 P/. LHD CAT R1600H,1.0,VOLCAN COMPANIA MINERA S.A.A.,Arnold Hernández,3.356,7925.56,8574.02,2361.61,2554.83,Componente,10440120,"BARRA REDONDA FIERRO NEGRO LISO Ø 3/8""",m,1.09,1.09,2.42,2.42,0.72,0.72
RM-24515,Por cerrar,Estimado,2026-07-15,2026-07-15,,026-0011777,F 004-00002260,[51002368] RADIADOR COMPLETO 3799901 P/. LHD CAT R1600H,1.0,VOLCAN COMPANIA MINERA S.A.A.,Arnold Hernández,3.356,7925.56,8574.02,2361.61,2554.83,Componente,10460503,"BARRA ROSCADA FIERRO NEGRO G 8.8 UNC 3/8"" *MT",m,0.21,0.21,1.6,1.6,0.48,0.48
RM-24515,Por cerrar,Estimado,2026-07-15,2026-07-15,,026-0011777,F 004-00002260,[51002368] RADIADOR COMPLETO 3799901 P/. LHD CAT R1600H,1.0,VOLCAN COMPANIA MINERA S.A.A.,Arnold Hernández,3.356,7925.56,8574.02,2361.61,2554.83,Componente,10460502,"BARRA ROSCADA FIERRO NEGRO G 8.8 UNC 1/2""",m,0.28,0.28,5.0,5.0,1.49,1.49
RM-24515,Por cerrar,Estimado,2026-07-15,2026-07-15,,026-0011777,F 004-00002260,[51002368] RADIADOR COMPLETO 3799901 P/. LHD CAT R1600H,1.0,VOLCAN COMPANIA MINERA S.A.A.,Arnold Hernández,3.356,7925.56,8574.02,2361.61,2554.83,Operacion,,DESMONTAJE DE TINAS,Minutos,104.18,104.18,0.0,26.75689666666667,0.0,7.97
RM-24515,Por cerrar,Estimado,2026-07-15,2026-07-15,,026-0011777,F 004-00002260,[51002368] RADIADOR COMPLETO 3799901 P/. LHD CAT R1600H,1.0,VOLCAN COMPANIA MINERA S.A.A.,Arnold Hernández,3.356,7925.56,8574.02,2361.61,2554.83,Operacion,,LAVADO,Minutos,46.23,46.23,14.483333333333333,13.391289999999998,4.32,3.99
RM-24515,Por cerrar,Estimado,2026-07-15,2026-07-15,,026-0011777,F 004-00002260,[51002368] RADIADOR COMPLETO 3799901 P/. LHD CAT R1600H,1.0,VOLCAN COMPANIA MINERA S.A.A.,Arnold Hernández,3.356,7925.56,8574.02,2361.61,2554.83,Operacion,,INSPECCION,Minutos,24.23,24.23,6.420833333333333,6.223071666666667,1.91,1.85
RM-24515,Por cerrar,Estimado,2026-07-15,2026-07-15,,026-0011777,F 004-00002260,[51002368] RADIADOR COMPLETO 3799901 P/. LHD CAT R1600H,1.0,VOLCAN COMPANIA MINERA S.A.A.,Arnold Hernández,3.356,7925.56,8574.02,2361.61,2554.83,Operacion,,PRUEBA AIRE,Minutos,43.15,43.15,12.524999999999999,12.010083333333332,3.73,3.58
RM-24515,Por cerrar,Estimado,2026-07-15,2026-07-15,,026-0011777,F 004-00002260,[51002368] RADIADOR COMPLETO 3799901 P/. LHD CAT R1600H,1.0,VOLCAN COMPANIA MINERA S.A.A.,Arnold Hernández,3.356,7925.56,8574.02,2361.61,2554.83,Operacion,,DESMONTAJE DE TINA RAD DE AIRE,Minutos,98.48,98.48,0.0,25.292946666666666,0.0,7.54
RM-24515,Por cerrar,Estimado,2026-07-15,2026-07-15,,026-0011777,F 004-00002260,[51002368] RADIADOR COMPLETO 3799901 P/. LHD CAT R1600H,1.0,VOLCAN COMPANIA MINERA S.A.A.,Arnold Hernández,3.356,7925.56,8574.02,2361.61,2554.83,Operacion,,LIJADO DE TINAS RAD. DE AIRE,Minutos,202.7,202.7,0.0,52.06011666666666,0.0,15.51
RM-24515,Por cerrar,Estimado,2026-07-15,2026-07-15,,026-0011777,F 004-00002260,[51002368] RADIADOR COMPLETO 3799901 P/. LHD CAT R1600H,1.0,VOLCAN COMPANIA MINERA S.A.A.,Arnold Hernández,3.356,7925.56,8574.02,2361.61,2554.83,Operacion,,LIJADO DE TINAS RAD. DE AIRE,Minutos,90.05,90.05,0.0,23.127841666666665,0.0,6.89
RM-24515,Por cerrar,Estimado,2026-07-15,2026-07-15,,026-0011777,F 004-00002260,[51002368] RADIADOR COMPLETO 3799901 P/. LHD CAT R1600H,1.0,VOLCAN COMPANIA MINERA S.A.A.,Arnold Hernández,3.356,7925.56,8574.02,2361.61,2554.83,Operacion,,LIJADO DE ALEROS,Minutos,163.23000000000002,163.23000000000002,0.0,41.92290500000001,0.0,12.49
RM-24515,Por cerrar,Estimado,2026-07-15,2026-07-15,,026-0011777,F 004-00002260,[51002368] RADIADOR COMPLETO 3799901 P/. LHD CAT R1600H,1.0,VOLCAN COMPANIA MINERA S.A.A.,Arnold Hernández,3.356,7925.56,8574.02,2361.61,2554.83,Operacion,,LIJADO DE ALEROS REFIJERANTE,Minutos,30.08,30.08,0.0,7.725546666666666,0.0,2.3
RM-24515,Por cerrar,Estimado,2026-07-15,2026-07-15,,026-0011777,F 004-00002260,[51002368] RADIADOR COMPLETO 3799901 P/. LHD CAT R1600H,1.0,VOLCAN COMPANIA MINERA S.A.A.,Arnold Hernández,3.356,7925.56,8574.02,2361.61,2554.83,Operacion,,ALEROS DE REFIJERANTE,Minutos,20.13,20.13,0.0,6.2939799999999995,0.0,1.88
RM-24515,Por cerrar,Estimado,2026-07-15,2026-07-15,,026-0011777,F 004-00002260,[51002368] RADIADOR COMPLETO 3799901 P/. LHD CAT R1600H,1.0,VOLCAN COMPANIA MINERA S.A.A.,Arnold Hernández,3.356,7925.56,8574.02,2361.61,2554.83,Operacion,,LIJADO DE TINA RAD. REFRIGERANTE,Minutos,39.08,39.08,0.0,10.037046666666667,0.0,2.99
RM-24515,Por cerrar,Estimado,2026-07-15,2026-07-15,,026-0011777,F 004-00002260,[51002368] RADIADOR COMPLETO 3799901 P/. LHD CAT R1600H,1.0,VOLCAN COMPANIA MINERA S.A.A.,Arnold Hernández,3.356,7925.56,8574.02,2361.61,2554.83,Operacion,,LIJADO DE PLATINAS,Minutos,59.82,59.82,0.0,15.36377,0.0,4.58
RM-24515,Por cerrar,Estimado,2026-07-15,2026-07-15,,026-0011777,F 004-00002260,[51002368] RADIADOR COMPLETO 3799901 P/. LHD CAT R1600H,1.0,VOLCAN COMPANIA MINERA S.A.A.,Arnold Hernández,3.356,7925.56,8574.02,2361.61,2554.83,Operacion,,LIJADO DE T5INA RAD. REFRIGERANTE,Minutos,97.88,97.88,0.0,25.138846666666666,0.0,7.49
RM-24515,Por cerrar,Estimado,2026-07-15,2026-07-15,,026-0011777,F 004-00002260,[51002368] RADIADOR COMPLETO 3799901 P/. LHD CAT R1600H,1.0,VOLCAN COMPANIA MINERA S.A.A.,Arnold Hernández,3.356,7925.56,8574.02,2361.61,2554.83,Operacion,,CORTAR EMPAQUETADURA,Minutos,30.11,30.11,0.0,7.733251666666667,0.0,2.3
RM-24515,Por cerrar,Estimado,2026-07-15,2026-07-15,,026-0011777,F 004-00002260,[51002368] RADIADOR COMPLETO 3799901 P/. LHD CAT R1600H,1.0,VOLCAN COMPANIA MINERA S.A.A.,Arnold Hernández,3.356,7925.56,8574.02,2361.61,2554.83,Operacion,,"LIMPIEZA DE PANAL RAD, DE AIRE",Minutos,60.03,60.03,0.0,15.417705,0.0,4.59
RM-24515,Por cerrar,Estimado,2026-07-15,2026-07-15,,026-0011777,F 004-00002260,[51002368] RADIADOR COMPLETO 3799901 P/. LHD CAT R1600H,1.0,VOLCAN COMPANIA MINERA S.A.A.,Arnold Hernández,3.356,7925.56,8574.02,2361.61,2554.83,Operacion,,CORTE DE ENFRIADOR DE PLACAS,Minutos,94.87,94.87,0.0,35.68693166666667,0.0,10.63
RM-24515,Por cerrar,Estimado,2026-07-15,2026-07-15,,026-0011777,F 004-00002260,[51002368] RADIADOR COMPLETO 3799901 P/. LHD CAT R1600H,1.0,VOLCAN COMPANIA MINERA S.A.A.,Arnold Hernández,3.356,7925.56,8574.02,2361.61,2554.83,Operacion,,"MONTAJE DE TINAS RAD, DE AIRE",Minutos,90.03,90.03,0.0,23.122705,0.0,6.89
RM-24515,Por cerrar,Estimado,2026-07-15,2026-07-15,,026-0011777,F 004-00002260,[51002368] RADIADOR COMPLETO 3799901 P/. LHD CAT R1600H,1.0,VOLCAN COMPANIA MINERA S.A.A.,Arnold Hernández,3.356,7925.56,8574.02,2361.61,2554.83,Operacion,,UNION DE ENFRIADOR DE PLACAS CON PROCESO MIG,Minutos,134.03,134.03,0.0,50.41761833333334,0.0,15.02
RM-24515,Por cerrar,Estimado,2026-07-15,2026-07-15,,026-0011777,F 004-00002260,[51002368] RADIADOR COMPLETO 3799901 P/. LHD CAT R1600H,1.0,VOLCAN COMPANIA MINERA S.A.A.,Arnold Hernández,3.356,7925.56,8574.02,2361.61,2554.83,Operacion,,PRUEBA NEUMATICA,Minutos,184.83,184.83,0.0,51.44435,0.0,15.33
RM-24515,Por cerrar,Estimado,2026-07-15,2026-07-15,,026-0011777,F 004-00002260,[51002368] RADIADOR COMPLETO 3799901 P/. LHD CAT R1600H,1.0,VOLCAN COMPANIA MINERA S.A.A.,Arnold Hernández,3.356,7925.56,8574.02,2361.61,2554.83,Operacion,,PRUEBA NEUMATICA ENFRIADOR DE PLACAS,Minutos,59.6,59.6,0.0,16.58866666666667,0.0,4.94
RM-24515,Por cerrar,Estimado,2026-07-15,2026-07-15,,026-0011777,F 004-00002260,[51002368] RADIADOR COMPLETO 3799901 P/. LHD CAT R1600H,1.0,VOLCAN COMPANIA MINERA S.A.A.,Arnold Hernández,3.356,7925.56,8574.02,2361.61,2554.83,Operacion,,LIJADO DE TINA RAD. DE REFRIGERANTE,Minutos,154.02,154.02,0.0,39.55747,0.0,11.79
RM-24515,Por cerrar,Estimado,2026-07-15,2026-07-15,,026-0011777,F 004-00002260,[51002368] RADIADOR COMPLETO 3799901 P/. LHD CAT R1600H,1.0,VOLCAN COMPANIA MINERA S.A.A.,Arnold Hernández,3.356,7925.56,8574.02,2361.61,2554.83,Operacion,,PINTADO DE TINA,Minutos,45.95,45.95,0.0,14.367033333333335,0.0,4.28
RM-24515,Por cerrar,Estimado,2026-07-15,2026-07-15,,026-0011777,F 004-00002260,[51002368] RADIADOR COMPLETO 3799901 P/. LHD CAT R1600H,1.0,VOLCAN COMPANIA MINERA S.A.A.,Arnold Hernández,3.356,7925.56,8574.02,2361.61,2554.83,Operacion,,MONTAJE DE TINAS RAD. DE REFRIGERANTE,Minutos,200.1,200.1,0.0,51.39235,0.0,15.31
RM-24515,Por cerrar,Estimado,2026-07-15,2026-07-15,,026-0011777,F 004-00002260,[51002368] RADIADOR COMPLETO 3799901 P/. LHD CAT R1600H,1.0,VOLCAN COMPANIA MINERA S.A.A.,Arnold Hernández,3.356,7925.56,8574.02,2361.61,2554.83,Operacion,,PRUEBA NEUMATICA RAD. REFRIGERANTE,Minutos,91.5,91.5,0.0,25.467499999999998,0.0,7.59
RM-24515,Por cerrar,Estimado,2026-07-15,2026-07-15,,026-0011777,F 004-00002260,[51002368] RADIADOR COMPLETO 3799901 P/. LHD CAT R1600H,1.0,VOLCAN COMPANIA MINERA S.A.A.,Arnold Hernández,3.356,7925.56,8574.02,2361.61,2554.83,Operacion,,MODIFICACION DE ALEROS,Minutos,250.05,250.05,112.85,94.06047500000001,33.63,28.03
RM-24515,Por cerrar,Estimado,2026-07-15,2026-07-15,,026-0011777,F 004-00002260,[51002368] RADIADOR COMPLETO 3799901 P/. LHD CAT R1600H,1.0,VOLCAN COMPANIA MINERA S.A.A.,Arnold Hernández,3.356,7925.56,8574.02,2361.61,2554.83,Operacion,,CORTAR JEBE LONADO,Minutos,35.03,35.03,0.0,8.996871666666667,0.0,2.68
RM-24515,Por cerrar,Estimado,2026-07-15,2026-07-15,,026-0011777,F 004-00002260,[51002368] RADIADOR COMPLETO 3799901 P/. LHD CAT R1600H,1.0,VOLCAN COMPANIA MINERA S.A.A.,Arnold Hernández,3.356,7925.56,8574.02,2361.61,2554.83,Operacion,,MONTAJE FINAL,Minutos,85.08,85.08,0.0,21.85138,0.0,6.51
RM-24515,Por cerrar,Estimado,2026-07-15,2026-07-15,,026-0011777,F 004-00002260,[51002368] RADIADOR COMPLETO 3799901 P/. LHD CAT R1600H,1.0,VOLCAN COMPANIA MINERA S.A.A.,Arnold Hernández,3.356,7925.56,8574.02,2361.61,2554.83,Operacion,,MONTAJE FINAL,Minutos,170.07,170.07,0.0,43.679645,0.0,13.02
RM-24515,Por cerrar,Estimado,2026-07-15,2026-07-15,,026-0011777,F 004-00002260,[51002368] RADIADOR COMPLETO 3799901 P/. LHD CAT R1600H,1.0,VOLCAN COMPANIA MINERA S.A.A.,Arnold Hernández,3.356,7925.56,8574.02,2361.61,2554.83,Operacion,,MONTAJE FINAL,Minutos,74.72,74.72,0.0,19.19058666666667,0.0,5.72
RM-24515,Por cerrar,Estimado,2026-07-15,2026-07-15,,026-0011777,F 004-00002260,[51002368] RADIADOR COMPLETO 3799901 P/. LHD CAT R1600H,1.0,VOLCAN COMPANIA MINERA S.A.A.,Arnold Hernández,3.356,7925.56,8574.02,2361.61,2554.83,Operacion,,EMBALAJE,Minutos,37.03,37.03,0.0,10.423945,0.0,3.11
RM-24597,Terminado,Real,2026-07-16,2026-07-24,OPP-0000000109,026-0011936,F 004-00002264,[51002832] INTERCAMBIADOR AIRE ANILLO TC 400 E-11,1.0,PERUPLAST S A,Mercedes Quispe,3.356,1635.56,1635.56,487.35,487.35,Componente,10460031,"ARANDELA PLANA ACERO INOXIDABLE 304 5/16""",Units,50.0,50.0,4.0600000000000005,4.0600000000000005,1.21,1.21
RM-24597,Terminado,Real,2026-07-16,2026-07-24,OPP-0000000109,026-0011936,F 004-00002264,[51002832] INTERCAMBIADOR AIRE ANILLO TC 400 E-11,1.0,PERUPLAST S A,Mercedes Quispe,3.356,1635.56,1635.56,487.35,487.35,Componente,10300009,SILICONA ROJA ALTA TEMPERATURA (ENVASE 11 ONZAS) (SS2400),Units,2.0,2.0,112.81,112.81,33.61,33.61
RM-24597,Terminado,Real,2026-07-16,2026-07-24,OPP-0000000109,026-0011936,F 004-00002264,[51002832] INTERCAMBIADOR AIRE ANILLO TC 400 E-11,1.0,PERUPLAST S A,Mercedes Quispe,3.356,1635.56,1635.56,487.35,487.35,Componente,10460349,"TUERCA HEXAGONAL ACERO INOXIDABLE 304 UNC 5/16""",Units,50.0,50.0,9.64,9.64,2.87,2.87
RM-24597,Terminado,Real,2026-07-16,2026-07-24,OPP-0000000109,026-0011936,F 004-00002264,[51002832] INTERCAMBIADOR AIRE ANILLO TC 400 E-11,1.0,PERUPLAST S A,Mercedes Quispe,3.356,1635.56,1635.56,487.35,487.35,Componente,10480007,ADITIVO ACRILICO - THINNER (CILINDRO 55 GALONES),gal (US),1.0,1.0,25.76,25.76,7.68,7.68
RM-24597,Terminado,Real,2026-07-16,2026-07-24,OPP-0000000109,026-0011936,F 004-00002264,[51002832] INTERCAMBIADOR AIRE ANILLO TC 400 E-11,1.0,PERUPLAST S A,Mercedes Quispe,3.356,1635.56,1635.56,487.35,487.35,Componente,10300009,SILICONA ROJA ALTA TEMPERATURA (ENVASE 11 ONZAS) (SS2400),Units,1.0,1.0,56.410000000000004,56.410000000000004,16.81,16.81
RM-24597,Terminado,Real,2026-07-16,2026-07-24,OPP-0000000109,026-0011936,F 004-00002264,[51002832] INTERCAMBIADOR AIRE ANILLO TC 400 E-11,1.0,PERUPLAST S A,Mercedes Quispe,3.356,1635.56,1635.56,487.35,487.35,Componente,10300051,"CINTA TEFLON SHURTAPE 1/2""",Ro,5.0,5.0,2.12,2.12,0.63,0.63
RM-24597,Terminado,Real,2026-07-16,2026-07-24,OPP-0000000109,026-0011936,F 004-00002264,[51002832] INTERCAMBIADOR AIRE ANILLO TC 400 E-11,1.0,PERUPLAST S A,Mercedes Quispe,3.356,1635.56,1635.56,487.35,487.35,Componente,10240174,"CINTA ESPUMA AISLAMIENTO ELASTOMERICA 1/8"" (3.00MM) X 2""",Ro,6.0,6.0,126.72,126.72,37.76,37.76
RM-24597,Terminado,Real,2026-07-16,2026-07-24,OPP-0000000109,026-0011936,F 004-00002264,[51002832] INTERCAMBIADOR AIRE ANILLO TC 400 E-11,1.0,PERUPLAST S A,Mercedes Quispe,3.356,1635.56,1635.56,487.35,487.35,Componente,10220120,"STRETCH FILM TRANSPARENTE BOBINA 18"" X 20 MICRAS X 02 KG",Ro,1.0,1.0,21.38,21.38,6.37,6.37
RM-24597,Terminado,Real,2026-07-16,2026-07-24,OPP-0000000109,026-0011936,F 004-00002264,[51002832] INTERCAMBIADOR AIRE ANILLO TC 400 E-11,1.0,PERUPLAST S A,Mercedes Quispe,3.356,1635.56,1635.56,487.35,487.35,Componente,10480007,ADITIVO ACRILICO - THINNER (CILINDRO 55 GALONES),gal (US),2.0,2.0,51.53,51.53,15.35,15.35
RM-24597,Terminado,Real,2026-07-16,2026-07-24,OPP-0000000109,026-0011936,F 004-00002264,[51002832] INTERCAMBIADOR AIRE ANILLO TC 400 E-11,1.0,PERUPLAST S A,Mercedes Quispe,3.356,1635.56,1635.56,487.35,487.35,Componente,10300384,"CINTA IMPERMEABLE DUCT TAPE GRIS 2"" X 54.8 M 3M",Ro,2.0,2.0,54.050000000000004,54.050000000000004,16.11,16.11
RM-24597,Terminado,Real,2026-07-16,2026-07-24,OPP-0000000109,026-0011936,F 004-00002264,[51002832] INTERCAMBIADOR AIRE ANILLO TC 400 E-11,1.0,PERUPLAST S A,Mercedes Quispe,3.356,1635.56,1635.56,487.35,487.35,Componente,10300463,TRAPO INDUSTRIAL COLORES,kg,1.0,1.0,2.8000000000000003,2.8000000000000003,0.83,0.83
RM-24597,Terminado,Real,2026-07-16,2026-07-24,OPP-0000000109,026-0011936,F 004-00002264,[51002832] INTERCAMBIADOR AIRE ANILLO TC 400 E-11,1.0,PERUPLAST S A,Mercedes Quispe,3.356,1635.56,1635.56,487.35,487.35,Componente,10620051,"ESPONJA AISLAMIENTO ARMAFLEX® 1/2""C/ADHESIVO (POR METRO)",m,8.0,8.0,359.32,359.32,107.07,107.07
RM-24597,Terminado,Real,2026-07-16,2026-07-24,OPP-0000000109,026-0011936,F 004-00002264,[51002832] INTERCAMBIADOR AIRE ANILLO TC 400 E-11,1.0,PERUPLAST S A,Mercedes Quispe,3.356,1635.56,1635.56,487.35,487.35,Componente,10560769,"ABRAZADERA CREMALLERA DE 8"" ACERO INOX",Units,8.0,8.0,73.9,73.9,22.02,22.02
RM-24597,Terminado,Real,2026-07-16,2026-07-24,OPP-0000000109,026-0011936,F 004-00002264,[51002832] INTERCAMBIADOR AIRE ANILLO TC 400 E-11,1.0,PERUPLAST S A,Mercedes Quispe,3.356,1635.56,1635.56,487.35,487.35,Componente,10560561,"MANGUERA MEXICANA DE 8"" (ROLLO X 5 MTS)",m,5.0,5.0,483.05,483.05,143.94,143.94
RM-24597,Terminado,Real,2026-07-16,2026-07-24,OPP-0000000109,026-0011936,F 004-00002264,[51002832] INTERCAMBIADOR AIRE ANILLO TC 400 E-11,1.0,PERUPLAST S A,Mercedes Quispe,3.356,1635.56,1635.56,487.35,487.35,Componente,10480020,PINTURA ESMALTE MARTILLADO INDUSTRIAL GRIS PLATA (ENVASE 1 GALON),gal (US),0.5,0.5,25.71,25.71,7.66,7.66
RM-24597,Terminado,Real,2026-07-16,2026-07-24,OPP-0000000109,026-0011936,F 004-00002264,[51002832] INTERCAMBIADOR AIRE ANILLO TC 400 E-11,1.0,PERUPLAST S A,Mercedes Quispe,3.356,1635.56,1635.56,487.35,487.35,Operacion,,MANTENIMIENTO: RM-24597 - INSPECCION,Horas,0.369,0.369,5.69,5.69,1.7,1.7
RM-24597,Terminado,Real,2026-07-16,2026-07-24,OPP-0000000109,026-0011936,F 004-00002264,[51002832] INTERCAMBIADOR AIRE ANILLO TC 400 E-11,1.0,PERUPLAST S A,Mercedes Quispe,3.356,1635.56,1635.56,487.35,487.35,Operacion,,PRUEBAS: RM-24597 - PRUEBA,Horas,1.3011666666666666,1.3011666666666666,21.73,21.73,6.47,6.47
RM-24597,Terminado,Real,2026-07-16,2026-07-24,OPP-0000000109,026-0011936,F 004-00002264,[51002832] INTERCAMBIADOR AIRE ANILLO TC 400 E-11,1.0,PERUPLAST S A,Mercedes Quispe,3.356,1635.56,1635.56,487.35,487.35,Operacion,,LAVADO: RM-24597 - LAVADO,Horas,1.1171666666666666,1.1171666666666666,19.42,19.42,5.79,5.79
RM-24597,Terminado,Real,2026-07-16,2026-07-24,OPP-0000000109,026-0011936,F 004-00002264,[51002832] INTERCAMBIADOR AIRE ANILLO TC 400 E-11,1.0,PERUPLAST S A,Mercedes Quispe,3.356,1635.56,1635.56,487.35,487.35,Operacion,,MANTENIMIENTO: RM-24597 - MONTAJE DE TAPA,Horas,2.620833333333333,2.620833333333333,40.39,40.39,12.04,12.04
RM-24597,Terminado,Real,2026-07-16,2026-07-24,OPP-0000000109,026-0011936,F 004-00002264,[51002832] INTERCAMBIADOR AIRE ANILLO TC 400 E-11,1.0,PERUPLAST S A,Mercedes Quispe,3.356,1635.56,1635.56,487.35,487.35,Operacion,,MANTENIMIENTO: RM-24597 - LIJADFO DE CAMPANAS,Horas,5.043833333333334,5.043833333333334,77.73,77.73,23.16,23.16
RM-24597,Terminado,Real,2026-07-16,2026-07-24,OPP-0000000109,026-0011936,F 004-00002264,[51002832] INTERCAMBIADOR AIRE ANILLO TC 400 E-11,1.0,PERUPLAST S A,Mercedes Quispe,3.356,1635.56,1635.56,487.35,487.35,Operacion,,MANTENIMIENTO: RM-24597 - FORRAR EQUIPO,Horas,3.981666666666667,3.981666666666667,61.36,61.36,18.28,18.28
RM-24597,Terminado,Real,2026-07-16,2026-07-24,OPP-0000000109,026-0011936,F 004-00002264,[51002832] INTERCAMBIADOR AIRE ANILLO TC 400 E-11,1.0,PERUPLAST S A,Mercedes Quispe,3.356,1635.56,1635.56,487.35,487.35,Operacion,,SEGUNDO ALEJANDRO SANTILLAN ZUÑIGA: RM-24597 - INSPECCION,Horas,0.369,0.369,0.0,0.0,0.0,0.0
RM-24597,Terminado,Real,2026-07-16,2026-07-24,OPP-0000000109,026-0011936,F 004-00002264,[51002832] INTERCAMBIADOR AIRE ANILLO TC 400 E-11,1.0,PERUPLAST S A,Mercedes Quispe,3.356,1635.56,1635.56,487.35,487.35,Operacion,,SEGUNDO ALEJANDRO SANTILLAN ZUÑIGA: RM-24597 - PRUEBA,Horas,1.3011666666666666,1.3011666666666666,0.0,0.0,0.0,0.0
RM-24597,Terminado,Real,2026-07-16,2026-07-24,OPP-0000000109,026-0011936,F 004-00002264,[51002832] INTERCAMBIADOR AIRE ANILLO TC 400 E-11,1.0,PERUPLAST S A,Mercedes Quispe,3.356,1635.56,1635.56,487.35,487.35,Operacion,,SEGUNDO ALEJANDRO SANTILLAN ZUÑIGA: RM-24597 - LAVADO,Horas,1.1171666666666666,1.1171666666666666,0.0,0.0,0.0,0.0
RM-24597,Terminado,Real,2026-07-16,2026-07-24,OPP-0000000109,026-0011936,F 004-00002264,[51002832] INTERCAMBIADOR AIRE ANILLO TC 400 E-11,1.0,PERUPLAST S A,Mercedes Quispe,3.356,1635.56,1635.56,487.35,487.35,Operacion,,SEGUNDO ALEJANDRO SANTILLAN ZUÑIGA: RM-24597 - MONTAJE DE TAPA,Horas,2.620833333333333,2.620833333333333,0.0,0.0,0.0,0.0
RM-24597,Terminado,Real,2026-07-16,2026-07-24,OPP-0000000109,026-0011936,F 004-00002264,[51002832] INTERCAMBIADOR AIRE ANILLO TC 400 E-11,1.0,PERUPLAST S A,Mercedes Quispe,3.356,1635.56,1635.56,487.35,487.35,Operacion,,SEGUNDO ALEJANDRO SANTILLAN ZUÑIGA: RM-24597 - LIJADFO DE CAMPANAS,Horas,5.043833333333334,5.043833333333334,0.0,0.0,0.0,0.0
RM-24597,Terminado,Real,2026-07-16,2026-07-24,OPP-0000000109,026-0011936,F 004-00002264,[51002832] INTERCAMBIADOR AIRE ANILLO TC 400 E-11,1.0,PERUPLAST S A,Mercedes Quispe,3.356,1635.56,1635.56,487.35,487.35,Operacion,,SEGUNDO ALEJANDRO SANTILLAN ZUÑIGA: RM-24597 - FORRAR EQUIPO,Horas,3.981666666666667,3.981666666666667,0.0,0.0,0.0,0.0
RM-24606,Por cerrar,Estimado,2026-07-17,2026-07-17,OPP-0000000005,026-0011951,F 004-00002216,[51001929] ENFRIADOR HIDRAULICO EH11 (copiar),1.0,XIAN BUSINESS CORPORATION S.A.C.,Jeancarlos Castillo,3.372,21.84,50.39,6.48,14.94,Operacion,,INSPECCION,Minutos,20.28,20.28,5.136666666666667,5.20858,1.52,1.54
RM-24606,Por cerrar,Estimado,2026-07-17,2026-07-17,OPP-0000000005,026-0011951,F 004-00002216,[51001929] ENFRIADOR HIDRAULICO EH11 (copiar),1.0,XIAN BUSINESS CORPORATION S.A.C.,Jeancarlos Castillo,3.372,21.84,50.39,6.48,14.94,Operacion,,LAVADO,Minutos,100.17,100.17,0.0,29.015909999999998,0.0,8.6
RM-24606,Por cerrar,Estimado,2026-07-17,2026-07-17,OPP-0000000005,026-0011951,F 004-00002216,[51001929] ENFRIADOR HIDRAULICO EH11 (copiar),1.0,XIAN BUSINESS CORPORATION S.A.C.,Jeancarlos Castillo,3.372,21.84,50.39,6.48,14.94,Operacion,,PRUEBAS,Minutos,58.07,58.07,16.7,16.162816666666664,4.95,4.79
RM-24605,Terminado,Real,2026-07-22,2026-08-03,OPP-0000000020,026-0011945,F 004-00002198,[51002357] RADIADOR COMPLETO 583-6045 P/. C4.4 CAT,1.0,RESEMIN S.A.,Arnold Hernández,3.371,211.15,211.15,62.64,62.64,Componente,10460179,PERNO HEXAGONAL FIERRO NEGRO G-8 UNC M08 * 20,Units,20.0,20.0,3.93,3.93,1.17,1.17
RM-24605,Terminado,Real,2026-07-22,2026-08-03,OPP-0000000020,026-0011945,F 004-00002198,[51002357] RADIADOR COMPLETO 583-6045 P/. C4.4 CAT,1.0,RESEMIN S.A.,Arnold Hernández,3.371,211.15,211.15,62.64,62.64,Componente,10460181,PERNO HEXAGONAL FIERRO NEGRO G-8 UNC M08 * 30,Units,8.0,8.0,1.98,1.98,0.59,0.59
RM-24605,Terminado,Real,2026-07-22,2026-08-03,OPP-0000000020,026-0011945,F 004-00002198,[51002357] RADIADOR COMPLETO 583-6045 P/. C4.4 CAT,1.0,RESEMIN S.A.,Arnold Hernández,3.371,211.15,211.15,62.64,62.64,Componente,10460362,TUERCA HEXAGONAL FIERRO NEGRO G-8 UNC M08,Units,8.0,8.0,0.52,0.52,0.15,0.15
RM-24605,Terminado,Real,2026-07-22,2026-08-03,OPP-0000000020,026-0011945,F 004-00002198,[51002357] RADIADOR COMPLETO 583-6045 P/. C4.4 CAT,1.0,RESEMIN S.A.,Arnold Hernández,3.371,211.15,211.15,62.64,62.64,Componente,10460017,ARANDELA PLANA GALVANIZADA G-5 M08,Units,14.0,14.0,0.49,0.49,0.15,0.15
RM-24605,Terminado,Real,2026-07-22,2026-08-03,OPP-0000000020,026-0011945,F 004-00002198,[51002357] RADIADOR COMPLETO 583-6045 P/. C4.4 CAT,1.0,RESEMIN S.A.,Arnold Hernández,3.371,211.15,211.15,62.64,62.64,Componente,10460012,"ARANDELA PLANA GALVANIZADA G-5 5/16"" ALA ANCHA",Units,10.0,10.0,0.63,0.63,0.19,0.19
RM-24605,Terminado,Real,2026-07-22,2026-08-03,OPP-0000000020,026-0011945,F 004-00002198,[51002357] RADIADOR COMPLETO 583-6045 P/. C4.4 CAT,1.0,RESEMIN S.A.,Arnold Hernández,3.371,211.15,211.15,62.64,62.64,Componente,10460045,ARANDELA PRESION FIERRO NEGRO G-8 M08,Units,24.0,24.0,0.73,0.73,0.22,0.22
RM-24605,Terminado,Real,2026-07-22,2026-08-03,OPP-0000000020,026-0011945,F 004-00002198,[51002357] RADIADOR COMPLETO 583-6045 P/. C4.4 CAT,1.0,RESEMIN S.A.,Arnold Hernández,3.371,211.15,211.15,62.64,62.64,Componente,10300463,TRAPO INDUSTRIAL COLORES,kg,1.0,1.0,2.8000000000000003,2.8000000000000003,0.83,0.83
RM-24605,Terminado,Real,2026-07-22,2026-08-03,OPP-0000000020,026-0011945,F 004-00002198,[51002357] RADIADOR COMPLETO 583-6045 P/. C4.4 CAT,1.0,RESEMIN S.A.,Arnold Hernández,3.371,211.15,211.15,62.64,62.64,Componente,10220016,"STRETCH FILM TRANSPARENTE BOBINA 12"" X 20 MICRAS X 1.20 KM",Ro,1.0,1.0,13.450000000000001,13.450000000000001,3.99,3.99
RM-24605,Terminado,Real,2026-07-22,2026-08-03,OPP-0000000020,026-0011945,F 004-00002198,[51002357] RADIADOR COMPLETO 583-6045 P/. C4.4 CAT,1.0,RESEMIN S.A.,Arnold Hernández,3.371,211.15,211.15,62.64,62.64,Componente,10220005,CARTON CORRUGADO ROLLO 1.64 MT X 50 KG=5 (6 METROS),kg,0.9,0.9,5.24,5.24,1.55,1.55
RM-24605,Terminado,Real,2026-07-22,2026-08-03,OPP-0000000020,026-0011945,F 004-00002198,[51002357] RADIADOR COMPLETO 583-6045 P/. C4.4 CAT,1.0,RESEMIN S.A.,Arnold Hernández,3.371,211.15,211.15,62.64,62.64,Componente,10460017,ARANDELA PLANA GALVANIZADA G-5 M08,Units,15.0,15.0,0.52,0.52,0.15,0.15
RM-24605,Terminado,Real,2026-07-22,2026-08-03,OPP-0000000020,026-0011945,F 004-00002198,[51002357] RADIADOR COMPLETO 583-6045 P/. C4.4 CAT,1.0,RESEMIN S.A.,Arnold Hernández,3.371,211.15,211.15,62.64,62.64,Componente,10620005,TAPA P/RADIADOR FUTABA N/P 9239 R-123,Units,1.0,1.0,20.2,20.2,5.99,5.99
RM-24605,Terminado,Real,2026-07-22,2026-08-03,OPP-0000000020,026-0011945,F 004-00002198,[51002357] RADIADOR COMPLETO 583-6045 P/. C4.4 CAT,1.0,RESEMIN S.A.,Arnold Hernández,3.371,211.15,211.15,62.64,62.64,Operacion,,MANTENIMIENTO: RM-24605 - DESMONTAJE,Horas,0.5838333333333333,0.5838333333333333,9.0,9.0,2.67,2.67
RM-24605,Terminado,Real,2026-07-22,2026-08-03,OPP-0000000020,026-0011945,F 004-00002198,[51002357] RADIADOR COMPLETO 583-6045 P/. C4.4 CAT,1.0,RESEMIN S.A.,Arnold Hernández,3.371,211.15,211.15,62.64,62.64,Operacion,,LAVADO: RM-24605 - LAVADO,Horas,2.0721666666666665,2.0721666666666665,36.01,36.01,10.68,10.68
RM-24605,Terminado,Real,2026-07-22,2026-08-03,OPP-0000000020,026-0011945,F 004-00002198,[51002357] RADIADOR COMPLETO 583-6045 P/. C4.4 CAT,1.0,RESEMIN S.A.,Arnold Hernández,3.371,211.15,211.15,62.64,62.64,Operacion,,MANTENIMIENTO: RM-24605 - INSPECCION,Horas,0.2375,0.2375,3.66,3.66,1.09,1.09
RM-24605,Terminado,Real,2026-07-22,2026-08-03,OPP-0000000020,026-0011945,F 004-00002198,[51002357] RADIADOR COMPLETO 583-6045 P/. C4.4 CAT,1.0,RESEMIN S.A.,Arnold Hernández,3.371,211.15,211.15,62.64,62.64,Operacion,,PRUEBAS: RM-24605 - PRUEBA NEUMATICA,Horas,1.78,1.78,29.73,29.73,8.82,8.82
RM-24605,Terminado,Real,2026-07-22,2026-08-03,OPP-0000000020,026-0011945,F 004-00002198,[51002357] RADIADOR COMPLETO 583-6045 P/. C4.4 CAT,1.0,RESEMIN S.A.,Arnold Hernández,3.371,211.15,211.15,62.64,62.64,Operacion,,PRUEBAS: RM-24605 - PRUEBA ACEITE,Horas,1.2503333333333333,1.2503333333333333,20.88,20.88,6.19,6.19
RM-24605,Terminado,Real,2026-07-22,2026-08-03,OPP-0000000020,026-0011945,F 004-00002198,[51002357] RADIADOR COMPLETO 583-6045 P/. C4.4 CAT,1.0,RESEMIN S.A.,Arnold Hernández,3.371,211.15,211.15,62.64,62.64,Operacion,,MANTENIMIENTO: RM-24605 - MANTENIMIENTO,Horas,2.366833333333333,2.366833333333333,36.47,36.47,10.82,10.82
RM-24605,Terminado,Real,2026-07-22,2026-08-03,OPP-0000000020,026-0011945,F 004-00002198,[51002357] RADIADOR COMPLETO 583-6045 P/. C4.4 CAT,1.0,RESEMIN S.A.,Arnold Hernández,3.371,211.15,211.15,62.64,62.64,Operacion,,MANTENIMIENTO: RM-24605 - MONTAGE,Horas,1.6166666666666667,1.6166666666666667,24.91,24.91,7.39,7.39
RM-24605,Terminado,Real,2026-07-22,2026-08-03,OPP-0000000020,026-0011945,F 004-00002198,[51002357] RADIADOR COMPLETO 583-6045 P/. C4.4 CAT,1.0,RESEMIN S.A.,Arnold Hernández,3.371,211.15,211.15,62.64,62.64,Operacion,,SEGUNDO ALEJANDRO SANTILLAN ZUÑIGA: RM-24605 - DESMONTAJE,Horas,0.5838333333333333,0.5838333333333333,0.0,0.0,0.0,0.0
RM-24605,Terminado,Real,2026-07-22,2026-08-03,OPP-0000000020,026-0011945,F 004-00002198,[51002357] RADIADOR COMPLETO 583-6045 P/. C4.4 CAT,1.0,RESEMIN S.A.,Arnold Hernández,3.371,211.15,211.15,62.64,62.64,Operacion,,SEGUNDO ALEJANDRO SANTILLAN ZUÑIGA: RM-24605 - LAVADO,Horas,2.0721666666666665,2.0721666666666665,0.0,0.0,0.0,0.0
RM-24605,Terminado,Real,2026-07-22,2026-08-03,OPP-0000000020,026-0011945,F 004-00002198,[51002357] RADIADOR COMPLETO 583-6045 P/. C4.4 CAT,1.0,RESEMIN S.A.,Arnold Hernández,3.371,211.15,211.15,62.64,62.64,Operacion,,QUINTANA TACSA ANGEL VICENTE: RM-24605 - INSPECCION,Horas,0.2375,0.2375,0.0,0.0,0.0,0.0
RM-24605,Terminado,Real,2026-07-22,2026-08-03,OPP-0000000020,026-0011945,F 004-00002198,[51002357] RADIADOR COMPLETO 583-6045 P/. C4.4 CAT,1.0,RESEMIN S.A.,Arnold Hernández,3.371,211.15,211.15,62.64,62.64,Operacion,,SEGUNDO ALEJANDRO SANTILLAN ZUÑIGA: RM-24605 - PRUEBA NEUMATICA,Horas,1.78,1.78,0.0,0.0,0.0,0.0
RM-24605,Terminado,Real,2026-07-22,2026-08-03,OPP-0000000020,026-0011945,F 004-00002198,[51002357] RADIADOR COMPLETO 583-6045 P/. C4.4 CAT,1.0,RESEMIN S.A.,Arnold Hernández,3.371,211.15,211.15,62.64,62.64,Operacion,,SEGUNDO ALEJANDRO SANTILLAN ZUÑIGA: RM-24605 - PRUEBA ACEITE,Horas,1.2503333333333333,1.2503333333333333,0.0,0.0,0.0,0.0
RM-24605,Terminado,Real,2026-07-22,2026-08-03,OPP-0000000020,026-0011945,F 004-00002198,[51002357] RADIADOR COMPLETO 583-6045 P/. C4.4 CAT,1.0,RESEMIN S.A.,Arnold Hernández,3.371,211.15,211.15,62.64,62.64,Operacion,,SEGUNDO ALEJANDRO SANTILLAN ZUÑIGA: RM-24605 - MANTENIMIENTO,Horas,2.3666666666666667,2.3666666666666667,0.0,0.0,0.0,0.0
RM-24605,Terminado,Real,2026-07-22,2026-08-03,OPP-0000000020,026-0011945,F 004-00002198,[51002357] RADIADOR COMPLETO 583-6045 P/. C4.4 CAT,1.0,RESEMIN S.A.,Arnold Hernández,3.371,211.15,211.15,62.64,62.64,Operacion,,SEGUNDO ALEJANDRO SANTILLAN ZUÑIGA: RM-24605 - MONTAGE,Horas,1.6166666666666667,1.6166666666666667,0.0,0.0,0.0,0.0
RM-24611,Terminado,Real,2026-07-24,2026-08-10,OPP-0000000004,026-0011970,F 004-00002275,[51001929] ENFRIADOR HIDRAULICO EH11 (copiar),1.0,ZANINGROUP MINING AND CONSTRUCTION S.A.C.-ZANINGROUP S.A.C.,Jeancarlos Castillo,3.356,2774.15,2774.15,826.62,826.62,Componente,40600436,ENFRIADOR COMPLETO ACEITE/AGUA/ACEITE BAP P/PAUS 853-S8 555-139 VER02,Units,1.0,1.0,2642.09,2642.09,787.27,787.27
RM-24611,Terminado,Real,2026-07-24,2026-08-10,OPP-0000000004,026-0011970,F 004-00002275,[51001929] ENFRIADOR HIDRAULICO EH11 (copiar),1.0,ZANINGROUP MINING AND CONSTRUCTION S.A.C.-ZANINGROUP S.A.C.,Jeancarlos Castillo,3.356,2774.15,2774.15,826.62,826.62,Componente,10560854,"TAPON HEXAGONAL ACERO TROPICALIZADO  NPT 1/4"" ",Units,4.0,4.0,0.0,0.0,0.0,0.0
RM-24611,Terminado,Real,2026-07-24,2026-08-10,OPP-0000000004,026-0011970,F 004-00002275,[51001929] ENFRIADOR HIDRAULICO EH11 (copiar),1.0,ZANINGROUP MINING AND CONSTRUCTION S.A.C.-ZANINGROUP S.A.C.,Jeancarlos Castillo,3.356,2774.15,2774.15,826.62,826.62,Operacion,,MANTENIMIENTO: RM-24611 - INSPECCION,Horas,0.3865,0.3865,5.96,5.96,1.78,1.78
RM-24611,Terminado,Real,2026-07-24,2026-08-10,OPP-0000000004,026-0011970,F 004-00002275,[51001929] ENFRIADOR HIDRAULICO EH11 (copiar),1.0,ZANINGROUP MINING AND CONSTRUCTION S.A.C.-ZANINGROUP S.A.C.,Jeancarlos Castillo,3.356,2774.15,2774.15,826.62,826.62,Operacion,,LAVADO: RM-24611 - LAVADO,Horas,1.9091666666666667,1.9091666666666667,33.18,33.18,9.89,9.89
RM-24611,Terminado,Real,2026-07-24,2026-08-10,OPP-0000000004,026-0011970,F 004-00002275,[51001929] ENFRIADOR HIDRAULICO EH11 (copiar),1.0,ZANINGROUP MINING AND CONSTRUCTION S.A.C.-ZANINGROUP S.A.C.,Jeancarlos Castillo,3.356,2774.15,2774.15,826.62,826.62,Operacion,,PRUEBAS: RM-24611 - PRUEBA,Horas,2.0511666666666666,2.0511666666666666,34.25,34.25,10.21,10.21
RM-24611,Terminado,Real,2026-07-24,2026-08-10,OPP-0000000004,026-0011970,F 004-00002275,[51001929] ENFRIADOR HIDRAULICO EH11 (copiar),1.0,ZANINGROUP MINING AND CONSTRUCTION S.A.C.-ZANINGROUP S.A.C.,Jeancarlos Castillo,3.356,2774.15,2774.15,826.62,826.62,Operacion,,MANTENIMIENTO: RM-24611 - ENDERESADO DE LAMINAS,Horas,2.0501666666666667,2.0501666666666667,31.59,31.59,9.41,9.41
RM-24611,Terminado,Real,2026-07-24,2026-08-10,OPP-0000000004,026-0011970,F 004-00002275,[51001929] ENFRIADOR HIDRAULICO EH11 (copiar),1.0,ZANINGROUP MINING AND CONSTRUCTION S.A.C.-ZANINGROUP S.A.C.,Jeancarlos Castillo,3.356,2774.15,2774.15,826.62,826.62,Operacion,,MANTENIMIENTO: RM-24611 - ENDERESADO DE LAMINAS,Horas,1.25,1.25,19.26,19.26,5.74,5.74
RM-24611,Terminado,Real,2026-07-24,2026-08-10,OPP-0000000004,026-0011970,F 004-00002275,[51001929] ENFRIADOR HIDRAULICO EH11 (copiar),1.0,ZANINGROUP MINING AND CONSTRUCTION S.A.C.-ZANINGROUP S.A.C.,Jeancarlos Castillo,3.356,2774.15,2774.15,826.62,826.62,Operacion,,PINTURA: RM-24611 - PINTADO,Horas,0.41650000000000004,0.41650000000000004,7.8100000000000005,7.8100000000000005,2.33,2.33
RM-24611,Terminado,Real,2026-07-24,2026-08-10,OPP-0000000004,026-0011970,F 004-00002275,[51001929] ENFRIADOR HIDRAULICO EH11 (copiar),1.0,ZANINGROUP MINING AND CONSTRUCTION S.A.C.-ZANINGROUP S.A.C.,Jeancarlos Castillo,3.356,2774.15,2774.15,826.62,826.62,Operacion,,QUINTANA TACSA ANGEL VICENTE: RM-24611 - INSPECCION,Horas,0.3863333333333333,0.3863333333333333,0.0,0.0,0.0,0.0
RM-24611,Terminado,Real,2026-07-24,2026-08-10,OPP-0000000004,026-0011970,F 004-00002275,[51001929] ENFRIADOR HIDRAULICO EH11 (copiar),1.0,ZANINGROUP MINING AND CONSTRUCTION S.A.C.-ZANINGROUP S.A.C.,Jeancarlos Castillo,3.356,2774.15,2774.15,826.62,826.62,Operacion,,SEGUNDO ALEJANDRO SANTILLAN ZUÑIGA: RM-24611 - LAVADO,Horas,1.9091666666666667,1.9091666666666667,0.0,0.0,0.0,0.0
RM-24611,Terminado,Real,2026-07-24,2026-08-10,OPP-0000000004,026-0011970,F 004-00002275,[51001929] ENFRIADOR HIDRAULICO EH11 (copiar),1.0,ZANINGROUP MINING AND CONSTRUCTION S.A.C.-ZANINGROUP S.A.C.,Jeancarlos Castillo,3.356,2774.15,2774.15,826.62,826.62,Operacion,,SEGUNDO ALEJANDRO SANTILLAN ZUÑIGA: RM-24611 - PRUEBA,Horas,2.0511666666666666,2.0511666666666666,0.0,0.0,0.0,0.0
RM-24611,Terminado,Real,2026-07-24,2026-08-10,OPP-0000000004,026-0011970,F 004-00002275,[51001929] ENFRIADOR HIDRAULICO EH11 (copiar),1.0,ZANINGROUP MINING AND CONSTRUCTION S.A.C.-ZANINGROUP S.A.C.,Jeancarlos Castillo,3.356,2774.15,2774.15,826.62,826.62,Operacion,,SEGUNDO ALEJANDRO SANTILLAN ZUÑIGA: RM-24611 - ENDERESADO DE LAMINAS,Horas,2.05,2.05,0.0,0.0,0.0,0.0
RM-24611,Terminado,Real,2026-07-24,2026-08-10,OPP-0000000004,026-0011970,F 004-00002275,[51001929] ENFRIADOR HIDRAULICO EH11 (copiar),1.0,ZANINGROUP MINING AND CONSTRUCTION S.A.C.-ZANINGROUP S.A.C.,Jeancarlos Castillo,3.356,2774.15,2774.15,826.62,826.62,Operacion,,SEGUNDO ALEJANDRO SANTILLAN ZUÑIGA: RM-24611 - ENDERESADO DE LAMINAS,Horas,1.25,1.25,0.0,0.0,0.0,0.0
RM-24611,Terminado,Real,2026-07-24,2026-08-10,OPP-0000000004,026-0011970,F 004-00002275,[51001929] ENFRIADOR HIDRAULICO EH11 (copiar),1.0,ZANINGROUP MINING AND CONSTRUCTION S.A.C.-ZANINGROUP S.A.C.,Jeancarlos Castillo,3.356,2774.15,2774.15,826.62,826.62,Operacion,,SEGUNDO ALEJANDRO SANTILLAN ZUÑIGA: RM-24611 - PINTADO,Horas,0.41650000000000004,0.41650000000000004,0.0,0.0,0.0,0.0
RM-24599,Terminado,Real,2026-07-27,2026-07-31,OPP-0000000062,026-0011940,F 004-00002203,[51002957] RADIADOR COMPLETO P/ DUMPER MT2010,1.0,SERVICIOS MINEROS RF S.A.C.,Manuel Alvarez,3.391,6973.7,6973.7,2056.53,2056.53,Componente,10100053,LIJA PLIEGO TELA P/METAL G. 80 - 1.1/2 (230X280MM),Units,3.0,3.0,5.83,5.83,1.72,1.72
RM-24599,Terminado,Real,2026-07-27,2026-07-31,OPP-0000000062,026-0011940,F 004-00002203,[51002957] RADIADOR COMPLETO P/ DUMPER MT2010,1.0,SERVICIOS MINEROS RF S.A.C.,Manuel Alvarez,3.391,6973.7,6973.7,2056.53,2056.53,Componente,10100052,LIJA PLIEGO TELA P/METAL G. 60 - 2 (230X280MM),Units,3.0,3.0,6.76,6.76,1.99,1.99
RM-24599,Terminado,Real,2026-07-27,2026-07-31,OPP-0000000062,026-0011940,F 004-00002203,[51002957] RADIADOR COMPLETO P/ DUMPER MT2010,1.0,SERVICIOS MINEROS RF S.A.C.,Manuel Alvarez,3.391,6973.7,6973.7,2056.53,2056.53,Componente,10300047,REPUESTO CUCHILLA P/CUTER,Units,2.0,2.0,1.43,1.43,0.42,0.42
RM-24599,Terminado,Real,2026-07-27,2026-07-31,OPP-0000000062,026-0011940,F 004-00002203,[51002957] RADIADOR COMPLETO P/ DUMPER MT2010,1.0,SERVICIOS MINEROS RF S.A.C.,Manuel Alvarez,3.391,6973.7,6973.7,2056.53,2056.53,Componente,15000020,SOLDADURA DE ESTAÑO 50/50  0.10 X 12MM ,kg,1.097,1.097,94.27,94.27,27.8,27.8
RM-24599,Terminado,Real,2026-07-27,2026-07-31,OPP-0000000062,026-0011940,F 004-00002203,[51002957] RADIADOR COMPLETO P/ DUMPER MT2010,1.0,SERVICIOS MINEROS RF S.A.C.,Manuel Alvarez,3.391,6973.7,6973.7,2056.53,2056.53,Componente,10300433,CINTA TERMICA 30MM (copia),m,3.5,3.5,1.55,1.55,0.46,0.46
RM-24599,Terminado,Real,2026-07-27,2026-07-31,OPP-0000000062,026-0011940,F 004-00002203,[51002957] RADIADOR COMPLETO P/ DUMPER MT2010,1.0,SERVICIOS MINEROS RF S.A.C.,Manuel Alvarez,3.391,6973.7,6973.7,2056.53,2056.53,Componente,10300444,CINTA TERMICA 5MM (copia),m,3.5,3.5,14.83,14.83,4.37,4.37
RM-24599,Terminado,Real,2026-07-27,2026-07-31,OPP-0000000062,026-0011940,F 004-00002203,[51002957] RADIADOR COMPLETO P/ DUMPER MT2010,1.0,SERVICIOS MINEROS RF S.A.C.,Manuel Alvarez,3.391,6973.7,6973.7,2056.53,2056.53,Componente,20100286,FLEJE RIZADO DE COBRE 0.10 X 28 MM,kg,12.63,12.63,0.0,0.0,0.0,0.0
RM-24599,Terminado,Real,2026-07-27,2026-07-31,OPP-0000000062,026-0011940,F 004-00002203,[51002957] RADIADOR COMPLETO P/ DUMPER MT2010,1.0,SERVICIOS MINEROS RF S.A.C.,Manuel Alvarez,3.391,6973.7,6973.7,2056.53,2056.53,Componente,40600477,SELLO DESMONT. S / CANAL HEATEX 721201T V2,Units,156.0,156.0,319.33,319.33,94.17,94.17
RM-24599,Terminado,Real,2026-07-27,2026-07-31,OPP-0000000062,026-0011940,F 004-00002203,[51002957] RADIADOR COMPLETO P/ DUMPER MT2010,1.0,SERVICIOS MINEROS RF S.A.C.,Manuel Alvarez,3.391,6973.7,6973.7,2056.53,2056.53,Componente,40600476,SELLO DESMONT. C / CANAL HEATEX 721201B V2,Units,156.0,156.0,321.84000000000003,321.84000000000003,94.91,94.91
RM-24599,Terminado,Real,2026-07-27,2026-07-31,OPP-0000000062,026-0011940,F 004-00002203,[51002957] RADIADOR COMPLETO P/ DUMPER MT2010,1.0,SERVICIOS MINEROS RF S.A.C.,Manuel Alvarez,3.391,6973.7,6973.7,2056.53,2056.53,Componente,40600322,"FIELTRO INDUSTRIAL 3/4"" * 1/2"" N/P 33083",in,100.0,100.0,6.71,6.71,1.98,1.98
RM-24599,Terminado,Real,2026-07-27,2026-07-31,OPP-0000000062,026-0011940,F 004-00002203,[51002957] RADIADOR COMPLETO P/ DUMPER MT2010,1.0,SERVICIOS MINEROS RF S.A.C.,Manuel Alvarez,3.391,6973.7,6973.7,2056.53,2056.53,Componente,40600321,"FIELTRO INDUSTRIAL 3/4"" * 1"" N/P 33082",in,100.0,100.0,13.14,13.14,3.87,3.87
RM-24599,Terminado,Real,2026-07-27,2026-07-31,OPP-0000000062,026-0011940,F 004-00002203,[51002957] RADIADOR COMPLETO P/ DUMPER MT2010,1.0,SERVICIOS MINEROS RF S.A.C.,Manuel Alvarez,3.391,6973.7,6973.7,2056.53,2056.53,Componente,40600513,SELLO DESMONT. S / CANAL AGUA-AIRE-ACEITE HEATEX,Units,106.0,106.0,322.01,322.01,94.96,94.96
RM-24599,Terminado,Real,2026-07-27,2026-07-31,OPP-0000000062,026-0011940,F 004-00002203,[51002957] RADIADOR COMPLETO P/ DUMPER MT2010,1.0,SERVICIOS MINEROS RF S.A.C.,Manuel Alvarez,3.391,6973.7,6973.7,2056.53,2056.53,Componente,20100149,"TUBO DESMONT. CU 40"" ""M"" WATER-AIR",Units,56.0,56.0,2366.12,2366.12,697.76,697.76
RM-24599,Terminado,Real,2026-07-27,2026-07-31,OPP-0000000062,026-0011940,F 004-00002203,[51002957] RADIADOR COMPLETO P/ DUMPER MT2010,1.0,SERVICIOS MINEROS RF S.A.C.,Manuel Alvarez,3.391,6973.7,6973.7,2056.53,2056.53,Componente,10100091,ESCOBILLA RECTA P/CALDERO 18MM,Units,1.0,1.0,40.78,40.78,12.03,12.03
RM-24599,Terminado,Real,2026-07-27,2026-07-31,OPP-0000000062,026-0011940,F 004-00002203,[51002957] RADIADOR COMPLETO P/ DUMPER MT2010,1.0,SERVICIOS MINEROS RF S.A.C.,Manuel Alvarez,3.391,6973.7,6973.7,2056.53,2056.53,Componente,10100106,ESCOBILLA RECTA P/CALDERO 12 MM,Units,1.0,1.0,29.36,29.36,8.66,8.66
RM-24599,Terminado,Real,2026-07-27,2026-07-31,OPP-0000000062,026-0011940,F 004-00002203,[51002957] RADIADOR COMPLETO P/ DUMPER MT2010,1.0,SERVICIOS MINEROS RF S.A.C.,Manuel Alvarez,3.391,6973.7,6973.7,2056.53,2056.53,Componente,10300463,TRAPO INDUSTRIAL COLORES,kg,1.0,1.0,2.8000000000000003,2.8000000000000003,0.83,0.83
RM-24599,Terminado,Real,2026-07-27,2026-07-31,OPP-0000000062,026-0011940,F 004-00002203,[51002957] RADIADOR COMPLETO P/ DUMPER MT2010,1.0,SERVICIOS MINEROS RF S.A.C.,Manuel Alvarez,3.391,6973.7,6973.7,2056.53,2056.53,Componente,10460134,"PERNO HEXAGONAL FIERRO NEGRO G-8 UNC 3/8"" * 1""",Units,30.0,30.0,8.870000000000001,8.870000000000001,2.62,2.62
RM-24599,Terminado,Real,2026-07-27,2026-07-31,OPP-0000000062,026-0011940,F 004-00002203,[51002957] RADIADOR COMPLETO P/ DUMPER MT2010,1.0,SERVICIOS MINEROS RF S.A.C.,Manuel Alvarez,3.391,6973.7,6973.7,2056.53,2056.53,Componente,10460108,"PERNO HEXAGONAL FIERRO NEGRO G-8 UNC 1/2"" * 1 """,Units,4.0,4.0,3.2,3.2,0.94,0.94
RM-24599,Terminado,Real,2026-07-27,2026-07-31,OPP-0000000062,026-0011940,F 004-00002203,[51002957] RADIADOR COMPLETO P/ DUMPER MT2010,1.0,SERVICIOS MINEROS RF S.A.C.,Manuel Alvarez,3.391,6973.7,6973.7,2056.53,2056.53,Componente,10460109,"PERNO HEXAGONAL FIERRO NEGRO G-8 UNC 1/2"" * 1 1/2""",Units,2.0,2.0,1.9100000000000001,1.9100000000000001,0.56,0.56
RM-24599,Terminado,Real,2026-07-27,2026-07-31,OPP-0000000062,026-0011940,F 004-00002203,[51002957] RADIADOR COMPLETO P/ DUMPER MT2010,1.0,SERVICIOS MINEROS RF S.A.C.,Manuel Alvarez,3.391,6973.7,6973.7,2056.53,2056.53,Componente,10460011,"ARANDELA PLANA GALVANIZADA G-5 3/8""",Units,30.0,30.0,2.36,2.36,0.7,0.7
RM-24599,Terminado,Real,2026-07-27,2026-07-31,OPP-0000000062,026-0011940,F 004-00002203,[51002957] RADIADOR COMPLETO P/ DUMPER MT2010,1.0,SERVICIOS MINEROS RF S.A.C.,Manuel Alvarez,3.391,6973.7,6973.7,2056.53,2056.53,Componente,10480017,PINTURA ESMALTE INDUSTRIAL NEGRO-MATE 1GL ,gal (US),0.5,0.5,29.67,29.67,8.75,8.75
RM-24599,Terminado,Real,2026-07-27,2026-07-31,OPP-0000000062,026-0011940,F 004-00002203,[51002957] RADIADOR COMPLETO P/ DUMPER MT2010,1.0,SERVICIOS MINEROS RF S.A.C.,Manuel Alvarez,3.391,6973.7,6973.7,2056.53,2056.53,Componente,10480007,ADITIVO ACRILICO - THINNER (CILINDRO 55 GALONES),gal (US),2.0,2.0,51.53,51.53,15.2,15.2
RM-24599,Terminado,Real,2026-07-27,2026-07-31,OPP-0000000062,026-0011940,F 004-00002203,[51002957] RADIADOR COMPLETO P/ DUMPER MT2010,1.0,SERVICIOS MINEROS RF S.A.C.,Manuel Alvarez,3.391,6973.7,6973.7,2056.53,2056.53,Componente,10300051,"CINTA TEFLON SHURTAPE 1/2""",Ro,2.0,2.0,0.85,0.85,0.25,0.25
RM-24599,Terminado,Real,2026-07-27,2026-07-31,OPP-0000000062,026-0011940,F 004-00002203,[51002957] RADIADOR COMPLETO P/ DUMPER MT2010,1.0,SERVICIOS MINEROS RF S.A.C.,Manuel Alvarez,3.391,6973.7,6973.7,2056.53,2056.53,Componente,10460008,"ARANDELA PLANA GALVANIZADA G-5 1/2""",Units,8.0,8.0,1.34,1.34,0.4,0.4
RM-24599,Terminado,Real,2026-07-27,2026-07-31,OPP-0000000062,026-0011940,F 004-00002203,[51002957] RADIADOR COMPLETO P/ DUMPER MT2010,1.0,SERVICIOS MINEROS RF S.A.C.,Manuel Alvarez,3.391,6973.7,6973.7,2056.53,2056.53,Componente,40600478,ARANDELA DESMONT. PLASTICA HEATEX RANURADA P / 112630 V2,Units,49.0,49.0,73.54,73.54,21.69,21.69
RM-24599,Terminado,Real,2026-07-27,2026-07-31,OPP-0000000062,026-0011940,F 004-00002203,[51002957] RADIADOR COMPLETO P/ DUMPER MT2010,1.0,SERVICIOS MINEROS RF S.A.C.,Manuel Alvarez,3.391,6973.7,6973.7,2056.53,2056.53,Componente,10520082,SAL INDUSTRIAL X SACO (copiar),gal (US),5.0,5.0,272.85,272.85,80.46,80.46
RM-24599,Terminado,Real,2026-07-27,2026-07-31,OPP-0000000062,026-0011940,F 004-00002203,[51002957] RADIADOR COMPLETO P/ DUMPER MT2010,1.0,SERVICIOS MINEROS RF S.A.C.,Manuel Alvarez,3.391,6973.7,6973.7,2056.53,2056.53,Componente,10520087,CUPROLITE 30,kg,4.0,4.0,32.22,32.22,9.5,9.5
RM-24599,Terminado,Real,2026-07-27,2026-07-31,OPP-0000000062,026-0011940,F 004-00002203,[51002957] RADIADOR COMPLETO P/ DUMPER MT2010,1.0,SERVICIOS MINEROS RF S.A.C.,Manuel Alvarez,3.391,6973.7,6973.7,2056.53,2056.53,Componente,20100159,"TUBO DESMONT. CU 40.00"" ""M"" RINTUSAC (RINTUSAC)",Units,55.0,55.0,2243.13,2243.13,661.5,661.5
RM-24599,Terminado,Real,2026-07-27,2026-07-31,OPP-0000000062,026-0011940,F 004-00002203,[51002957] RADIADOR COMPLETO P/ DUMPER MT2010,1.0,SERVICIOS MINEROS RF S.A.C.,Manuel Alvarez,3.391,6973.7,6973.7,2056.53,2056.53,Operacion,,MANTENIMIENTO: RM-24599 - INSPECCION,Horas,0.3815,0.3815,5.88,5.88,1.73,1.73
RM-24599,Terminado,Real,2026-07-27,2026-07-31,OPP-0000000062,026-0011940,F 004-00002203,[51002957] RADIADOR COMPLETO P/ DUMPER MT2010,1.0,SERVICIOS MINEROS RF S.A.C.,Manuel Alvarez,3.391,6973.7,6973.7,2056.53,2056.53,Operacion,,LAVADO: RM-24599 - LAVADO,Horas,2.1371666666666664,2.1371666666666664,37.14,37.14,10.95,10.95
RM-24599,Terminado,Real,2026-07-27,2026-07-31,OPP-0000000062,026-0011940,F 004-00002203,[51002957] RADIADOR COMPLETO P/ DUMPER MT2010,1.0,SERVICIOS MINEROS RF S.A.C.,Manuel Alvarez,3.391,6973.7,6973.7,2056.53,2056.53,Operacion,,PRUEBAS: RM-24599 - PRUEBAS,Horas,1.9011666666666664,1.9011666666666664,31.75,31.75,9.36,9.36
RM-24599,Terminado,Real,2026-07-27,2026-07-31,OPP-0000000062,026-0011940,F 004-00002203,[51002957] RADIADOR COMPLETO P/ DUMPER MT2010,1.0,SERVICIOS MINEROS RF S.A.C.,Manuel Alvarez,3.391,6973.7,6973.7,2056.53,2056.53,Operacion,,MANTENIMIENTO: RM-24599 - DESMONTAJE,Horas,0.6016666666666667,0.6016666666666667,9.27,9.27,2.73,2.73
RM-24599,Terminado,Real,2026-07-27,2026-07-31,OPP-0000000062,026-0011940,F 004-00002203,[51002957] RADIADOR COMPLETO P/ DUMPER MT2010,1.0,SERVICIOS MINEROS RF S.A.C.,Manuel Alvarez,3.391,6973.7,6973.7,2056.53,2056.53,Operacion,,MANTENIMIENTO: RM-24599 - DESMONTAJE DE TUBOS,Horas,1.8838333333333332,1.8838333333333332,29.03,29.03,8.56,8.56
RM-24599,Terminado,Real,2026-07-27,2026-07-31,OPP-0000000062,026-0011940,F 004-00002203,[51002957] RADIADOR COMPLETO P/ DUMPER MT2010,1.0,SERVICIOS MINEROS RF S.A.C.,Manuel Alvarez,3.391,6973.7,6973.7,2056.53,2056.53,Operacion,,MANTENIMIENTO: RM-24599 - LIJADO DE ESTRUTURA,Horas,2.5046666666666666,2.5046666666666666,38.6,38.6,11.38,11.38
RM-24599,Terminado,Real,2026-07-27,2026-07-31,OPP-0000000062,026-0011940,F 004-00002203,[51002957] RADIADOR COMPLETO P/ DUMPER MT2010,1.0,SERVICIOS MINEROS RF S.A.C.,Manuel Alvarez,3.391,6973.7,6973.7,2056.53,2056.53,Operacion,,MANTENIMIENTO: RM-24599 - HABILITADO DE TUBOS RAD REFRIGERANTE,Horas,2.9725000000000006,2.9725000000000006,45.81,45.81,13.51,13.51
RM-24599,Terminado,Real,2026-07-27,2026-07-31,OPP-0000000062,026-0011940,F 004-00002203,[51002957] RADIADOR COMPLETO P/ DUMPER MT2010,1.0,SERVICIOS MINEROS RF S.A.C.,Manuel Alvarez,3.391,6973.7,6973.7,2056.53,2056.53,Operacion,,PINTURA: RM-24599 - PINTADO ESTROCTURA,Horas,1.4175,1.4175,26.59,26.59,7.84,7.84
RM-24599,Terminado,Real,2026-07-27,2026-07-31,OPP-0000000062,026-0011940,F 004-00002203,[51002957] RADIADOR COMPLETO P/ DUMPER MT2010,1.0,SERVICIOS MINEROS RF S.A.C.,Manuel Alvarez,3.391,6973.7,6973.7,2056.53,2056.53,Operacion,,MANTENIMIENTO: RM-24599 - LIMPIEZA DE TUBOS PARA RELAMINADO,Horas,8.667166666666667,8.667166666666667,133.56,133.56,39.39,39.39
RM-24599,Terminado,Real,2026-07-27,2026-07-31,OPP-0000000062,026-0011940,F 004-00002203,[51002957] RADIADOR COMPLETO P/ DUMPER MT2010,1.0,SERVICIOS MINEROS RF S.A.C.,Manuel Alvarez,3.391,6973.7,6973.7,2056.53,2056.53,Operacion,,ARMADO (PRE-HORNO): RM-24599 - CORTE DE CINTA DE ESTAÑO,Horas,3.0005,3.0005,63.4,63.4,18.7,18.7
RM-24599,Terminado,Real,2026-07-27,2026-07-31,OPP-0000000062,026-0011940,F 004-00002203,[51002957] RADIADOR COMPLETO P/ DUMPER MT2010,1.0,SERVICIOS MINEROS RF S.A.C.,Manuel Alvarez,3.391,6973.7,6973.7,2056.53,2056.53,Operacion,,ARMADO (PRE-HORNO): RM-24599 - COLOCACION DE CINTA TERMICA,Horas,1.8336666666666666,1.8336666666666666,38.75,38.75,11.43,11.43
RM-24599,Terminado,Real,2026-07-27,2026-07-31,OPP-0000000062,026-0011940,F 004-00002203,[51002957] RADIADOR COMPLETO P/ DUMPER MT2010,1.0,SERVICIOS MINEROS RF S.A.C.,Manuel Alvarez,3.391,6973.7,6973.7,2056.53,2056.53,Operacion,,MANTENIMIENTO: RM-24599 - LIMPIEZA DE ALOJAMIENTO DEW SELLOS RAD REFRIGERANTE,Horas,0.43466666666666665,0.43466666666666665,6.7,6.7,1.98,1.98
RM-24599,Terminado,Real,2026-07-27,2026-07-31,OPP-0000000062,026-0011940,F 004-00002203,[51002957] RADIADOR COMPLETO P/ DUMPER MT2010,1.0,SERVICIOS MINEROS RF S.A.C.,Manuel Alvarez,3.391,6973.7,6973.7,2056.53,2056.53,Operacion,,MANTENIMIENTO: RM-24599 - HABILITADO DE TUBOS RAD DE AIRE,Horas,3.8883333333333336,3.8883333333333336,59.92,59.92,17.67,17.67
RM-24599,Terminado,Real,2026-07-27,2026-07-31,OPP-0000000062,026-0011940,F 004-00002203,[51002957] RADIADOR COMPLETO P/ DUMPER MT2010,1.0,SERVICIOS MINEROS RF S.A.C.,Manuel Alvarez,3.391,6973.7,6973.7,2056.53,2056.53,Operacion,,MANTENIMIENTO: RM-24599 - MONTAJE DE TUBOS RAD. DE REFRIGERANTE,Horas,1.8438333333333332,1.8438333333333332,28.41,28.41,8.38,8.38
RM-24599,Terminado,Real,2026-07-27,2026-07-31,OPP-0000000062,026-0011940,F 004-00002203,[51002957] RADIADOR COMPLETO P/ DUMPER MT2010,1.0,SERVICIOS MINEROS RF S.A.C.,Manuel Alvarez,3.391,6973.7,6973.7,2056.53,2056.53,Operacion,,PRUEBAS: RM-24599 - PRUEBA NEUMATICA RAD. DE REFRIGERANTE,Horas,0.7566666666666666,0.7566666666666666,12.64,12.64,3.73,3.73
RM-24599,Terminado,Real,2026-07-27,2026-07-31,OPP-0000000062,026-0011940,F 004-00002203,[51002957] RADIADOR COMPLETO P/ DUMPER MT2010,1.0,SERVICIOS MINEROS RF S.A.C.,Manuel Alvarez,3.391,6973.7,6973.7,2056.53,2056.53,Operacion,,"MANTENIMIENTO: RM-24599 - HABILITADO DE TUBOSA RAD, DE ACEITE",Horas,2.0021666666666667,2.0021666666666667,30.85,30.85,9.1,9.1
RM-24599,Terminado,Real,2026-07-27,2026-07-31,OPP-0000000062,026-0011940,F 004-00002203,[51002957] RADIADOR COMPLETO P/ DUMPER MT2010,1.0,SERVICIOS MINEROS RF S.A.C.,Manuel Alvarez,3.391,6973.7,6973.7,2056.53,2056.53,Operacion,,MANTENIMIENTO: RM-24599 - MONTAJE DE TUBOS RAD DE AIRE,Horas,1.2691666666666668,1.2691666666666668,19.56,19.56,5.77,5.77
RM-24599,Terminado,Real,2026-07-27,2026-07-31,OPP-0000000062,026-0011940,F 004-00002203,[51002957] RADIADOR COMPLETO P/ DUMPER MT2010,1.0,SERVICIOS MINEROS RF S.A.C.,Manuel Alvarez,3.391,6973.7,6973.7,2056.53,2056.53,Operacion,,MANTENIMIENTO: RM-24599 - MONTAJE DE TUBOS RAD DE ACEITE,Horas,2.168833333333333,2.168833333333333,33.42,33.42,9.86,9.86
RM-24599,Terminado,Real,2026-07-27,2026-07-31,OPP-0000000062,026-0011940,F 004-00002203,[51002957] RADIADOR COMPLETO P/ DUMPER MT2010,1.0,SERVICIOS MINEROS RF S.A.C.,Manuel Alvarez,3.391,6973.7,6973.7,2056.53,2056.53,Operacion,,PRUEBAS: RM-24599 - PRUEBA NEUMATICA,Horas,0.7521666666666668,0.7521666666666668,12.56,12.56,3.7,3.7
RM-24599,Terminado,Real,2026-07-27,2026-07-31,OPP-0000000062,026-0011940,F 004-00002203,[51002957] RADIADOR COMPLETO P/ DUMPER MT2010,1.0,SERVICIOS MINEROS RF S.A.C.,Manuel Alvarez,3.391,6973.7,6973.7,2056.53,2056.53,Operacion,,MANTENIMIENTO: RM-24599 - MONTAJE FINAL,Horas,1.7188333333333332,1.7188333333333332,26.490000000000002,26.490000000000002,7.81,7.81
RM-24599,Terminado,Real,2026-07-27,2026-07-31,OPP-0000000062,026-0011940,F 004-00002203,[51002957] RADIADOR COMPLETO P/ DUMPER MT2010,1.0,SERVICIOS MINEROS RF S.A.C.,Manuel Alvarez,3.391,6973.7,6973.7,2056.53,2056.53,Operacion,,EMBALAJE: RM-24599 - EMBALAJE,Horas,0.8966666666666666,0.8966666666666666,15.14,15.14,4.46,4.46
RM-24599,Terminado,Real,2026-07-27,2026-07-31,OPP-0000000062,026-0011940,F 004-00002203,[51002957] RADIADOR COMPLETO P/ DUMPER MT2010,1.0,SERVICIOS MINEROS RF S.A.C.,Manuel Alvarez,3.391,6973.7,6973.7,2056.53,2056.53,Operacion,,QUINTANA TACSA ANGEL VICENTE: RM-24599 - INSPECCION,Horas,0.38149999999999995,0.38149999999999995,0.0,0.0,0.0,0.0
RM-24599,Terminado,Real,2026-07-27,2026-07-31,OPP-0000000062,026-0011940,F 004-00002203,[51002957] RADIADOR COMPLETO P/ DUMPER MT2010,1.0,SERVICIOS MINEROS RF S.A.C.,Manuel Alvarez,3.391,6973.7,6973.7,2056.53,2056.53,Operacion,,SEGUNDO ALEJANDRO SANTILLAN ZUÑIGA: RM-24599 - LAVADO,Horas,2.1371666666666664,2.1371666666666664,0.0,0.0,0.0,0.0
RM-24599,Terminado,Real,2026-07-27,2026-07-31,OPP-0000000062,026-0011940,F 004-00002203,[51002957] RADIADOR COMPLETO P/ DUMPER MT2010,1.0,SERVICIOS MINEROS RF S.A.C.,Manuel Alvarez,3.391,6973.7,6973.7,2056.53,2056.53,Operacion,,SEGUNDO ALEJANDRO SANTILLAN ZUÑIGA: RM-24599 - PRUEBAS,Horas,1.9011666666666664,1.9011666666666664,0.0,0.0,0.0,0.0
RM-24599,Terminado,Real,2026-07-27,2026-07-31,OPP-0000000062,026-0011940,F 004-00002203,[51002957] RADIADOR COMPLETO P/ DUMPER MT2010,1.0,SERVICIOS MINEROS RF S.A.C.,Manuel Alvarez,3.391,6973.7,6973.7,2056.53,2056.53,Operacion,,SEGUNDO ALEJANDRO SANTILLAN ZUÑIGA: RM-24599 - DESMONTAJE,Horas,0.6016666666666667,0.6016666666666667,0.0,0.0,0.0,0.0
RM-24599,Terminado,Real,2026-07-27,2026-07-31,OPP-0000000062,026-0011940,F 004-00002203,[51002957] RADIADOR COMPLETO P/ DUMPER MT2010,1.0,SERVICIOS MINEROS RF S.A.C.,Manuel Alvarez,3.391,6973.7,6973.7,2056.53,2056.53,Operacion,,SEGUNDO ALEJANDRO SANTILLAN ZUÑIGA: RM-24599 - DESMONTAJE DE TUBOS,Horas,1.8838333333333332,1.8838333333333332,0.0,0.0,0.0,0.0
RM-24599,Terminado,Real,2026-07-27,2026-07-31,OPP-0000000062,026-0011940,F 004-00002203,[51002957] RADIADOR COMPLETO P/ DUMPER MT2010,1.0,SERVICIOS MINEROS RF S.A.C.,Manuel Alvarez,3.391,6973.7,6973.7,2056.53,2056.53,Operacion,,SEGUNDO ALEJANDRO SANTILLAN ZUÑIGA: RM-24599 - LIJADO DE ESTRUTURA,Horas,2.5046666666666666,2.5046666666666666,0.0,0.0,0.0,0.0
RM-24599,Terminado,Real,2026-07-27,2026-07-31,OPP-0000000062,026-0011940,F 004-00002203,[51002957] RADIADOR COMPLETO P/ DUMPER MT2010,1.0,SERVICIOS MINEROS RF S.A.C.,Manuel Alvarez,3.391,6973.7,6973.7,2056.53,2056.53,Operacion,,SEGUNDO ALEJANDRO SANTILLAN ZUÑIGA: RM-24599 - HABILITADO DE TUBOS RAD REFRIGERANTE,Horas,2.9724999999999997,2.9724999999999997,0.0,0.0,0.0,0.0
RM-24599,Terminado,Real,2026-07-27,2026-07-31,OPP-0000000062,026-0011940,F 004-00002203,[51002957] RADIADOR COMPLETO P/ DUMPER MT2010,1.0,SERVICIOS MINEROS RF S.A.C.,Manuel Alvarez,3.391,6973.7,6973.7,2056.53,2056.53,Operacion,,SEGUNDO ALEJANDRO SANTILLAN ZUÑIGA: RM-24599 - PINTADO ESTROCTURA,Horas,1.4175,1.4175,0.0,0.0,0.0,0.0
RM-24599,Terminado,Real,2026-07-27,2026-07-31,OPP-0000000062,026-0011940,F 004-00002203,[51002957] RADIADOR COMPLETO P/ DUMPER MT2010,1.0,SERVICIOS MINEROS RF S.A.C.,Manuel Alvarez,3.391,6973.7,6973.7,2056.53,2056.53,Operacion,,SEGUNDO ALEJANDRO SANTILLAN ZUÑIGA: RM-24599 - LIMPIEZA DE TUBOS PARA RELAMINADO,Horas,8.667166666666667,8.667166666666667,0.0,0.0,0.0,0.0
RM-24599,Terminado,Real,2026-07-27,2026-07-31,OPP-0000000062,026-0011940,F 004-00002203,[51002957] RADIADOR COMPLETO P/ DUMPER MT2010,1.0,SERVICIOS MINEROS RF S.A.C.,Manuel Alvarez,3.391,6973.7,6973.7,2056.53,2056.53,Operacion,,SEGUNDO ALEJANDRO SANTILLAN ZUÑIGA: RM-24599 - CORTE DE CINTA DE ESTAÑO,Horas,3.0005,3.0005,0.0,0.0,0.0,0.0
RM-24599,Terminado,Real,2026-07-27,2026-07-31,OPP-0000000062,026-0011940,F 004-00002203,[51002957] RADIADOR COMPLETO P/ DUMPER MT2010,1.0,SERVICIOS MINEROS RF S.A.C.,Manuel Alvarez,3.391,6973.7,6973.7,2056.53,2056.53,Operacion,,SEGUNDO ALEJANDRO SANTILLAN ZUÑIGA: RM-24599 - COLOCACION DE CINTA TERMICA,Horas,1.8336666666666666,1.8336666666666666,0.0,0.0,0.0,0.0
RM-24599,Terminado,Real,2026-07-27,2026-07-31,OPP-0000000062,026-0011940,F 004-00002203,[51002957] RADIADOR COMPLETO P/ DUMPER MT2010,1.0,SERVICIOS MINEROS RF S.A.C.,Manuel Alvarez,3.391,6973.7,6973.7,2056.53,2056.53,Operacion,,SEGUNDO ALEJANDRO SANTILLAN ZUÑIGA: RM-24599 - LIMPIEZA DE ALOJAMIENTO DEW SELLOS RAD REFRIGERANTE,Horas,0.43466666666666665,0.43466666666666665,0.0,0.0,0.0,0.0
RM-24599,Terminado,Real,2026-07-27,2026-07-31,OPP-0000000062,026-0011940,F 004-00002203,[51002957] RADIADOR COMPLETO P/ DUMPER MT2010,1.0,SERVICIOS MINEROS RF S.A.C.,Manuel Alvarez,3.391,6973.7,6973.7,2056.53,2056.53,Operacion,,SEGUNDO ALEJANDRO SANTILLAN ZUÑIGA: RM-24599 - HABILITADO DE TUBOS RAD DE AIRE,Horas,3.8883333333333336,3.8883333333333336,0.0,0.0,0.0,0.0
RM-24599,Terminado,Real,2026-07-27,2026-07-31,OPP-0000000062,026-0011940,F 004-00002203,[51002957] RADIADOR COMPLETO P/ DUMPER MT2010,1.0,SERVICIOS MINEROS RF S.A.C.,Manuel Alvarez,3.391,6973.7,6973.7,2056.53,2056.53,Operacion,,SEGUNDO ALEJANDRO SANTILLAN ZUÑIGA: RM-24599 - MONTAJE DE TUBOS RAD. DE REFRIGERANTE,Horas,1.8438333333333332,1.8438333333333332,0.0,0.0,0.0,0.0
RM-24599,Terminado,Real,2026-07-27,2026-07-31,OPP-0000000062,026-0011940,F 004-00002203,[51002957] RADIADOR COMPLETO P/ DUMPER MT2010,1.0,SERVICIOS MINEROS RF S.A.C.,Manuel Alvarez,3.391,6973.7,6973.7,2056.53,2056.53,Operacion,,SEGUNDO ALEJANDRO SANTILLAN ZUÑIGA: RM-24599 - PRUEBA NEUMATICA RAD. DE REFRIGERANTE,Horas,0.7566666666666666,0.7566666666666666,0.0,0.0,0.0,0.0
RM-24599,Terminado,Real,2026-07-27,2026-07-31,OPP-0000000062,026-0011940,F 004-00002203,[51002957] RADIADOR COMPLETO P/ DUMPER MT2010,1.0,SERVICIOS MINEROS RF S.A.C.,Manuel Alvarez,3.391,6973.7,6973.7,2056.53,2056.53,Operacion,,"SEGUNDO ALEJANDRO SANTILLAN ZUÑIGA: RM-24599 - HABILITADO DE TUBOSA RAD, DE ACEITE",Horas,2.0021666666666667,2.0021666666666667,0.0,0.0,0.0,0.0
RM-24599,Terminado,Real,2026-07-27,2026-07-31,OPP-0000000062,026-0011940,F 004-00002203,[51002957] RADIADOR COMPLETO P/ DUMPER MT2010,1.0,SERVICIOS MINEROS RF S.A.C.,Manuel Alvarez,3.391,6973.7,6973.7,2056.53,2056.53,Operacion,,SEGUNDO ALEJANDRO SANTILLAN ZUÑIGA: RM-24599 - MONTAJE DE TUBOS RAD DE AIRE,Horas,1.2691666666666668,1.2691666666666668,0.0,0.0,0.0,0.0
RM-24599,Terminado,Real,2026-07-27,2026-07-31,OPP-0000000062,026-0011940,F 004-00002203,[51002957] RADIADOR COMPLETO P/ DUMPER MT2010,1.0,SERVICIOS MINEROS RF S.A.C.,Manuel Alvarez,3.391,6973.7,6973.7,2056.53,2056.53,Operacion,,SEGUNDO ALEJANDRO SANTILLAN ZUÑIGA: RM-24599 - MONTAJE DE TUBOS RAD DE ACEITE,Horas,2.168833333333333,2.168833333333333,0.0,0.0,0.0,0.0
RM-24599,Terminado,Real,2026-07-27,2026-07-31,OPP-0000000062,026-0011940,F 004-00002203,[51002957] RADIADOR COMPLETO P/ DUMPER MT2010,1.0,SERVICIOS MINEROS RF S.A.C.,Manuel Alvarez,3.391,6973.7,6973.7,2056.53,2056.53,Operacion,,SEGUNDO ALEJANDRO SANTILLAN ZUÑIGA: RM-24599 - PRUEBA NEUMATICA,Horas,0.7521666666666668,0.7521666666666668,0.0,0.0,0.0,0.0
RM-24599,Terminado,Real,2026-07-27,2026-07-31,OPP-0000000062,026-0011940,F 004-00002203,[51002957] RADIADOR COMPLETO P/ DUMPER MT2010,1.0,SERVICIOS MINEROS RF S.A.C.,Manuel Alvarez,3.391,6973.7,6973.7,2056.53,2056.53,Operacion,,SEGUNDO ALEJANDRO SANTILLAN ZUÑIGA: RM-24599 - MONTAJE FINAL,Horas,1.7188333333333332,1.7188333333333332,0.0,0.0,0.0,0.0
RM-24599,Terminado,Real,2026-07-27,2026-07-31,OPP-0000000062,026-0011940,F 004-00002203,[51002957] RADIADOR COMPLETO P/ DUMPER MT2010,1.0,SERVICIOS MINEROS RF S.A.C.,Manuel Alvarez,3.391,6973.7,6973.7,2056.53,2056.53,Operacion,,SEGUNDO ALEJANDRO SANTILLAN ZUÑIGA: RM-24599 - EMBALAJE,Horas,0.8966666666666666,0.8966666666666666,0.0,0.0,0.0,0.0
RM-24595,Terminado,Real,2026-08-01,2026-09-08,OPP-0000000356,026-0011942,F 004-00002244,[51002120] ENFRIADOR DEL GENERADOR # 1 REMOLCADOR TORTEL (copiar),1.0,MINSUR S. A.,Mercedes Quispe,3.361,5040.31,5040.31,1499.65,1499.65,Componente,20100144,ALUMINUM FOIL 0.15x175mm (copiar),Units,66.0,66.0,2585.91,2585.91,769.39,769.39
RM-24595,Terminado,Real,2026-08-01,2026-09-08,OPP-0000000356,026-0011942,F 004-00002244,[51002120] ENFRIADOR DEL GENERADOR # 1 REMOLCADOR TORTEL (copiar),1.0,MINSUR S. A.,Mercedes Quispe,3.361,5040.31,5040.31,1499.65,1499.65,Componente,40600464,"GRAPA  DESMONT. TIPO ""V"" HEATEX  M/HTX-80110 V2024",Units,20.0,20.0,24.55,24.55,7.3,7.3
RM-24595,Terminado,Real,2026-08-01,2026-09-08,OPP-0000000356,026-0011942,F 004-00002244,[51002120] ENFRIADOR DEL GENERADOR # 1 REMOLCADOR TORTEL (copiar),1.0,MINSUR S. A.,Mercedes Quispe,3.361,5040.31,5040.31,1499.65,1499.65,Componente,40600479,GRAPA DESMONT. MEDIA LUNA HEATEX 105753 V2,Units,10.0,10.0,18.76,18.76,5.58,5.58
RM-24595,Terminado,Real,2026-08-01,2026-09-08,OPP-0000000356,026-0011942,F 004-00002244,[51002120] ENFRIADOR DEL GENERADOR # 1 REMOLCADOR TORTEL (copiar),1.0,MINSUR S. A.,Mercedes Quispe,3.361,5040.31,5040.31,1499.65,1499.65,Componente,40600134,ARANDELA DESMONT. PLASTICA HEATEX RANURADA P / 112630,Units,15.0,15.0,13.950000000000001,13.950000000000001,4.15,4.15
RM-24595,Terminado,Real,2026-08-01,2026-09-08,OPP-0000000356,026-0011942,F 004-00002244,[51002120] ENFRIADOR DEL GENERADOR # 1 REMOLCADOR TORTEL (copiar),1.0,MINSUR S. A.,Mercedes Quispe,3.361,5040.31,5040.31,1499.65,1499.65,Componente,40600322,"FIELTRO INDUSTRIAL 3/4"" * 1/2"" N/P 33083",in,100.0,100.0,6.7,6.7,1.99,1.99
RM-24595,Terminado,Real,2026-08-01,2026-09-08,OPP-0000000356,026-0011942,F 004-00002244,[51002120] ENFRIADOR DEL GENERADOR # 1 REMOLCADOR TORTEL (copiar),1.0,MINSUR S. A.,Mercedes Quispe,3.361,5040.31,5040.31,1499.65,1499.65,Componente,40600321,"FIELTRO INDUSTRIAL 3/4"" * 1"" N/P 33082",in,100.0,100.0,13.14,13.14,3.91,3.91
RM-24595,Terminado,Real,2026-08-01,2026-09-08,OPP-0000000356,026-0011942,F 004-00002244,[51002120] ENFRIADOR DEL GENERADOR # 1 REMOLCADOR TORTEL (copiar),1.0,MINSUR S. A.,Mercedes Quispe,3.361,5040.31,5040.31,1499.65,1499.65,Componente,40600512,SELLO DESMONT. C / CANAL AGUA-AIRE-ACEITE HEATEX,Units,51.0,51.0,150.17000000000002,150.17000000000002,44.68,44.68
RM-24595,Terminado,Real,2026-08-01,2026-09-08,OPP-0000000356,026-0011942,F 004-00002244,[51002120] ENFRIADOR DEL GENERADOR # 1 REMOLCADOR TORTEL (copiar),1.0,MINSUR S. A.,Mercedes Quispe,3.361,5040.31,5040.31,1499.65,1499.65,Componente,40600513,SELLO DESMONT. S / CANAL AGUA-AIRE-ACEITE HEATEX,Units,119.0,119.0,349.05,349.05,103.85,103.85
RM-24595,Terminado,Real,2026-08-01,2026-09-08,OPP-0000000356,026-0011942,F 004-00002244,[51002120] ENFRIADOR DEL GENERADOR # 1 REMOLCADOR TORTEL (copiar),1.0,MINSUR S. A.,Mercedes Quispe,3.361,5040.31,5040.31,1499.65,1499.65,Componente,10100053,LIJA PLIEGO TELA P/METAL G. 80 - 1.1/2 (230X280MM),Units,5.0,5.0,9.93,9.93,2.95,2.95
RM-24595,Terminado,Real,2026-08-01,2026-09-08,OPP-0000000356,026-0011942,F 004-00002244,[51002120] ENFRIADOR DEL GENERADOR # 1 REMOLCADOR TORTEL (copiar),1.0,MINSUR S. A.,Mercedes Quispe,3.361,5040.31,5040.31,1499.65,1499.65,Componente,10100052,LIJA PLIEGO TELA P/METAL G. 60 - 2 (230X280MM),Units,5.0,5.0,10.8,10.8,3.21,3.21
RM-24595,Terminado,Real,2026-08-01,2026-09-08,OPP-0000000356,026-0011942,F 004-00002244,[51002120] ENFRIADOR DEL GENERADOR # 1 REMOLCADOR TORTEL (copiar),1.0,MINSUR S. A.,Mercedes Quispe,3.361,5040.31,5040.31,1499.65,1499.65,Componente,10380038,ADITIVO INBIHIDOR DE CORROSION PARA INTERIORES AGS X 3.785L (1 GALON),L,1.0,1.0,90.91,90.91,27.05,27.05
RM-24595,Terminado,Real,2026-08-01,2026-09-08,OPP-0000000356,026-0011942,F 004-00002244,[51002120] ENFRIADOR DEL GENERADOR # 1 REMOLCADOR TORTEL (copiar),1.0,MINSUR S. A.,Mercedes Quispe,3.361,5040.31,5040.31,1499.65,1499.65,Componente,10520082,SAL INDUSTRIAL X SACO (copiar),gal (US),5.0,5.0,273.51,273.51,81.38,81.38
RM-24595,Terminado,Real,2026-08-01,2026-09-08,OPP-0000000356,026-0011942,F 004-00002244,[51002120] ENFRIADOR DEL GENERADOR # 1 REMOLCADOR TORTEL (copiar),1.0,MINSUR S. A.,Mercedes Quispe,3.361,5040.31,5040.31,1499.65,1499.65,Componente,40600134,ARANDELA DESMONT. PLASTICA HEATEX RANURADA P / 112630,Units,38.0,38.0,35.34,35.34,10.51,10.51
RM-24595,Terminado,Real,2026-08-01,2026-09-08,OPP-0000000356,026-0011942,F 004-00002244,[51002120] ENFRIADOR DEL GENERADOR # 1 REMOLCADOR TORTEL (copiar),1.0,MINSUR S. A.,Mercedes Quispe,3.361,5040.31,5040.31,1499.65,1499.65,Componente,10520087,CUPROLITE 30,kg,24.0,24.0,191.51,191.51,56.98,56.98
RM-24595,Terminado,Real,2026-08-01,2026-09-08,OPP-0000000356,026-0011942,F 004-00002244,[51002120] ENFRIADOR DEL GENERADOR # 1 REMOLCADOR TORTEL (copiar),1.0,MINSUR S. A.,Mercedes Quispe,3.361,5040.31,5040.31,1499.65,1499.65,Componente,10460191,PERNO HEXAGONAL FIERRO NEGRO G-8 UNC M10 x 40mm,Units,2.0,2.0,1.75,1.75,0.52,0.52
RM-24595,Terminado,Real,2026-08-01,2026-09-08,OPP-0000000356,026-0011942,F 004-00002244,[51002120] ENFRIADOR DEL GENERADOR # 1 REMOLCADOR TORTEL (copiar),1.0,MINSUR S. A.,Mercedes Quispe,3.361,5040.31,5040.31,1499.65,1499.65,Componente,40600476,SELLO DESMONT. C / CANAL HEATEX 721201B V2,Units,120.0,120.0,230.53,230.53,68.59,68.59
RM-24595,Terminado,Real,2026-08-01,2026-09-08,OPP-0000000356,026-0011942,F 004-00002244,[51002120] ENFRIADOR DEL GENERADOR # 1 REMOLCADOR TORTEL (copiar),1.0,MINSUR S. A.,Mercedes Quispe,3.361,5040.31,5040.31,1499.65,1499.65,Componente,40600477,SELLO DESMONT. S / CANAL HEATEX 721201T V2,Units,120.0,120.0,228.04,228.04,67.85,67.85
RM-24595,Terminado,Real,2026-08-01,2026-09-08,OPP-0000000356,026-0011942,F 004-00002244,[51002120] ENFRIADOR DEL GENERADOR # 1 REMOLCADOR TORTEL (copiar),1.0,MINSUR S. A.,Mercedes Quispe,3.361,5040.31,5040.31,1499.65,1499.65,Componente,10100052,LIJA PLIEGO TELA P/METAL G. 60 - 2 (230X280MM),Units,3.0,3.0,6.48,6.48,1.93,1.93
RM-24595,Terminado,Real,2026-08-01,2026-09-08,OPP-0000000356,026-0011942,F 004-00002244,[51002120] ENFRIADOR DEL GENERADOR # 1 REMOLCADOR TORTEL (copiar),1.0,MINSUR S. A.,Mercedes Quispe,3.361,5040.31,5040.31,1499.65,1499.65,Componente,10100051,LIJA PLIEGO TELA P/METAL G. 40 - 3 (230X280MM),Units,3.0,3.0,5.66,5.66,1.68,1.68
RM-24595,Terminado,Real,2026-08-01,2026-09-08,OPP-0000000356,026-0011942,F 004-00002244,[51002120] ENFRIADOR DEL GENERADOR # 1 REMOLCADOR TORTEL (copiar),1.0,MINSUR S. A.,Mercedes Quispe,3.361,5040.31,5040.31,1499.65,1499.65,Componente,10100091,ESCOBILLA RECTA P/CALDERO 18MM,Units,1.0,1.0,38.61,38.61,11.49,11.49
RM-24595,Terminado,Real,2026-08-01,2026-09-08,OPP-0000000356,026-0011942,F 004-00002244,[51002120] ENFRIADOR DEL GENERADOR # 1 REMOLCADOR TORTEL (copiar),1.0,MINSUR S. A.,Mercedes Quispe,3.361,5040.31,5040.31,1499.65,1499.65,Componente,10100105,ESCOBILLA RECTA P/CALDERO 10 MM,Units,1.0,1.0,29.05,29.05,8.64,8.64
RM-24595,Terminado,Real,2026-08-01,2026-09-08,OPP-0000000356,026-0011942,F 004-00002244,[51002120] ENFRIADOR DEL GENERADOR # 1 REMOLCADOR TORTEL (copiar),1.0,MINSUR S. A.,Mercedes Quispe,3.361,5040.31,5040.31,1499.65,1499.65,Componente,10480017,PINTURA ESMALTE INDUSTRIAL NEGRO-MATE 1GL ,gal (US),1.0,1.0,58.65,58.65,17.45,17.45
RM-24595,Terminado,Real,2026-08-01,2026-09-08,OPP-0000000356,026-0011942,F 004-00002244,[51002120] ENFRIADOR DEL GENERADOR # 1 REMOLCADOR TORTEL (copiar),1.0,MINSUR S. A.,Mercedes Quispe,3.361,5040.31,5040.31,1499.65,1499.65,Componente,10480007,ADITIVO ACRILICO - THINNER (CILINDRO 55 GALONES),gal (US),1.5,1.5,38.65,38.65,11.5,11.5
RM-24595,Terminado,Real,2026-08-01,2026-09-08,OPP-0000000356,026-0011942,F 004-00002244,[51002120] ENFRIADOR DEL GENERADOR # 1 REMOLCADOR TORTEL (copiar),1.0,MINSUR S. A.,Mercedes Quispe,3.361,5040.31,5040.31,1499.65,1499.65,Componente,10220105,"LISTON MADERA CATAHUA 1"" x 4"" X 10┤",Units,16.0,16.0,263.48,263.48,78.39,78.39
RM-24595,Terminado,Real,2026-08-01,2026-09-08,OPP-0000000356,026-0011942,F 004-00002244,[51002120] ENFRIADOR DEL GENERADOR # 1 REMOLCADOR TORTEL (copiar),1.0,MINSUR S. A.,Mercedes Quispe,3.361,5040.31,5040.31,1499.65,1499.65,Componente,10220011,"LISTON MADERA COPAHIBA 1 3/4"" * 3 1/2"" * 8┤",Units,1.0,1.0,45.88,45.88,13.65,13.65
RM-24595,Terminado,Real,2026-08-01,2026-09-08,OPP-0000000356,026-0011942,F 004-00002244,[51002120] ENFRIADOR DEL GENERADOR # 1 REMOLCADOR TORTEL (copiar),1.0,MINSUR S. A.,Mercedes Quispe,3.361,5040.31,5040.31,1499.65,1499.65,Componente,10220005,CARTON CORRUGADO ROLLO 1.64 MT X 50 KG=5 (6 METROS),kg,1.57,1.57,9.06,9.06,2.7,2.7
RM-24595,Terminado,Real,2026-08-01,2026-09-08,OPP-0000000356,026-0011942,F 004-00002244,[51002120] ENFRIADOR DEL GENERADOR # 1 REMOLCADOR TORTEL (copiar),1.0,MINSUR S. A.,Mercedes Quispe,3.361,5040.31,5040.31,1499.65,1499.65,Componente,10220001,"CLAVO MADERA PISTOLA 1 1/2"" (CAJA 30 ROLLOS)",Ro,1.0,1.0,2.18,2.18,0.65,0.65
RM-24595,Terminado,Real,2026-08-01,2026-09-08,OPP-0000000356,026-0011942,F 004-00002244,[51002120] ENFRIADOR DEL GENERADOR # 1 REMOLCADOR TORTEL (copiar),1.0,MINSUR S. A.,Mercedes Quispe,3.361,5040.31,5040.31,1499.65,1499.65,Componente,10220002,"CLAVO MADERA PISTOLA 2"" (CAJA 30 ROLLOS / 28 KG)",Ro,1.0,1.0,3.62,3.62,1.08,1.08
RM-24595,Terminado,Real,2026-08-01,2026-09-08,OPP-0000000356,026-0011942,F 004-00002244,[51002120] ENFRIADOR DEL GENERADOR # 1 REMOLCADOR TORTEL (copiar),1.0,MINSUR S. A.,Mercedes Quispe,3.361,5040.31,5040.31,1499.65,1499.65,Componente,10220120,"STRETCH FILM TRANSPARENTE BOBINA 18"" X 20 MICRAS X 02 KG",Ro,0.5,0.5,11.48,11.48,3.42,3.42
RM-24595,Terminado,Real,2026-08-01,2026-09-08,OPP-0000000356,026-0011942,F 004-00002244,[51002120] ENFRIADOR DEL GENERADOR # 1 REMOLCADOR TORTEL (copiar),1.0,MINSUR S. A.,Mercedes Quispe,3.361,5040.31,5040.31,1499.65,1499.65,Componente,10300463,TRAPO INDUSTRIAL COLORES,kg,1.0,1.0,2.91,2.91,0.87,0.87
RM-24595,Terminado,Real,2026-08-01,2026-09-08,OPP-0000000356,026-0011942,F 004-00002244,[51002120] ENFRIADOR DEL GENERADOR # 1 REMOLCADOR TORTEL (copiar),1.0,MINSUR S. A.,Mercedes Quispe,3.361,5040.31,5040.31,1499.65,1499.65,Componente,10460188,PERNO HEXAGONAL FIERRO NEGRO G-8 UNC M10 x 25mm,Units,42.0,42.0,13.34,13.34,3.97,3.97
RM-24595,Terminado,Real,2026-08-01,2026-09-08,OPP-0000000356,026-0011942,F 004-00002244,[51002120] ENFRIADOR DEL GENERADOR # 1 REMOLCADOR TORTEL (copiar),1.0,MINSUR S. A.,Mercedes Quispe,3.361,5040.31,5040.31,1499.65,1499.65,Componente,10460018,ARANDELA PLANA GALVANIZADA G-5 M10,Units,44.0,44.0,3.18,3.18,0.95,0.95
RM-24595,Terminado,Real,2026-08-01,2026-09-08,OPP-0000000356,026-0011942,F 004-00002244,[51002120] ENFRIADOR DEL GENERADOR # 1 REMOLCADOR TORTEL (copiar),1.0,MINSUR S. A.,Mercedes Quispe,3.361,5040.31,5040.31,1499.65,1499.65,Componente,10460198,PERNO HEXAGONAL FIERRO NEGRO G-8 UNC M12 x 25mm,Units,4.0,4.0,2.08,2.08,0.62,0.62
RM-24595,Terminado,Real,2026-08-01,2026-09-08,OPP-0000000356,026-0011942,F 004-00002244,[51002120] ENFRIADOR DEL GENERADOR # 1 REMOLCADOR TORTEL (copiar),1.0,MINSUR S. A.,Mercedes Quispe,3.361,5040.31,5040.31,1499.65,1499.65,Componente,10460019,ARANDELA PLANA GALVANIZADA G-5 M12,Units,4.0,4.0,0.46,0.46,0.14,0.14
RM-24595,Terminado,Real,2026-08-01,2026-09-08,OPP-0000000356,026-0011942,F 004-00002244,[51002120] ENFRIADOR DEL GENERADOR # 1 REMOLCADOR TORTEL (copiar),1.0,MINSUR S. A.,Mercedes Quispe,3.361,5040.31,5040.31,1499.65,1499.65,Componente,10300051,"CINTA TEFLON SHURTAPE 1/2""",Ro,3.0,3.0,1.27,1.27,0.38,0.38
RM-24595,Terminado,Real,2026-08-01,2026-09-08,OPP-0000000356,026-0011942,F 004-00002244,[51002120] ENFRIADOR DEL GENERADOR # 1 REMOLCADOR TORTEL (copiar),1.0,MINSUR S. A.,Mercedes Quispe,3.361,5040.31,5040.31,1499.65,1499.65,Operacion,,MANTENIMIENTO: RM-24595 - INSPECCION,Horas,0.4036666666666667,0.4036666666666667,6.22,6.22,1.85,1.85
RM-24595,Terminado,Real,2026-08-01,2026-09-08,OPP-0000000356,026-0011942,F 004-00002244,[51002120] ENFRIADOR DEL GENERADOR # 1 REMOLCADOR TORTEL (copiar),1.0,MINSUR S. A.,Mercedes Quispe,3.361,5040.31,5040.31,1499.65,1499.65,Operacion,,LAVADO: RM-24595 - LAVADO,Horas,0.7696666666666666,0.7696666666666666,13.38,13.38,3.98,3.98
RM-24595,Terminado,Real,2026-08-01,2026-09-08,OPP-0000000356,026-0011942,F 004-00002244,[51002120] ENFRIADOR DEL GENERADOR # 1 REMOLCADOR TORTEL (copiar),1.0,MINSUR S. A.,Mercedes Quispe,3.361,5040.31,5040.31,1499.65,1499.65,Operacion,,PRUEBAS: RM-24595 - PRUEBAS,Horas,1.7833333333333334,1.7833333333333334,29.78,29.78,8.86,8.86
RM-24595,Terminado,Real,2026-08-01,2026-09-08,OPP-0000000356,026-0011942,F 004-00002244,[51002120] ENFRIADOR DEL GENERADOR # 1 REMOLCADOR TORTEL (copiar),1.0,MINSUR S. A.,Mercedes Quispe,3.361,5040.31,5040.31,1499.65,1499.65,Operacion,,MANTENIMIENTO: RM-24595 - DESMONTAJE DE TUBOS,Horas,1.1203333333333334,1.1203333333333334,17.26,17.26,5.14,5.14
RM-24595,Terminado,Real,2026-08-01,2026-09-08,OPP-0000000356,026-0011942,F 004-00002244,[51002120] ENFRIADOR DEL GENERADOR # 1 REMOLCADOR TORTEL (copiar),1.0,MINSUR S. A.,Mercedes Quispe,3.361,5040.31,5040.31,1499.65,1499.65,Operacion,,MANTENIMIENTO: RM-24595 - DESMONTAJE,Horas,0.5346666666666666,0.5346666666666666,8.24,8.24,2.45,2.45
RM-24595,Terminado,Real,2026-08-01,2026-09-08,OPP-0000000356,026-0011942,F 004-00002244,[51002120] ENFRIADOR DEL GENERADOR # 1 REMOLCADOR TORTEL (copiar),1.0,MINSUR S. A.,Mercedes Quispe,3.361,5040.31,5040.31,1499.65,1499.65,Operacion,,MANTENIMIENTO: RM-24595 - LIJADO DE ESTRUTURA,Horas,1.8471666666666666,1.8471666666666666,28.46,28.46,8.47,8.47
RM-24595,Terminado,Real,2026-08-01,2026-09-08,OPP-0000000356,026-0011942,F 004-00002244,[51002120] ENFRIADOR DEL GENERADOR # 1 REMOLCADOR TORTEL (copiar),1.0,MINSUR S. A.,Mercedes Quispe,3.361,5040.31,5040.31,1499.65,1499.65,Operacion,,PINTURA: RM-24595 - PINTADO DE ESTRUTURA,Horas,1.2063333333333333,1.2063333333333333,22.63,22.63,6.73,6.73
RM-24595,Terminado,Real,2026-08-01,2026-09-08,OPP-0000000356,026-0011942,F 004-00002244,[51002120] ENFRIADOR DEL GENERADOR # 1 REMOLCADOR TORTEL (copiar),1.0,MINSUR S. A.,Mercedes Quispe,3.361,5040.31,5040.31,1499.65,1499.65,Operacion,,MANTENIMIENTO: RM-24595 - LIJADO DE ESTRUTURA,Horas,2.0028333333333332,2.0028333333333332,30.86,30.86,9.18,9.18
RM-24595,Terminado,Real,2026-08-01,2026-09-08,OPP-0000000356,026-0011942,F 004-00002244,[51002120] ENFRIADOR DEL GENERADOR # 1 REMOLCADOR TORTEL (copiar),1.0,MINSUR S. A.,Mercedes Quispe,3.361,5040.31,5040.31,1499.65,1499.65,Operacion,,PINTURA: RM-24595 - PINTADO DE ESTRUTURA,Horas,1.3711666666666666,1.3711666666666666,25.72,25.72,7.65,7.65
RM-24595,Terminado,Real,2026-08-01,2026-09-08,OPP-0000000356,026-0011942,F 004-00002244,[51002120] ENFRIADOR DEL GENERADOR # 1 REMOLCADOR TORTEL (copiar),1.0,MINSUR S. A.,Mercedes Quispe,3.361,5040.31,5040.31,1499.65,1499.65,Operacion,,MANTENIMIENTO: RM-24595 - MONTAGE DE TUBOS,Horas,3.1165000000000003,3.1165000000000003,48.03,48.03,14.29,14.29
RM-24595,Terminado,Real,2026-08-01,2026-09-08,OPP-0000000356,026-0011942,F 004-00002244,[51002120] ENFRIADOR DEL GENERADOR # 1 REMOLCADOR TORTEL (copiar),1.0,MINSUR S. A.,Mercedes Quispe,3.361,5040.31,5040.31,1499.65,1499.65,Operacion,,MANTENIMIENTO: RM-24595 - MONTAGE DE TUBOS,Horas,1.6166666666666667,1.6166666666666667,24.91,24.91,7.41,7.41
RM-24595,Terminado,Real,2026-08-01,2026-09-08,OPP-0000000356,026-0011942,F 004-00002244,[51002120] ENFRIADOR DEL GENERADOR # 1 REMOLCADOR TORTEL (copiar),1.0,MINSUR S. A.,Mercedes Quispe,3.361,5040.31,5040.31,1499.65,1499.65,Operacion,,MANTENIMIENTO: RM-24595 - MONTAGE,Horas,0.9228333333333333,0.9228333333333333,14.22,14.22,4.23,4.23
RM-24595,Terminado,Real,2026-08-01,2026-09-08,OPP-0000000356,026-0011942,F 004-00002244,[51002120] ENFRIADOR DEL GENERADOR # 1 REMOLCADOR TORTEL (copiar),1.0,MINSUR S. A.,Mercedes Quispe,3.361,5040.31,5040.31,1499.65,1499.65,Operacion,,SEGUNDO ALEJANDRO SANTILLAN ZUÑIGA: RM-24595 - INSPECCION,Horas,0.0008333333333333334,0.0008333333333333334,0.0,0.0,0.0,0.0
RM-24595,Terminado,Real,2026-08-01,2026-09-08,OPP-0000000356,026-0011942,F 004-00002244,[51002120] ENFRIADOR DEL GENERADOR # 1 REMOLCADOR TORTEL (copiar),1.0,MINSUR S. A.,Mercedes Quispe,3.361,5040.31,5040.31,1499.65,1499.65,Operacion,,QUINTANA TACSA ANGEL VICENTE: RM-24595 - INSPECCION,Horas,0.4026666666666667,0.4026666666666667,0.0,0.0,0.0,0.0
RM-24595,Terminado,Real,2026-08-01,2026-09-08,OPP-0000000356,026-0011942,F 004-00002244,[51002120] ENFRIADOR DEL GENERADOR # 1 REMOLCADOR TORTEL (copiar),1.0,MINSUR S. A.,Mercedes Quispe,3.361,5040.31,5040.31,1499.65,1499.65,Operacion,,SEGUNDO ALEJANDRO SANTILLAN ZUÑIGA: RM-24595 - LAVADO,Horas,0.7696666666666666,0.7696666666666666,0.0,0.0,0.0,0.0
RM-24595,Terminado,Real,2026-08-01,2026-09-08,OPP-0000000356,026-0011942,F 004-00002244,[51002120] ENFRIADOR DEL GENERADOR # 1 REMOLCADOR TORTEL (copiar),1.0,MINSUR S. A.,Mercedes Quispe,3.361,5040.31,5040.31,1499.65,1499.65,Operacion,,SEGUNDO ALEJANDRO SANTILLAN ZUÑIGA: RM-24595 - PRUEBAS,Horas,1.7833333333333334,1.7833333333333334,0.0,0.0,0.0,0.0
RM-24595,Terminado,Real,2026-08-01,2026-09-08,OPP-0000000356,026-0011942,F 004-00002244,[51002120] ENFRIADOR DEL GENERADOR # 1 REMOLCADOR TORTEL (copiar),1.0,MINSUR S. A.,Mercedes Quispe,3.361,5040.31,5040.31,1499.65,1499.65,Operacion,,SEGUNDO ALEJANDRO SANTILLAN ZUÑIGA: RM-24595 - DESMONTAJE DE TUBOS,Horas,1.1203333333333334,1.1203333333333334,0.0,0.0,0.0,0.0
RM-24595,Terminado,Real,2026-08-01,2026-09-08,OPP-0000000356,026-0011942,F 004-00002244,[51002120] ENFRIADOR DEL GENERADOR # 1 REMOLCADOR TORTEL (copiar),1.0,MINSUR S. A.,Mercedes Quispe,3.361,5040.31,5040.31,1499.65,1499.65,Operacion,,SEGUNDO ALEJANDRO SANTILLAN ZUÑIGA: RM-24595 - DESMONTAJE,Horas,0.5346666666666666,0.5346666666666666,0.0,0.0,0.0,0.0
RM-24595,Terminado,Real,2026-08-01,2026-09-08,OPP-0000000356,026-0011942,F 004-00002244,[51002120] ENFRIADOR DEL GENERADOR # 1 REMOLCADOR TORTEL (copiar),1.0,MINSUR S. A.,Mercedes Quispe,3.361,5040.31,5040.31,1499.65,1499.65,Operacion,,SEGUNDO ALEJANDRO SANTILLAN ZUÑIGA: RM-24595 - LIJADO DE ESTRUTURA,Horas,1.8471666666666666,1.8471666666666666,0.0,0.0,0.0,0.0
RM-24595,Terminado,Real,2026-08-01,2026-09-08,OPP-0000000356,026-0011942,F 004-00002244,[51002120] ENFRIADOR DEL GENERADOR # 1 REMOLCADOR TORTEL (copiar),1.0,MINSUR S. A.,Mercedes Quispe,3.361,5040.31,5040.31,1499.65,1499.65,Operacion,,SEGUNDO ALEJANDRO SANTILLAN ZUÑIGA: RM-24595 - PINTADO DE ESTRUTURA,Horas,1.2063333333333333,1.2063333333333333,0.0,0.0,0.0,0.0
RM-24595,Terminado,Real,2026-08-01,2026-09-08,OPP-0000000356,026-0011942,F 004-00002244,[51002120] ENFRIADOR DEL GENERADOR # 1 REMOLCADOR TORTEL (copiar),1.0,MINSUR S. A.,Mercedes Quispe,3.361,5040.31,5040.31,1499.65,1499.65,Operacion,,SEGUNDO ALEJANDRO SANTILLAN ZUÑIGA: RM-24595 - LIJADO DE ESTRUTURA,Horas,2.0028333333333332,2.0028333333333332,0.0,0.0,0.0,0.0
RM-24595,Terminado,Real,2026-08-01,2026-09-08,OPP-0000000356,026-0011942,F 004-00002244,[51002120] ENFRIADOR DEL GENERADOR # 1 REMOLCADOR TORTEL (copiar),1.0,MINSUR S. A.,Mercedes Quispe,3.361,5040.31,5040.31,1499.65,1499.65,Operacion,,SEGUNDO ALEJANDRO SANTILLAN ZUÑIGA: RM-24595 - PINTADO DE ESTRUTURA,Horas,1.3711666666666666,1.3711666666666666,0.0,0.0,0.0,0.0
RM-24595,Terminado,Real,2026-08-01,2026-09-08,OPP-0000000356,026-0011942,F 004-00002244,[51002120] ENFRIADOR DEL GENERADOR # 1 REMOLCADOR TORTEL (copiar),1.0,MINSUR S. A.,Mercedes Quispe,3.361,5040.31,5040.31,1499.65,1499.65,Operacion,,SEGUNDO ALEJANDRO SANTILLAN ZUÑIGA: RM-24595 - MONTAGE DE TUBOS,Horas,3.1165000000000003,3.1165000000000003,0.0,0.0,0.0,0.0
RM-24595,Terminado,Real,2026-08-01,2026-09-08,OPP-0000000356,026-0011942,F 004-00002244,[51002120] ENFRIADOR DEL GENERADOR # 1 REMOLCADOR TORTEL (copiar),1.0,MINSUR S. A.,Mercedes Quispe,3.361,5040.31,5040.31,1499.65,1499.65,Operacion,,SEGUNDO ALEJANDRO SANTILLAN ZUÑIGA: RM-24595 - MONTAGE DE TUBOS,Horas,1.6166666666666667,1.6166666666666667,0.0,0.0,0.0,0.0
RM-24595,Terminado,Real,2026-08-01,2026-09-08,OPP-0000000356,026-0011942,F 004-00002244,[51002120] ENFRIADOR DEL GENERADOR # 1 REMOLCADOR TORTEL (copiar),1.0,MINSUR S. A.,Mercedes Quispe,3.361,5040.31,5040.31,1499.65,1499.65,Operacion,,SEGUNDO ALEJANDRO SANTILLAN ZUÑIGA: RM-24595 - MONTAGE,Horas,0.9228333333333333,0.9228333333333333,0.0,0.0,0.0,0.0
RM-24633,En progreso,Estimado,2026-08-05,2026-08-05,,026-0011554,F 004-00002200,[40600330] ENFRIADOR DE ACEITE HIDRAULICO PARKER 016 (A539016) (copiar),4.0,RESEMIN S.A.,Jeancarlos Castillo,3.371,13988.130000000001,14071.92,4149.55,4174.41,Componente,40600348,SOPORTE DE MOTOR P/ENFRIADOR HTX0367 (copiar),Units,4.0,4.0,1847.15,1847.15,547.95,547.95
RM-24633,En progreso,Estimado,2026-08-05,2026-08-05,,026-0011554,F 004-00002200,[40600330] ENFRIADOR DE ACEITE HIDRAULICO PARKER 016 (A539016) (copiar),4.0,RESEMIN S.A.,Jeancarlos Castillo,3.371,13988.130000000001,14071.92,4149.55,4174.41,Componente,10460293,PERNO SOCKET ALLEN FIERRO NEGRO G-8 UNC M8 25mm,Units,36.0,36.0,14.15,14.15,4.2,4.2
RM-24633,En progreso,Estimado,2026-08-05,2026-08-05,,026-0011554,F 004-00002200,[40600330] ENFRIADOR DE ACEITE HIDRAULICO PARKER 016 (A539016) (copiar),4.0,RESEMIN S.A.,Jeancarlos Castillo,3.371,13988.130000000001,14071.92,4149.55,4174.41,Componente,10460045,ARANDELA PRESION FIERRO NEGRO G-8 M08,Units,32.0,32.0,0.98,0.98,0.29,0.29
RM-24633,En progreso,Estimado,2026-08-05,2026-08-05,,026-0011554,F 004-00002200,[40600330] ENFRIADOR DE ACEITE HIDRAULICO PARKER 016 (A539016) (copiar),4.0,RESEMIN S.A.,Jeancarlos Castillo,3.371,13988.130000000001,14071.92,4149.55,4174.41,Componente,10460017,ARANDELA PLANA GALVANIZADA G-5 M08,Units,32.0,32.0,1.11,1.11,0.33,0.33
RM-24633,En progreso,Estimado,2026-08-05,2026-08-05,,026-0011554,F 004-00002200,[40600330] ENFRIADOR DE ACEITE HIDRAULICO PARKER 016 (A539016) (copiar),4.0,RESEMIN S.A.,Jeancarlos Castillo,3.371,13988.130000000001,14071.92,4149.55,4174.41,Componente,40600312,MOTOR 1.5 HP,Units,4.0,4.0,2578.1,2578.1,764.79,764.79
RM-24633,En progreso,Estimado,2026-08-05,2026-08-05,,026-0011554,F 004-00002200,[40600330] ENFRIADOR DE ACEITE HIDRAULICO PARKER 016 (A539016) (copiar),4.0,RESEMIN S.A.,Jeancarlos Castillo,3.371,13988.130000000001,14071.92,4149.55,4174.41,Componente,10220155,STICKER AUTOADHESIVO 30*60MM HTX0367AA48 AC,Units,4.0,4.0,1.36,1.36,0.4,0.4
RM-24633,En progreso,Estimado,2026-08-05,2026-08-05,,026-0011554,F 004-00002200,[40600330] ENFRIADOR DE ACEITE HIDRAULICO PARKER 016 (A539016) (copiar),4.0,RESEMIN S.A.,Jeancarlos Castillo,3.371,13988.130000000001,14071.92,4149.55,4174.41,Componente,40600333,ENFRIADOR ACEITE T/ASATT11RD02U00 24V DC HEATEX (copiar),Units,3.0,3.0,7345.45,7345.45,2179.01,2179.01
RM-24633,En progreso,Estimado,2026-08-05,2026-08-05,,026-0011554,F 004-00002200,[40600330] ENFRIADOR DE ACEITE HIDRAULICO PARKER 016 (A539016) (copiar),4.0,RESEMIN S.A.,Jeancarlos Castillo,3.371,13988.130000000001,14071.92,4149.55,4174.41,Componente,40600483,ENFRIADOR DE ACEITE HTX0367 C/ESTRUC. AC SIN MOTOR C/CONEC.,Units,1.0,1.0,2164.53,2164.53,642.1,642.1
RM-24633,En progreso,Estimado,2026-08-05,2026-08-05,,026-0011554,F 004-00002200,[40600330] ENFRIADOR DE ACEITE HIDRAULICO PARKER 016 (A539016) (copiar),4.0,RESEMIN S.A.,Jeancarlos Castillo,3.371,13988.130000000001,14071.92,4149.55,4174.41,Componente,10220016,"STRETCH FILM TRANSPARENTE BOBINA 12"" X 20 MICRAS X 1.20 KM",Ro,1.0,1.0,12.34,12.34,3.66,3.66
RM-24633,En progreso,Estimado,2026-08-05,2026-08-05,,026-0011554,F 004-00002200,[40600330] ENFRIADOR DE ACEITE HIDRAULICO PARKER 016 (A539016) (copiar),4.0,RESEMIN S.A.,Jeancarlos Castillo,3.371,13988.130000000001,14071.92,4149.55,4174.41,Componente,10220120,"STRETCH FILM TRANSPARENTE BOBINA 18"" X 20 MICRAS X 02 KG",Ro,1.0,1.0,22.96,22.96,6.81,6.81
RM-24633,En progreso,Estimado,2026-08-05,2026-08-05,,026-0011554,F 004-00002200,[40600330] ENFRIADOR DE ACEITE HIDRAULICO PARKER 016 (A539016) (copiar),4.0,RESEMIN S.A.,Jeancarlos Castillo,3.371,13988.130000000001,14071.92,4149.55,4174.41,Operacion,,MONTAJE  DE MOTORES,Minutos,126.22,126.22,0.0,32.417503333333336,0.0,9.62
RM-24633,En progreso,Estimado,2026-08-05,2026-08-05,,026-0011554,F 004-00002200,[40600330] ENFRIADOR DE ACEITE HIDRAULICO PARKER 016 (A539016) (copiar),4.0,RESEMIN S.A.,Jeancarlos Castillo,3.371,13988.130000000001,14071.92,4149.55,4174.41,Operacion,,MONTAJE DE MOTORES,Minutos,200.03,200.03,0.0,51.37437166666667,0.0,15.24
RM-24632,Por cerrar,Estimado,2026-08-07,2026-08-07,OPP-0000000083,026-0012052,F 004-00002218,[51001716] COMBICOOLER DE COMPRESOR SULLAIR,1.0,MINERA CRC SOCIEDAD ANONIMA CERRADA,Manuel Alvarez,3.365,319.09000000000003,444.96000000000004,94.83,132.23,Componente,PP51001716,COMBICOOLER DE COMPRESOR SULLAIR (copiar),Units,0.0,0.0,0.0,0.0,0.0,0.0
RM-24632,Por cerrar,Estimado,2026-08-07,2026-08-07,OPP-0000000083,026-0012052,F 004-00002218,[51001716] COMBICOOLER DE COMPRESOR SULLAIR,1.0,MINERA CRC SOCIEDAD ANONIMA CERRADA,Manuel Alvarez,3.365,319.09000000000003,444.96000000000004,94.83,132.23,Componente,10220005,CARTON CORRUGADO ROLLO 1.64 MT X 50 KG=5 (6 METROS),kg,0.675,0.675,3.89,3.89,1.16,1.16
RM-24632,Por cerrar,Estimado,2026-08-07,2026-08-07,OPP-0000000083,026-0012052,F 004-00002218,[51001716] COMBICOOLER DE COMPRESOR SULLAIR,1.0,MINERA CRC SOCIEDAD ANONIMA CERRADA,Manuel Alvarez,3.365,319.09000000000003,444.96000000000004,94.83,132.23,Componente,10520090,DESENGRASANTE EMULSIONABLE SQP-795 ,gal (US),5.0,5.0,310.06,310.06,92.14,92.14
RM-24632,Por cerrar,Estimado,2026-08-07,2026-08-07,OPP-0000000083,026-0012052,F 004-00002218,[51001716] COMBICOOLER DE COMPRESOR SULLAIR,1.0,MINERA CRC SOCIEDAD ANONIMA CERRADA,Manuel Alvarez,3.365,319.09000000000003,444.96000000000004,94.83,132.23,Operacion,,INSPECCION,Minutos,27.42,27.42,5.136666666666667,7.04237,1.53,2.09
RM-24632,Por cerrar,Estimado,2026-08-07,2026-08-07,OPP-0000000083,026-0012052,F 004-00002218,[51001716] COMBICOOLER DE COMPRESOR SULLAIR,1.0,MINERA CRC SOCIEDAD ANONIMA CERRADA,Manuel Alvarez,3.365,319.09000000000003,444.96000000000004,94.83,132.23,Operacion,,LAVADO,Minutos,235.76,235.76,0.0,68.29181333333332,0.0,20.29
RM-24632,Por cerrar,Estimado,2026-08-07,2026-08-07,OPP-0000000083,026-0012052,F 004-00002218,[51001716] COMBICOOLER DE COMPRESOR SULLAIR,1.0,MINERA CRC SOCIEDAD ANONIMA CERRADA,Manuel Alvarez,3.365,319.09000000000003,444.96000000000004,94.83,132.23,Operacion,,PRUEBA NEUMATICA,Minutos,200.05,200.05,0.0,55.68058333333334,0.0,16.55
RM-24641,Por cerrar,Estimado,2026-08-10,2026-08-10,OPP-0000000105,026-0012073,F 004-00002231,[40200015] ENFRIADOR OIL HIDR. BOWMAN FG120 1427-3TC (3P) COBRE,1.0,IESA S A,Arnold Hernández,3.368,2983.18,2983.18,885.74,885.74,Componente,40200081,CARCASA BOWMAN FG120 1427-3TC CASCO AL. FG12-1650-3AL,Units,1.0,1.0,1737.18,1737.18,515.79,515.79
RM-24641,Por cerrar,Estimado,2026-08-10,2026-08-10,OPP-0000000105,026-0012073,F 004-00002231,[40200015] ENFRIADOR OIL HIDR. BOWMAN FG120 1427-3TC (3P) COBRE,1.0,IESA S A,Arnold Hernández,3.368,2983.18,2983.18,885.74,885.74,Componente,10240115,ORING NITRILO 2-349 ( Ø5.33 * 113.67) FG120,Units,2.0,2.0,6.17,6.17,1.83,1.83
RM-24641,Por cerrar,Estimado,2026-08-10,2026-08-10,OPP-0000000105,026-0012073,F 004-00002231,[40200015] ENFRIADOR OIL HIDR. BOWMAN FG120 1427-3TC (3P) COBRE,1.0,IESA S A,Arnold Hernández,3.368,2983.18,2983.18,885.74,885.74,Componente,10460295,PERNO SOCKET ALLEN FIERRO NEGRO G-8 UNC M8 35mm,Units,8.0,8.0,3.71,3.71,1.1,1.1
RM-24641,Por cerrar,Estimado,2026-08-10,2026-08-10,OPP-0000000105,026-0012073,F 004-00002231,[40200015] ENFRIADOR OIL HIDR. BOWMAN FG120 1427-3TC (3P) COBRE,1.0,IESA S A,Arnold Hernández,3.368,2983.18,2983.18,885.74,885.74,Componente,40200093,TAPA FE FUND BOWMAN FG (1 INPUT) 3P C / DESF FG3-1583CI,Units,1.0,1.0,730.95,730.95,217.03,217.03
RM-24641,Por cerrar,Estimado,2026-08-10,2026-08-10,OPP-0000000105,026-0012073,F 004-00002231,[40200015] ENFRIADOR OIL HIDR. BOWMAN FG120 1427-3TC (3P) COBRE,1.0,IESA S A,Arnold Hernández,3.368,2983.18,2983.18,885.74,885.74,Componente,40200046,TAPA FE FUND BOWMAN FG (1 INPUT) 3P S / DESF FG3-1583CI,Units,1.0,1.0,505.17,505.17,149.99,149.99
RM-24641,Por cerrar,Estimado,2026-08-10,2026-08-10,OPP-0000000105,026-0012073,F 004-00002231,[40200015] ENFRIADOR OIL HIDR. BOWMAN FG120 1427-3TC (3P) COBRE,1.0,IESA S A,Arnold Hernández,3.368,2983.18,2983.18,885.74,885.74,Componente,60300043,HAZ TUBULAR BOWMAN FG120 TUBO COBRE REMAN,Units,1.0,1.0,0.0,0.0,0.0,0.0
RM-24631,Terminado,Real,2026-08-10,2026-09-07,OPP-0000000082,026-0012050,F 004-00002223,[20100078] RADIADOR AFTERCOOLER R1600H,1.0,JRC INGENIERÍA Y CONSTRUCCIÓN S.A.C.,Arnold Hernández,3.371,4015.81,4015.81,1191.28,1191.28,Componente,40600174,PANAL AFTERCOOLER AL W / PROTECCION 186-9526 P / LHD CAT R1600H,Units,1.0,1.0,3218.12,3218.12,954.65,954.65
RM-24631,Terminado,Real,2026-08-10,2026-09-07,OPP-0000000082,026-0012050,F 004-00002223,[20100078] RADIADOR AFTERCOOLER R1600H,1.0,JRC INGENIERÍA Y CONSTRUCCIÓN S.A.C.,Arnold Hernández,3.371,4015.81,4015.81,1191.28,1191.28,Componente,10340062,"SOLDADURA ELECTRODO INOXIDABLE AWS E316L-16 3/32"" (2.4MM)",kg,0.042,0.042,3.2600000000000002,3.2600000000000002,0.97,0.97
RM-24631,Terminado,Real,2026-08-10,2026-09-07,OPP-0000000082,026-0012050,F 004-00002223,[20100078] RADIADOR AFTERCOOLER R1600H,1.0,JRC INGENIERÍA Y CONSTRUCCIÓN S.A.C.,Arnold Hernández,3.371,4015.81,4015.81,1191.28,1191.28,Componente,10180253,BROCA COBALTADA HSS 9 MM,Units,2.0,2.0,30.51,30.51,9.05,9.05
RM-24631,Terminado,Real,2026-08-10,2026-09-07,OPP-0000000082,026-0012050,F 004-00002223,[20100078] RADIADOR AFTERCOOLER R1600H,1.0,JRC INGENIERÍA Y CONSTRUCCIÓN S.A.C.,Arnold Hernández,3.371,4015.81,4015.81,1191.28,1191.28,Componente,10460819,ARANDELA DENTADA EXT. AD-8,Units,58.0,58.0,9.19,9.19,2.73,2.73
RM-24631,Terminado,Real,2026-08-10,2026-09-07,OPP-0000000082,026-0012050,F 004-00002223,[20100078] RADIADOR AFTERCOOLER R1600H,1.0,JRC INGENIERÍA Y CONSTRUCCIÓN S.A.C.,Arnold Hernández,3.371,4015.81,4015.81,1191.28,1191.28,Componente,10460147,"PERNO HEXAGONAL FIERRO NEGRO G-8 UNC 5/16"" x 2""",Units,8.0,8.0,2.27,2.27,0.67,0.67
RM-24631,Terminado,Real,2026-08-10,2026-09-07,OPP-0000000082,026-0012050,F 004-00002223,[20100078] RADIADOR AFTERCOOLER R1600H,1.0,JRC INGENIERÍA Y CONSTRUCCIÓN S.A.C.,Arnold Hernández,3.371,4015.81,4015.81,1191.28,1191.28,Componente,10460142,"PERNO HEXAGONAL FIERRO NEGRO G-8 UNC 5/16"" x 1 1/2""",Units,48.0,48.0,10.77,10.77,3.19,3.19
RM-24631,Terminado,Real,2026-08-10,2026-09-07,OPP-0000000082,026-0012050,F 004-00002223,[20100078] RADIADOR AFTERCOOLER R1600H,1.0,JRC INGENIERÍA Y CONSTRUCCIÓN S.A.C.,Arnold Hernández,3.371,4015.81,4015.81,1191.28,1191.28,Componente,10240107,FORMADOR EMPAQUETADURA TIPO AVIACION 3H X 143 GR,Units,1.0,1.0,8.71,8.71,2.58,2.58
RM-24631,Terminado,Real,2026-08-10,2026-09-07,OPP-0000000082,026-0012050,F 004-00002223,[20100078] RADIADOR AFTERCOOLER R1600H,1.0,JRC INGENIERÍA Y CONSTRUCCIÓN S.A.C.,Arnold Hernández,3.371,4015.81,4015.81,1191.28,1191.28,Componente,10480007,ADITIVO ACRILICO - THINNER (CILINDRO 55 GALONES),gal (US),2.0,2.0,51.53,51.53,15.29,15.29
RM-24631,Terminado,Real,2026-08-10,2026-09-07,OPP-0000000082,026-0012050,F 004-00002223,[20100078] RADIADOR AFTERCOOLER R1600H,1.0,JRC INGENIERÍA Y CONSTRUCCIÓN S.A.C.,Arnold Hernández,3.371,4015.81,4015.81,1191.28,1191.28,Componente,40350001,SOPORTE RADIADOR CTP N / P 7N7988,Units,2.0,2.0,238.99,238.99,70.9,70.9
RM-24631,Terminado,Real,2026-08-10,2026-09-07,OPP-0000000082,026-0012050,F 004-00002223,[20100078] RADIADOR AFTERCOOLER R1600H,1.0,JRC INGENIERÍA Y CONSTRUCCIÓN S.A.C.,Arnold Hernández,3.371,4015.81,4015.81,1191.28,1191.28,Componente,10460367,"TUERCA HEXAGONAL FIERRO NEGRO G-8 UNC 5/16""",Units,58.0,58.0,3.86,3.86,1.15,1.15
RM-24631,Terminado,Real,2026-08-10,2026-09-07,OPP-0000000082,026-0012050,F 004-00002223,[20100078] RADIADOR AFTERCOOLER R1600H,1.0,JRC INGENIERÍA Y CONSTRUCCIÓN S.A.C.,Arnold Hernández,3.371,4015.81,4015.81,1191.28,1191.28,Componente,10300051,"CINTA TEFLON SHURTAPE 1/2""",Ro,1.0,1.0,0.43,0.43,0.13,0.13
RM-24631,Terminado,Real,2026-08-10,2026-09-07,OPP-0000000082,026-0012050,F 004-00002223,[20100078] RADIADOR AFTERCOOLER R1600H,1.0,JRC INGENIERÍA Y CONSTRUCCIÓN S.A.C.,Arnold Hernández,3.371,4015.81,4015.81,1191.28,1191.28,Componente,10220105,"LISTON MADERA CATAHUA 1"" x 4"" X 10┤",Units,6.0,6.0,98.81,98.81,29.31,29.31
RM-24631,Terminado,Real,2026-08-10,2026-09-07,OPP-0000000082,026-0012050,F 004-00002223,[20100078] RADIADOR AFTERCOOLER R1600H,1.0,JRC INGENIERÍA Y CONSTRUCCIÓN S.A.C.,Arnold Hernández,3.371,4015.81,4015.81,1191.28,1191.28,Componente,10220011,"LISTON MADERA COPAHIBA 1 3/4"" * 3 1/2"" * 8┤",Units,1.0,1.0,45.88,45.88,13.61,13.61
RM-24631,Terminado,Real,2026-08-10,2026-09-07,OPP-0000000082,026-0012050,F 004-00002223,[20100078] RADIADOR AFTERCOOLER R1600H,1.0,JRC INGENIERÍA Y CONSTRUCCIÓN S.A.C.,Arnold Hernández,3.371,4015.81,4015.81,1191.28,1191.28,Componente,10220005,CARTON CORRUGADO ROLLO 1.64 MT X 50 KG=5 (6 METROS),kg,0.9,0.9,5.19,5.19,1.54,1.54
RM-24631,Terminado,Real,2026-08-10,2026-09-07,OPP-0000000082,026-0012050,F 004-00002223,[20100078] RADIADOR AFTERCOOLER R1600H,1.0,JRC INGENIERÍA Y CONSTRUCCIÓN S.A.C.,Arnold Hernández,3.371,4015.81,4015.81,1191.28,1191.28,Componente,10300463,TRAPO INDUSTRIAL COLORES,kg,1.0,1.0,2.91,2.91,0.86,0.86
RM-24631,Terminado,Real,2026-08-10,2026-09-07,OPP-0000000082,026-0012050,F 004-00002223,[20100078] RADIADOR AFTERCOOLER R1600H,1.0,JRC INGENIERÍA Y CONSTRUCCIÓN S.A.C.,Arnold Hernández,3.371,4015.81,4015.81,1191.28,1191.28,Componente,10240372,"EMPAQUETADURA NO ASBESTO 1/16"" 1.50 M",m,1.0,1.0,176.23,176.23,52.28,52.28
RM-24631,Terminado,Real,2026-08-10,2026-09-07,OPP-0000000082,026-0012050,F 004-00002223,[20100078] RADIADOR AFTERCOOLER R1600H,1.0,JRC INGENIERÍA Y CONSTRUCCIÓN S.A.C.,Arnold Hernández,3.371,4015.81,4015.81,1191.28,1191.28,Componente,10100052,LIJA PLIEGO TELA P/METAL G. 60 - 2 (230X280MM),Units,1.0,1.0,2.16,2.16,0.64,0.64
RM-24631,Terminado,Real,2026-08-10,2026-09-07,OPP-0000000082,026-0012050,F 004-00002223,[20100078] RADIADOR AFTERCOOLER R1600H,1.0,JRC INGENIERÍA Y CONSTRUCCIÓN S.A.C.,Arnold Hernández,3.371,4015.81,4015.81,1191.28,1191.28,Componente,10300099,"CINTA P/PINTOR MULTIPROP AZUL 2090 3M 55M X 1.88 ""(48MM)",Ro,1.0,1.0,9.120000000000001,9.120000000000001,2.71,2.71
RM-24631,Terminado,Real,2026-08-10,2026-09-07,OPP-0000000082,026-0012050,F 004-00002223,[20100078] RADIADOR AFTERCOOLER R1600H,1.0,JRC INGENIERÍA Y CONSTRUCCIÓN S.A.C.,Arnold Hernández,3.371,4015.81,4015.81,1191.28,1191.28,Componente,10220120,"STRETCH FILM TRANSPARENTE BOBINA 18"" X 20 MICRAS X 02 KG",Ro,1.0,1.0,22.96,22.96,6.81,6.81
RM-24631,Terminado,Real,2026-08-10,2026-09-07,OPP-0000000082,026-0012050,F 004-00002223,[20100078] RADIADOR AFTERCOOLER R1600H,1.0,JRC INGENIERÍA Y CONSTRUCCIÓN S.A.C.,Arnold Hernández,3.371,4015.81,4015.81,1191.28,1191.28,Operacion,,MANTENIMIENTO: RM-24631 - MONTAJE DE TINAS,Horas,2.346166666666667,2.346166666666667,36.15,36.15,10.72,10.72
RM-24631,Terminado,Real,2026-08-10,2026-09-07,OPP-0000000082,026-0012050,F 004-00002223,[20100078] RADIADOR AFTERCOOLER R1600H,1.0,JRC INGENIERÍA Y CONSTRUCCIÓN S.A.C.,Arnold Hernández,3.371,4015.81,4015.81,1191.28,1191.28,Operacion,,PRUEBAS: RM-24631 - PRUEBA NEUMATICA,Horas,1.0121666666666667,1.0121666666666667,16.9,16.9,5.01,5.01
RM-24631,Terminado,Real,2026-08-10,2026-09-07,OPP-0000000082,026-0012050,F 004-00002223,[20100078] RADIADOR AFTERCOOLER R1600H,1.0,JRC INGENIERÍA Y CONSTRUCCIÓN S.A.C.,Arnold Hernández,3.371,4015.81,4015.81,1191.28,1191.28,Operacion,,PINTURA: RM-24631 - PINTADO,Horas,0.5013333333333333,0.5013333333333333,9.41,9.41,2.79,2.79
RM-24631,Terminado,Real,2026-08-10,2026-09-07,OPP-0000000082,026-0012050,F 004-00002223,[20100078] RADIADOR AFTERCOOLER R1600H,1.0,JRC INGENIERÍA Y CONSTRUCCIÓN S.A.C.,Arnold Hernández,3.371,4015.81,4015.81,1191.28,1191.28,Operacion,,EMBALAJE: RM-24631 - EMBALAJE,Horas,0.7371666666666666,0.7371666666666666,12.450000000000001,12.450000000000001,3.69,3.69
RM-24631,Terminado,Real,2026-08-10,2026-09-07,OPP-0000000082,026-0012050,F 004-00002223,[20100078] RADIADOR AFTERCOOLER R1600H,1.0,JRC INGENIERÍA Y CONSTRUCCIÓN S.A.C.,Arnold Hernández,3.371,4015.81,4015.81,1191.28,1191.28,Operacion,,SEGUNDO ALEJANDRO SANTILLAN ZUÑIGA: RM-24631 - MONTAJE DE TINAS,Horas,2.346166666666667,2.346166666666667,0.0,0.0,0.0,0.0
RM-24631,Terminado,Real,2026-08-10,2026-09-07,OPP-0000000082,026-0012050,F 004-00002223,[20100078] RADIADOR AFTERCOOLER R1600H,1.0,JRC INGENIERÍA Y CONSTRUCCIÓN S.A.C.,Arnold Hernández,3.371,4015.81,4015.81,1191.28,1191.28,Operacion,,SEGUNDO ALEJANDRO SANTILLAN ZUÑIGA: RM-24631 - PRUEBA NEUMATICA,Horas,1.0121666666666667,1.0121666666666667,0.0,0.0,0.0,0.0
RM-24631,Terminado,Real,2026-08-10,2026-09-07,OPP-0000000082,026-0012050,F 004-00002223,[20100078] RADIADOR AFTERCOOLER R1600H,1.0,JRC INGENIERÍA Y CONSTRUCCIÓN S.A.C.,Arnold Hernández,3.371,4015.81,4015.81,1191.28,1191.28,Operacion,,SEGUNDO ALEJANDRO SANTILLAN ZUÑIGA: RM-24631 - PINTADO,Horas,0.5013333333333333,0.5013333333333333,0.0,0.0,0.0,0.0
RM-24631,Terminado,Real,2026-08-10,2026-09-07,OPP-0000000082,026-0012050,F 004-00002223,[20100078] RADIADOR AFTERCOOLER R1600H,1.0,JRC INGENIERÍA Y CONSTRUCCIÓN S.A.C.,Arnold Hernández,3.371,4015.81,4015.81,1191.28,1191.28,Operacion,,SEGUNDO ALEJANDRO SANTILLAN ZUÑIGA: RM-24631 - EMBALAJE,Horas,0.7371666666666666,0.7371666666666666,0.0,0.0,0.0,0.0
RM-24645,Por cerrar,Estimado,2026-08-12,2026-08-12,OPP-0000000133,026-0012080,F 004-00002226,[51001993] FLEJE ACERO GALVANIZADO 0.4 MM X 12.5 MM (copiar),101.15,L & G INTERNATIONAL PARTS S.A.C.,Asistente Comercial,3.371,0.0,0.0,0.0,0.0,Componente,51002111,MANIFOLD EXH C18 NP 142-4162 SOLPED 3100221775 - 8500333801 (copiar),kg,101.15,101.15,0.0,0.0,0.0,0.0
RM-24525,Terminado,Real,2026-08-14,2026-09-08,OPP-0000000352,026-0011829,F 004-00002221,[51002654] RADIADOR COMPLETO P/MOTOR CAT C4.4 583-6045 V2 ,1.0,METAL TECNICA S A,Manuel Alvarez,3.371,178.58,178.58,52.98,52.98,Componente,10100003,"DISCO CORTE PARA ACERO INOXIDABLE 4.1/2"" X 0.040 X 7/8"" (EHT115-10/A60 P B2223)",Units,4.0,4.0,14.700000000000001,14.700000000000001,4.36,4.36
RM-24525,Terminado,Real,2026-08-14,2026-09-08,OPP-0000000352,026-0011829,F 004-00002221,[51002654] RADIADOR COMPLETO P/MOTOR CAT C4.4 583-6045 V2 ,1.0,METAL TECNICA S A,Manuel Alvarez,3.371,178.58,178.58,52.98,52.98,Componente,40600201,ALUMINUM BRAZING FLUX CODE: AL ROD ER 4043 3 X 1000 MM (copiar),kg,0.49,0.49,8.18,8.18,2.43,2.43
RM-24525,Terminado,Real,2026-08-14,2026-09-08,OPP-0000000352,026-0011829,F 004-00002221,[51002654] RADIADOR COMPLETO P/MOTOR CAT C4.4 583-6045 V2 ,1.0,METAL TECNICA S A,Manuel Alvarez,3.371,178.58,178.58,52.98,52.98,Componente,10300051,"CINTA TEFLON SHURTAPE 1/2""",Ro,2.0,2.0,0.85,0.85,0.25,0.25
RM-24525,Terminado,Real,2026-08-14,2026-09-08,OPP-0000000352,026-0011829,F 004-00002221,[51002654] RADIADOR COMPLETO P/MOTOR CAT C4.4 583-6045 V2 ,1.0,METAL TECNICA S A,Manuel Alvarez,3.371,178.58,178.58,52.98,52.98,Componente,10100053,LIJA PLIEGO TELA P/METAL G. 80 - 1.1/2 (230X280MM),Units,2.0,2.0,3.97,3.97,1.18,1.18
RM-24525,Terminado,Real,2026-08-14,2026-09-08,OPP-0000000352,026-0011829,F 004-00002221,[51002654] RADIADOR COMPLETO P/MOTOR CAT C4.4 583-6045 V2 ,1.0,METAL TECNICA S A,Manuel Alvarez,3.371,178.58,178.58,52.98,52.98,Componente,10100050,LIJA PLIEGO TELA P/METAL G. 180 (230X280MM),Units,2.0,2.0,24.29,24.29,7.21,7.21
RM-24525,Terminado,Real,2026-08-14,2026-09-08,OPP-0000000352,026-0011829,F 004-00002221,[51002654] RADIADOR COMPLETO P/MOTOR CAT C4.4 583-6045 V2 ,1.0,METAL TECNICA S A,Manuel Alvarez,3.371,178.58,178.58,52.98,52.98,Componente,10100041,LIJA PLIEGO PAPEL AL AGUA G. 220 - 6/0A (230X280MM),Units,2.0,2.0,3.09,3.09,0.92,0.92
RM-24525,Terminado,Real,2026-08-14,2026-09-08,OPP-0000000352,026-0011829,F 004-00002221,[51002654] RADIADOR COMPLETO P/MOTOR CAT C4.4 583-6045 V2 ,1.0,METAL TECNICA S A,Manuel Alvarez,3.371,178.58,178.58,52.98,52.98,Operacion,,MANTENIMIENTO: RM-24525 - INSPECCION,Horas,0.26866666666666666,0.26866666666666666,4.14,4.14,1.23,1.23
RM-24525,Terminado,Real,2026-08-14,2026-09-08,OPP-0000000352,026-0011829,F 004-00002221,[51002654] RADIADOR COMPLETO P/MOTOR CAT C4.4 583-6045 V2 ,1.0,METAL TECNICA S A,Manuel Alvarez,3.371,178.58,178.58,52.98,52.98,Operacion,,PRUEBAS: RM-24525 - PRUEBA NEUMATICA RAD. DE REFRIGERANTE,Horas,1.3021666666666667,1.3021666666666667,21.75,21.75,6.45,6.45
RM-24525,Terminado,Real,2026-08-14,2026-09-08,OPP-0000000352,026-0011829,F 004-00002221,[51002654] RADIADOR COMPLETO P/MOTOR CAT C4.4 583-6045 V2 ,1.0,METAL TECNICA S A,Manuel Alvarez,3.371,178.58,178.58,52.98,52.98,Operacion,,PRUEBAS: RM-24525 - PRUEBA NEUMATICA RAD. DE AIRE,Horas,0.5025,0.5025,8.39,8.39,2.49,2.49
RM-24525,Terminado,Real,2026-08-14,2026-09-08,OPP-0000000352,026-0011829,F 004-00002221,[51002654] RADIADOR COMPLETO P/MOTOR CAT C4.4 583-6045 V2 ,1.0,METAL TECNICA S A,Manuel Alvarez,3.371,178.58,178.58,52.98,52.98,Operacion,,MANTENIMIENTO: RM-24525 - ENDERESADO DE LAMINAS,Horas,0.7578333333333334,0.7578333333333334,11.68,11.68,3.46,3.46
RM-24525,Terminado,Real,2026-08-14,2026-09-08,OPP-0000000352,026-0011829,F 004-00002221,[51002654] RADIADOR COMPLETO P/MOTOR CAT C4.4 583-6045 V2 ,1.0,METAL TECNICA S A,Manuel Alvarez,3.371,178.58,178.58,52.98,52.98,Operacion,,PINTURA: RM-24525 - PINTADO,Horas,0.5868333333333333,0.5868333333333333,11.01,11.01,3.27,3.27
RM-24525,Terminado,Real,2026-08-14,2026-09-08,OPP-0000000352,026-0011829,F 004-00002221,[51002654] RADIADOR COMPLETO P/MOTOR CAT C4.4 583-6045 V2 ,1.0,METAL TECNICA S A,Manuel Alvarez,3.371,178.58,178.58,52.98,52.98,Operacion,,MANTENIMIENTO: RM-24525 - LIJADO DE ALEROS,Horas,0.9179999999999999,0.9179999999999999,14.15,14.15,4.2,4.2
RM-24525,Terminado,Real,2026-08-14,2026-09-08,OPP-0000000352,026-0011829,F 004-00002221,[51002654] RADIADOR COMPLETO P/MOTOR CAT C4.4 583-6045 V2 ,1.0,METAL TECNICA S A,Manuel Alvarez,3.371,178.58,178.58,52.98,52.98,Operacion,,PINTURA: RM-24525 - PINTADO DE ALEROS,Horas,0.5296666666666667,0.5296666666666667,9.94,9.94,2.95,2.95
RM-24525,Terminado,Real,2026-08-14,2026-09-08,OPP-0000000352,026-0011829,F 004-00002221,[51002654] RADIADOR COMPLETO P/MOTOR CAT C4.4 583-6045 V2 ,1.0,METAL TECNICA S A,Manuel Alvarez,3.371,178.58,178.58,52.98,52.98,Operacion,,MANTENIMIENTO: RM-24525 - ENDERESADO DE LAMINAS,Horas,0.8373333333333333,0.8373333333333333,12.9,12.9,3.83,3.83
RM-24525,Terminado,Real,2026-08-14,2026-09-08,OPP-0000000352,026-0011829,F 004-00002221,[51002654] RADIADOR COMPLETO P/MOTOR CAT C4.4 583-6045 V2 ,1.0,METAL TECNICA S A,Manuel Alvarez,3.371,178.58,178.58,52.98,52.98,Operacion,,PINTURA: RM-24525 - PINTADO DE PANAL,Horas,0.7535000000000001,0.7535000000000001,14.14,14.14,4.19,4.19
RM-24525,Terminado,Real,2026-08-14,2026-09-08,OPP-0000000352,026-0011829,F 004-00002221,[51002654] RADIADOR COMPLETO P/MOTOR CAT C4.4 583-6045 V2 ,1.0,METAL TECNICA S A,Manuel Alvarez,3.371,178.58,178.58,52.98,52.98,Operacion,,MANTENIMIENTO: RM-24525 - MONTAGE DE EQUIPO,Horas,1.0,1.0,15.41,15.41,4.57,4.57
RM-24525,Terminado,Real,2026-08-14,2026-09-08,OPP-0000000352,026-0011829,F 004-00002221,[51002654] RADIADOR COMPLETO P/MOTOR CAT C4.4 583-6045 V2 ,1.0,METAL TECNICA S A,Manuel Alvarez,3.371,178.58,178.58,52.98,52.98,Operacion,,QUINTANA TACSA ANGEL VICENTE: RM-24525 - INSPECCION,Horas,0.26866666666666666,0.26866666666666666,0.0,0.0,0.0,0.0
RM-24525,Terminado,Real,2026-08-14,2026-09-08,OPP-0000000352,026-0011829,F 004-00002221,[51002654] RADIADOR COMPLETO P/MOTOR CAT C4.4 583-6045 V2 ,1.0,METAL TECNICA S A,Manuel Alvarez,3.371,178.58,178.58,52.98,52.98,Operacion,,SEGUNDO ALEJANDRO SANTILLAN ZUÑIGA: RM-24525 - PRUEBA NEUMATICA RAD. DE REFRIGERANTE,Horas,1.3021666666666667,1.3021666666666667,0.0,0.0,0.0,0.0
RM-24525,Terminado,Real,2026-08-14,2026-09-08,OPP-0000000352,026-0011829,F 004-00002221,[51002654] RADIADOR COMPLETO P/MOTOR CAT C4.4 583-6045 V2 ,1.0,METAL TECNICA S A,Manuel Alvarez,3.371,178.58,178.58,52.98,52.98,Operacion,,SEGUNDO ALEJANDRO SANTILLAN ZUÑIGA: RM-24525 - PRUEBA NEUMATICA RAD. DE AIRE,Horas,0.5025,0.5025,0.0,0.0,0.0,0.0
RM-24525,Terminado,Real,2026-08-14,2026-09-08,OPP-0000000352,026-0011829,F 004-00002221,[51002654] RADIADOR COMPLETO P/MOTOR CAT C4.4 583-6045 V2 ,1.0,METAL TECNICA S A,Manuel Alvarez,3.371,178.58,178.58,52.98,52.98,Operacion,,SEGUNDO ALEJANDRO SANTILLAN ZUÑIGA: RM-24525 - ENDERESADO DE LAMINAS,Horas,0.7578333333333334,0.7578333333333334,0.0,0.0,0.0,0.0
RM-24525,Terminado,Real,2026-08-14,2026-09-08,OPP-0000000352,026-0011829,F 004-00002221,[51002654] RADIADOR COMPLETO P/MOTOR CAT C4.4 583-6045 V2 ,1.0,METAL TECNICA S A,Manuel Alvarez,3.371,178.58,178.58,52.98,52.98,Operacion,,SEGUNDO ALEJANDRO SANTILLAN ZUÑIGA: RM-24525 - PINTADO,Horas,0.5868333333333333,0.5868333333333333,0.0,0.0,0.0,0.0
RM-24525,Terminado,Real,2026-08-14,2026-09-08,OPP-0000000352,026-0011829,F 004-00002221,[51002654] RADIADOR COMPLETO P/MOTOR CAT C4.4 583-6045 V2 ,1.0,METAL TECNICA S A,Manuel Alvarez,3.371,178.58,178.58,52.98,52.98,Operacion,,SEGUNDO ALEJANDRO SANTILLAN ZUÑIGA: RM-24525 - LIJADO DE ALEROS,Horas,0.9179999999999999,0.9179999999999999,0.0,0.0,0.0,0.0
RM-24525,Terminado,Real,2026-08-14,2026-09-08,OPP-0000000352,026-0011829,F 004-00002221,[51002654] RADIADOR COMPLETO P/MOTOR CAT C4.4 583-6045 V2 ,1.0,METAL TECNICA S A,Manuel Alvarez,3.371,178.58,178.58,52.98,52.98,Operacion,,SEGUNDO ALEJANDRO SANTILLAN ZUÑIGA: RM-24525 - PINTADO DE ALEROS,Horas,0.5296666666666667,0.5296666666666667,0.0,0.0,0.0,0.0
RM-24525,Terminado,Real,2026-08-14,2026-09-08,OPP-0000000352,026-0011829,F 004-00002221,[51002654] RADIADOR COMPLETO P/MOTOR CAT C4.4 583-6045 V2 ,1.0,METAL TECNICA S A,Manuel Alvarez,3.371,178.58,178.58,52.98,52.98,Operacion,,SEGUNDO ALEJANDRO SANTILLAN ZUÑIGA: RM-24525 - ENDERESADO DE LAMINAS,Horas,0.8373333333333333,0.8373333333333333,0.0,0.0,0.0,0.0
RM-24525,Terminado,Real,2026-08-14,2026-09-08,OPP-0000000352,026-0011829,F 004-00002221,[51002654] RADIADOR COMPLETO P/MOTOR CAT C4.4 583-6045 V2 ,1.0,METAL TECNICA S A,Manuel Alvarez,3.371,178.58,178.58,52.98,52.98,Operacion,,RICHARD EMERSON CAÑARI TORRES: RM-24525 - PINTADO DE PANAL,Horas,0.0005,0.0005,0.0,0.0,0.0,0.0
RM-24525,Terminado,Real,2026-08-14,2026-09-08,OPP-0000000352,026-0011829,F 004-00002221,[51002654] RADIADOR COMPLETO P/MOTOR CAT C4.4 583-6045 V2 ,1.0,METAL TECNICA S A,Manuel Alvarez,3.371,178.58,178.58,52.98,52.98,Operacion,,SEGUNDO ALEJANDRO SANTILLAN ZUÑIGA: RM-24525 - PINTADO DE PANAL,Horas,0.753,0.753,0.0,0.0,0.0,0.0
RM-24525,Terminado,Real,2026-08-14,2026-09-08,OPP-0000000352,026-0011829,F 004-00002221,[51002654] RADIADOR COMPLETO P/MOTOR CAT C4.4 583-6045 V2 ,1.0,METAL TECNICA S A,Manuel Alvarez,3.371,178.58,178.58,52.98,52.98,Operacion,,SEGUNDO ALEJANDRO SANTILLAN ZUÑIGA: RM-24525 - MONTAGE DE EQUIPO,Horas,1.0,1.0,0.0,0.0,0.0,0.0
RM-24627,Por cerrar,Estimado,2026-08-17,2026-08-15,,026-0012038,F 004-00002259,[51002030] ENFRIADOR DE ACEITE TUBULAR GL140 P/. SIMBA S7D EPIROC 9106161861 BROCAL (copiar),1.0,RESEMIN S.A.,Arnold Hernández,3.356,5065.95,5091.8,1509.52,1517.22,Componente,10160006,PETROLEO DIESEL D2,gal (US),0.5,0.5,12.05,12.05,3.59,3.59
RM-24627,Por cerrar,Estimado,2026-08-17,2026-08-15,,026-0012038,F 004-00002259,[51002030] ENFRIADOR DE ACEITE TUBULAR GL140 P/. SIMBA S7D EPIROC 9106161861 BROCAL (copiar),1.0,RESEMIN S.A.,Arnold Hernández,3.356,5065.95,5091.8,1509.52,1517.22,Componente,10300051,"CINTA TEFLON SHURTAPE 1/2""",Ro,1.0,1.0,0.43,0.43,0.13,0.13
RM-24627,Por cerrar,Estimado,2026-08-17,2026-08-15,,026-0012038,F 004-00002259,[51002030] ENFRIADOR DE ACEITE TUBULAR GL140 P/. SIMBA S7D EPIROC 9106161861 BROCAL (copiar),1.0,RESEMIN S.A.,Arnold Hernández,3.356,5065.95,5091.8,1509.52,1517.22,Componente,10480007,ADITIVO ACRILICO - THINNER (CILINDRO 55 GALONES),gal (US),1.0,1.0,25.76,25.76,7.68,7.68
RM-24627,Por cerrar,Estimado,2026-08-17,2026-08-15,,026-0012038,F 004-00002259,[51002030] ENFRIADOR DE ACEITE TUBULAR GL140 P/. SIMBA S7D EPIROC 9106161861 BROCAL (copiar),1.0,RESEMIN S.A.,Arnold Hernández,3.356,5065.95,5091.8,1509.52,1517.22,Componente,10100052,LIJA PLIEGO TELA P/METAL G. 60 - 2 (230X280MM),Units,1.0,1.0,2.16,2.16,0.64,0.64
RM-24627,Por cerrar,Estimado,2026-08-17,2026-08-15,,026-0012038,F 004-00002259,[51002030] ENFRIADOR DE ACEITE TUBULAR GL140 P/. SIMBA S7D EPIROC 9106161861 BROCAL (copiar),1.0,RESEMIN S.A.,Arnold Hernández,3.356,5065.95,5091.8,1509.52,1517.22,Componente,10300463,TRAPO INDUSTRIAL COLORES,kg,1.0,1.0,2.91,2.91,0.87,0.87
RM-24627,Por cerrar,Estimado,2026-08-17,2026-08-15,,026-0012038,F 004-00002259,[51002030] ENFRIADOR DE ACEITE TUBULAR GL140 P/. SIMBA S7D EPIROC 9106161861 BROCAL (copiar),1.0,RESEMIN S.A.,Arnold Hernández,3.356,5065.95,5091.8,1509.52,1517.22,Componente,10240115,ORING NITRILO 2-349 ( Ø5.33 * 113.67) FG120,Units,2.0,2.0,6.17,6.17,1.84,1.84
RM-24627,Por cerrar,Estimado,2026-08-17,2026-08-15,,026-0012038,F 004-00002259,[51002030] ENFRIADOR DE ACEITE TUBULAR GL140 P/. SIMBA S7D EPIROC 9106161861 BROCAL (copiar),1.0,RESEMIN S.A.,Arnold Hernández,3.356,5065.95,5091.8,1509.52,1517.22,Componente,10460295,PERNO SOCKET ALLEN FIERRO NEGRO G-8 UNC M8 35mm,Units,8.0,8.0,3.71,3.71,1.11,1.11
RM-24627,Por cerrar,Estimado,2026-08-17,2026-08-15,,026-0012038,F 004-00002259,[51002030] ENFRIADOR DE ACEITE TUBULAR GL140 P/. SIMBA S7D EPIROC 9106161861 BROCAL (copiar),1.0,RESEMIN S.A.,Arnold Hernández,3.356,5065.95,5091.8,1509.52,1517.22,Componente,40200046,TAPA FE FUND BOWMAN FG (1 INPUT) 3P S / DESF FG3-1583CI,Units,1.0,1.0,505.17,505.17,150.53,150.53
RM-24627,Por cerrar,Estimado,2026-08-17,2026-08-15,,026-0012038,F 004-00002259,[51002030] ENFRIADOR DE ACEITE TUBULAR GL140 P/. SIMBA S7D EPIROC 9106161861 BROCAL (copiar),1.0,RESEMIN S.A.,Arnold Hernández,3.356,5065.95,5091.8,1509.52,1517.22,Componente,40200093,TAPA FE FUND BOWMAN FG (1 INPUT) 3P C / DESF FG3-1583CI,Units,1.0,1.0,730.95,730.95,217.8,217.8
RM-24627,Por cerrar,Estimado,2026-08-17,2026-08-15,,026-0012038,F 004-00002259,[51002030] ENFRIADOR DE ACEITE TUBULAR GL140 P/. SIMBA S7D EPIROC 9106161861 BROCAL (copiar),1.0,RESEMIN S.A.,Arnold Hernández,3.356,5065.95,5091.8,1509.52,1517.22,Componente,10520082,SAL INDUSTRIAL X SACO (copiar),gal (US),5.0,5.0,274.3,274.3,81.73,81.73
RM-24627,Por cerrar,Estimado,2026-08-17,2026-08-15,,026-0012038,F 004-00002259,[51002030] ENFRIADOR DE ACEITE TUBULAR GL140 P/. SIMBA S7D EPIROC 9106161861 BROCAL (copiar),1.0,RESEMIN S.A.,Arnold Hernández,3.356,5065.95,5091.8,1509.52,1517.22,Componente,10100104,ESCOBILLA RECTA P/CALDERO 08 MM,Units,2.0,2.0,57.89,57.89,17.25,17.25
RM-24627,Por cerrar,Estimado,2026-08-17,2026-08-15,,026-0012038,F 004-00002259,[51002030] ENFRIADOR DE ACEITE TUBULAR GL140 P/. SIMBA S7D EPIROC 9106161861 BROCAL (copiar),1.0,RESEMIN S.A.,Arnold Hernández,3.356,5065.95,5091.8,1509.52,1517.22,Componente,40200071,HAZ TUBULAR BOWMAN FG120 TUBO COBRE BAFLE / AL,Units,1.0,1.0,1622.81,1622.81,483.55,483.55
RM-24627,Por cerrar,Estimado,2026-08-17,2026-08-15,,026-0012038,F 004-00002259,[51002030] ENFRIADOR DE ACEITE TUBULAR GL140 P/. SIMBA S7D EPIROC 9106161861 BROCAL (copiar),1.0,RESEMIN S.A.,Arnold Hernández,3.356,5065.95,5091.8,1509.52,1517.22,Componente,10220018,"STRETCH FILM TRANSPARENTE BOBINA 09"" X 20 MICRAS X 0.90 KM",Ro,0.1,0.1,1.3,1.3,0.39,0.39
RM-24627,Por cerrar,Estimado,2026-08-17,2026-08-15,,026-0012038,F 004-00002259,[51002030] ENFRIADOR DE ACEITE TUBULAR GL140 P/. SIMBA S7D EPIROC 9106161861 BROCAL (copiar),1.0,RESEMIN S.A.,Arnold Hernández,3.356,5065.95,5091.8,1509.52,1517.22,Componente,10100068,"ESCOBILLA CIRCULAR P/ TALADRO 3"" (75MM)",Units,1.0,1.0,7.33,7.33,2.18,2.18
RM-24627,Por cerrar,Estimado,2026-08-17,2026-08-15,,026-0012038,F 004-00002259,[51002030] ENFRIADOR DE ACEITE TUBULAR GL140 P/. SIMBA S7D EPIROC 9106161861 BROCAL (copiar),1.0,RESEMIN S.A.,Arnold Hernández,3.356,5065.95,5091.8,1509.52,1517.22,Componente,10480003,BASE ANTICORROSIVO AL ACEITE GRIS AUTOMOTRIZ (1 GALON),gal (US),0.125,0.125,5.09,5.09,1.52,1.52
RM-24627,Por cerrar,Estimado,2026-08-17,2026-08-15,,026-0012038,F 004-00002259,[51002030] ENFRIADOR DE ACEITE TUBULAR GL140 P/. SIMBA S7D EPIROC 9106161861 BROCAL (copiar),1.0,RESEMIN S.A.,Arnold Hernández,3.356,5065.95,5091.8,1509.52,1517.22,Componente,10220105,"LISTON MADERA CATAHUA 1"" x 4"" X 10┤",Units,2.0,2.0,32.94,32.94,9.82,9.82
RM-24627,Por cerrar,Estimado,2026-08-17,2026-08-15,,026-0012038,F 004-00002259,[51002030] ENFRIADOR DE ACEITE TUBULAR GL140 P/. SIMBA S7D EPIROC 9106161861 BROCAL (copiar),1.0,RESEMIN S.A.,Arnold Hernández,3.356,5065.95,5091.8,1509.52,1517.22,Componente,10220011,"LISTON MADERA COPAHIBA 1 3/4"" * 3 1/2"" * 8┤",Units,0.25,0.25,11.47,11.47,3.42,3.42
RM-24627,Por cerrar,Estimado,2026-08-17,2026-08-15,,026-0012038,F 004-00002259,[51002030] ENFRIADOR DE ACEITE TUBULAR GL140 P/. SIMBA S7D EPIROC 9106161861 BROCAL (copiar),1.0,RESEMIN S.A.,Arnold Hernández,3.356,5065.95,5091.8,1509.52,1517.22,Componente,10220005,CARTON CORRUGADO ROLLO 1.64 MT X 50 KG=5 (6 METROS),kg,0.5,0.5,2.88,2.88,0.86,0.86
RM-24627,Por cerrar,Estimado,2026-08-17,2026-08-15,,026-0012038,F 004-00002259,[51002030] ENFRIADOR DE ACEITE TUBULAR GL140 P/. SIMBA S7D EPIROC 9106161861 BROCAL (copiar),1.0,RESEMIN S.A.,Arnold Hernández,3.356,5065.95,5091.8,1509.52,1517.22,Componente,10220001,"CLAVO MADERA PISTOLA 1 1/2"" (CAJA 30 ROLLOS)",Ro,0.5,0.5,1.09,1.09,0.32,0.32
RM-24627,Por cerrar,Estimado,2026-08-17,2026-08-15,,026-0012038,F 004-00002259,[51002030] ENFRIADOR DE ACEITE TUBULAR GL140 P/. SIMBA S7D EPIROC 9106161861 BROCAL (copiar),1.0,RESEMIN S.A.,Arnold Hernández,3.356,5065.95,5091.8,1509.52,1517.22,Componente,10220002,"CLAVO MADERA PISTOLA 2"" (CAJA 30 ROLLOS / 28 KG)",Ro,0.5,0.5,1.81,1.81,0.54,0.54
RM-24627,Por cerrar,Estimado,2026-08-17,2026-08-15,,026-0012038,F 004-00002259,[51002030] ENFRIADOR DE ACEITE TUBULAR GL140 P/. SIMBA S7D EPIROC 9106161861 BROCAL (copiar),1.0,RESEMIN S.A.,Arnold Hernández,3.356,5065.95,5091.8,1509.52,1517.22,Componente,40200081,CARCASA BOWMAN FG120 1427-3TC CASCO AL. FG12-1650-3AL,Units,1.0,1.0,1737.18,1737.18,517.63,517.63
RM-24627,Por cerrar,Estimado,2026-08-17,2026-08-15,,026-0012038,F 004-00002259,[51002030] ENFRIADOR DE ACEITE TUBULAR GL140 P/. SIMBA S7D EPIROC 9106161861 BROCAL (copiar),1.0,RESEMIN S.A.,Arnold Hernández,3.356,5065.95,5091.8,1509.52,1517.22,Operacion,,INSPECCION,Minutos,15.149999999999999,15.149999999999999,5.136666666666667,3.891025,1.53,1.16
RM-24627,Por cerrar,Estimado,2026-08-17,2026-08-15,,026-0012038,F 004-00002259,[51002030] ENFRIADOR DE ACEITE TUBULAR GL140 P/. SIMBA S7D EPIROC 9106161861 BROCAL (copiar),1.0,RESEMIN S.A.,Arnold Hernández,3.356,5065.95,5091.8,1509.52,1517.22,Operacion,,DESMONTAJE,Minutos,48.88,48.88,0.0,12.554013333333335,0.0,3.74
RM-24627,Por cerrar,Estimado,2026-08-17,2026-08-15,,026-0012038,F 004-00002259,[51002030] ENFRIADOR DE ACEITE TUBULAR GL140 P/. SIMBA S7D EPIROC 9106161861 BROCAL (copiar),1.0,RESEMIN S.A.,Arnold Hernández,3.356,5065.95,5091.8,1509.52,1517.22,Operacion,,ACABADO,Minutos,116.65,116.65,15.41,29.959608333333335,4.59,8.93
RM-24624,Terminado,Real,2026-08-17,2026-09-07,OPP-0000000068,026-0012018,F 004-00002281,[51002368] RADIADOR COMPLETO 3799901 P/. LHD CAT R1600H,1.0,GESTION MINERA INTEGRAL S.A.C.,Mercedes Quispe,3.368,8680.75,8680.75,2577.42,2577.42,Componente,10460819,ARANDELA DENTADA EXT. AD-8,Units,60.0,60.0,9.51,9.51,2.82,2.82
RM-24624,Terminado,Real,2026-08-17,2026-09-07,OPP-0000000068,026-0012018,F 004-00002281,[51002368] RADIADOR COMPLETO 3799901 P/. LHD CAT R1600H,1.0,GESTION MINERA INTEGRAL S.A.C.,Mercedes Quispe,3.368,8680.75,8680.75,2577.42,2577.42,Componente,40600174,PANAL AFTERCOOLER AL W / PROTECCION 186-9526 P / LHD CAT R1600H,Units,1.0,1.0,3218.12,3218.12,955.5,955.5
RM-24624,Terminado,Real,2026-08-17,2026-09-07,OPP-0000000068,026-0012018,F 004-00002281,[51002368] RADIADOR COMPLETO 3799901 P/. LHD CAT R1600H,1.0,GESTION MINERA INTEGRAL S.A.C.,Mercedes Quispe,3.368,8680.75,8680.75,2577.42,2577.42,Componente,10240107,FORMADOR EMPAQUETADURA TIPO AVIACION 3H X 143 GR,Units,1.0,1.0,8.71,8.71,2.59,2.59
RM-24624,Terminado,Real,2026-08-17,2026-09-07,OPP-0000000068,026-0012018,F 004-00002281,[51002368] RADIADOR COMPLETO 3799901 P/. LHD CAT R1600H,1.0,GESTION MINERA INTEGRAL S.A.C.,Mercedes Quispe,3.368,8680.75,8680.75,2577.42,2577.42,Componente,10240393,PLANCHA KLINGERSIL C-4400 2 m X 1.5 mX1.5MM (copia),m²,0.17,0.17,17.91,17.91,5.32,5.32
RM-24624,Terminado,Real,2026-08-17,2026-09-07,OPP-0000000068,026-0012018,F 004-00002281,[51002368] RADIADOR COMPLETO 3799901 P/. LHD CAT R1600H,1.0,GESTION MINERA INTEGRAL S.A.C.,Mercedes Quispe,3.368,8680.75,8680.75,2577.42,2577.42,Componente,10480007,ADITIVO ACRILICO - THINNER (CILINDRO 55 GALONES),gal (US),2.0,2.0,51.53,51.53,15.3,15.3
RM-24624,Terminado,Real,2026-08-17,2026-09-07,OPP-0000000068,026-0012018,F 004-00002281,[51002368] RADIADOR COMPLETO 3799901 P/. LHD CAT R1600H,1.0,GESTION MINERA INTEGRAL S.A.C.,Mercedes Quispe,3.368,8680.75,8680.75,2577.42,2577.42,Componente,10300051,"CINTA TEFLON SHURTAPE 1/2""",Ro,3.0,3.0,1.28,1.28,0.38,0.38
RM-24624,Terminado,Real,2026-08-17,2026-09-07,OPP-0000000068,026-0012018,F 004-00002281,[51002368] RADIADOR COMPLETO 3799901 P/. LHD CAT R1600H,1.0,GESTION MINERA INTEGRAL S.A.C.,Mercedes Quispe,3.368,8680.75,8680.75,2577.42,2577.42,Componente,10220120,"STRETCH FILM TRANSPARENTE BOBINA 18"" X 20 MICRAS X 02 KG",Ro,1.0,1.0,22.96,22.96,6.82,6.82
RM-24624,Terminado,Real,2026-08-17,2026-09-07,OPP-0000000068,026-0012018,F 004-00002281,[51002368] RADIADOR COMPLETO 3799901 P/. LHD CAT R1600H,1.0,GESTION MINERA INTEGRAL S.A.C.,Mercedes Quispe,3.368,8680.75,8680.75,2577.42,2577.42,Componente,10480017,PINTURA ESMALTE INDUSTRIAL NEGRO-MATE 1GL ,gal (US),1.0,1.0,58.65,58.65,17.41,17.41
RM-24624,Terminado,Real,2026-08-17,2026-09-07,OPP-0000000068,026-0012018,F 004-00002281,[51002368] RADIADOR COMPLETO 3799901 P/. LHD CAT R1600H,1.0,GESTION MINERA INTEGRAL S.A.C.,Mercedes Quispe,3.368,8680.75,8680.75,2577.42,2577.42,Componente,10480003,BASE ANTICORROSIVO AL ACEITE GRIS AUTOMOTRIZ (1 GALON),gal (US),0.5,0.5,20.35,20.35,6.04,6.04
RM-24624,Terminado,Real,2026-08-17,2026-09-07,OPP-0000000068,026-0012018,F 004-00002281,[51002368] RADIADOR COMPLETO 3799901 P/. LHD CAT R1600H,1.0,GESTION MINERA INTEGRAL S.A.C.,Mercedes Quispe,3.368,8680.75,8680.75,2577.42,2577.42,Componente,40600476,SELLO DESMONT. C / CANAL HEATEX 721201B V2,Units,91.0,91.0,185.96,185.96,55.21,55.21
RM-24624,Terminado,Real,2026-08-17,2026-09-07,OPP-0000000068,026-0012018,F 004-00002281,[51002368] RADIADOR COMPLETO 3799901 P/. LHD CAT R1600H,1.0,GESTION MINERA INTEGRAL S.A.C.,Mercedes Quispe,3.368,8680.75,8680.75,2577.42,2577.42,Componente,40600477,SELLO DESMONT. S / CANAL HEATEX 721201T V2,Units,91.0,91.0,184.78,184.78,54.86,54.86
RM-24624,Terminado,Real,2026-08-17,2026-09-07,OPP-0000000068,026-0012018,F 004-00002281,[51002368] RADIADOR COMPLETO 3799901 P/. LHD CAT R1600H,1.0,GESTION MINERA INTEGRAL S.A.C.,Mercedes Quispe,3.368,8680.75,8680.75,2577.42,2577.42,Componente,40600321,"FIELTRO INDUSTRIAL 3/4"" * 1"" N/P 33082",in,50.0,50.0,6.57,6.57,1.95,1.95
RM-24624,Terminado,Real,2026-08-17,2026-09-07,OPP-0000000068,026-0012018,F 004-00002281,[51002368] RADIADOR COMPLETO 3799901 P/. LHD CAT R1600H,1.0,GESTION MINERA INTEGRAL S.A.C.,Mercedes Quispe,3.368,8680.75,8680.75,2577.42,2577.42,Componente,40600322,"FIELTRO INDUSTRIAL 3/4"" * 1/2"" N/P 33083",in,50.0,50.0,3.36,3.36,1.0,1.0
RM-24624,Terminado,Real,2026-08-17,2026-09-07,OPP-0000000068,026-0012018,F 004-00002281,[51002368] RADIADOR COMPLETO 3799901 P/. LHD CAT R1600H,1.0,GESTION MINERA INTEGRAL S.A.C.,Mercedes Quispe,3.368,8680.75,8680.75,2577.42,2577.42,Componente,40600464,"GRAPA  DESMONT. TIPO ""V"" HEATEX  M/HTX-80110 V2024",Units,91.0,91.0,111.7,111.7,33.17,33.17
RM-24624,Terminado,Real,2026-08-17,2026-09-07,OPP-0000000068,026-0012018,F 004-00002281,[51002368] RADIADOR COMPLETO 3799901 P/. LHD CAT R1600H,1.0,GESTION MINERA INTEGRAL S.A.C.,Mercedes Quispe,3.368,8680.75,8680.75,2577.42,2577.42,Componente,20100100,"TUBO DESMONT. CU 46.7/8"" ""V"""" CSG WATER TIPO MESABI (copiar)",Units,91.0,91.0,3818.17,3818.17,1133.66,1133.66
RM-24624,Terminado,Real,2026-08-17,2026-09-07,OPP-0000000068,026-0012018,F 004-00002281,[51002368] RADIADOR COMPLETO 3799901 P/. LHD CAT R1600H,1.0,GESTION MINERA INTEGRAL S.A.C.,Mercedes Quispe,3.368,8680.75,8680.75,2577.42,2577.42,Componente,10100009,"DISCO POLIFAN FLAT INOXIDABLE 4.1/2""X3/4""X7/8"" (115Z40/SG POWER)",Units,1.0,1.0,17.39,17.39,5.16,5.16
RM-24624,Terminado,Real,2026-08-17,2026-09-07,OPP-0000000068,026-0012018,F 004-00002281,[51002368] RADIADOR COMPLETO 3799901 P/. LHD CAT R1600H,1.0,GESTION MINERA INTEGRAL S.A.C.,Mercedes Quispe,3.368,8680.75,8680.75,2577.42,2577.42,Componente,10100003,"DISCO CORTE PARA ACERO INOXIDABLE 4.1/2"" X 0.040 X 7/8"" (EHT115-10/A60 P B2223)",Units,2.0,2.0,7.3500000000000005,7.3500000000000005,2.18,2.18
RM-24624,Terminado,Real,2026-08-17,2026-09-07,OPP-0000000068,026-0012018,F 004-00002281,[51002368] RADIADOR COMPLETO 3799901 P/. LHD CAT R1600H,1.0,GESTION MINERA INTEGRAL S.A.C.,Mercedes Quispe,3.368,8680.75,8680.75,2577.42,2577.42,Componente,10460368,"TUERCA HEXAGONAL FIERRO NEGRO G-8 UNC 3/8""",Units,10.0,10.0,0.97,0.97,0.29,0.29
RM-24624,Terminado,Real,2026-08-17,2026-09-07,OPP-0000000068,026-0012018,F 004-00002281,[51002368] RADIADOR COMPLETO 3799901 P/. LHD CAT R1600H,1.0,GESTION MINERA INTEGRAL S.A.C.,Mercedes Quispe,3.368,8680.75,8680.75,2577.42,2577.42,Componente,10460040,"ARANDELA PRESION FIERRO NEGRO G-8 3/8""",Units,10.0,10.0,0.38,0.38,0.11,0.11
RM-24624,Terminado,Real,2026-08-17,2026-09-07,OPP-0000000068,026-0012018,F 004-00002281,[51002368] RADIADOR COMPLETO 3799901 P/. LHD CAT R1600H,1.0,GESTION MINERA INTEGRAL S.A.C.,Mercedes Quispe,3.368,8680.75,8680.75,2577.42,2577.42,Componente,10300035,"REMACHE 1/8"" * 1/2""",Units,6.0,6.0,0.9,0.9,0.27,0.27
RM-24624,Terminado,Real,2026-08-17,2026-09-07,OPP-0000000068,026-0012018,F 004-00002281,[51002368] RADIADOR COMPLETO 3799901 P/. LHD CAT R1600H,1.0,GESTION MINERA INTEGRAL S.A.C.,Mercedes Quispe,3.368,8680.75,8680.75,2577.42,2577.42,Componente,10100052,LIJA PLIEGO TELA P/METAL G. 60 - 2 (230X280MM),Units,3.0,3.0,6.48,6.48,1.92,1.92
RM-24624,Terminado,Real,2026-08-17,2026-09-07,OPP-0000000068,026-0012018,F 004-00002281,[51002368] RADIADOR COMPLETO 3799901 P/. LHD CAT R1600H,1.0,GESTION MINERA INTEGRAL S.A.C.,Mercedes Quispe,3.368,8680.75,8680.75,2577.42,2577.42,Componente,10100053,LIJA PLIEGO TELA P/METAL G. 80 - 1.1/2 (230X280MM),Units,3.0,3.0,5.96,5.96,1.77,1.77
RM-24624,Terminado,Real,2026-08-17,2026-09-07,OPP-0000000068,026-0012018,F 004-00002281,[51002368] RADIADOR COMPLETO 3799901 P/. LHD CAT R1600H,1.0,GESTION MINERA INTEGRAL S.A.C.,Mercedes Quispe,3.368,8680.75,8680.75,2577.42,2577.42,Componente,10100084,ESCOBILLA RECTA P/CALDERO 20MM 63451,Units,1.0,1.0,43.63,43.63,12.95,12.95
RM-24624,Terminado,Real,2026-08-17,2026-09-07,OPP-0000000068,026-0012018,F 004-00002281,[51002368] RADIADOR COMPLETO 3799901 P/. LHD CAT R1600H,1.0,GESTION MINERA INTEGRAL S.A.C.,Mercedes Quispe,3.368,8680.75,8680.75,2577.42,2577.42,Componente,10300463,TRAPO INDUSTRIAL COLORES,kg,2.0,2.0,5.83,5.83,1.73,1.73
RM-24624,Terminado,Real,2026-08-17,2026-09-07,OPP-0000000068,026-0012018,F 004-00002281,[51002368] RADIADOR COMPLETO 3799901 P/. LHD CAT R1600H,1.0,GESTION MINERA INTEGRAL S.A.C.,Mercedes Quispe,3.368,8680.75,8680.75,2577.42,2577.42,Componente,10100105,ESCOBILLA RECTA P/CALDERO 10 MM,Units,1.0,1.0,29.05,29.05,8.63,8.63
RM-24624,Terminado,Real,2026-08-17,2026-09-07,OPP-0000000068,026-0012018,F 004-00002281,[51002368] RADIADOR COMPLETO 3799901 P/. LHD CAT R1600H,1.0,GESTION MINERA INTEGRAL S.A.C.,Mercedes Quispe,3.368,8680.75,8680.75,2577.42,2577.42,Componente,10460134,"PERNO HEXAGONAL FIERRO NEGRO G-8 UNC 3/8"" * 1""",Units,40.0,40.0,11.35,11.35,3.37,3.37
RM-24624,Terminado,Real,2026-08-17,2026-09-07,OPP-0000000068,026-0012018,F 004-00002281,[51002368] RADIADOR COMPLETO 3799901 P/. LHD CAT R1600H,1.0,GESTION MINERA INTEGRAL S.A.C.,Mercedes Quispe,3.368,8680.75,8680.75,2577.42,2577.42,Componente,10460011,"ARANDELA PLANA GALVANIZADA G-5 3/8""",Units,52.0,52.0,4.18,4.18,1.24,1.24
RM-24624,Terminado,Real,2026-08-17,2026-09-07,OPP-0000000068,026-0012018,F 004-00002281,[51002368] RADIADOR COMPLETO 3799901 P/. LHD CAT R1600H,1.0,GESTION MINERA INTEGRAL S.A.C.,Mercedes Quispe,3.368,8680.75,8680.75,2577.42,2577.42,Componente,10460012,"ARANDELA PLANA GALVANIZADA G-5 5/16"" ALA ANCHA",Units,10.0,10.0,0.63,0.63,0.19,0.19
RM-24624,Terminado,Real,2026-08-17,2026-09-07,OPP-0000000068,026-0012018,F 004-00002281,[51002368] RADIADOR COMPLETO 3799901 P/. LHD CAT R1600H,1.0,GESTION MINERA INTEGRAL S.A.C.,Mercedes Quispe,3.368,8680.75,8680.75,2577.42,2577.42,Componente,10460368,"TUERCA HEXAGONAL FIERRO NEGRO G-8 UNC 3/8""",Units,10.0,10.0,0.97,0.97,0.29,0.29
RM-24624,Terminado,Real,2026-08-17,2026-09-07,OPP-0000000068,026-0012018,F 004-00002281,[51002368] RADIADOR COMPLETO 3799901 P/. LHD CAT R1600H,1.0,GESTION MINERA INTEGRAL S.A.C.,Mercedes Quispe,3.368,8680.75,8680.75,2577.42,2577.42,Componente,10460040,"ARANDELA PRESION FIERRO NEGRO G-8 3/8""",Units,10.0,10.0,0.38,0.38,0.11,0.11
RM-24624,Terminado,Real,2026-08-17,2026-09-07,OPP-0000000068,026-0012018,F 004-00002281,[51002368] RADIADOR COMPLETO 3799901 P/. LHD CAT R1600H,1.0,GESTION MINERA INTEGRAL S.A.C.,Mercedes Quispe,3.368,8680.75,8680.75,2577.42,2577.42,Componente,10460147,"PERNO HEXAGONAL FIERRO NEGRO G-8 UNC 5/16"" x 2""",Units,8.0,8.0,2.27,2.27,0.67,0.67
RM-24624,Terminado,Real,2026-08-17,2026-09-07,OPP-0000000068,026-0012018,F 004-00002281,[51002368] RADIADOR COMPLETO 3799901 P/. LHD CAT R1600H,1.0,GESTION MINERA INTEGRAL S.A.C.,Mercedes Quispe,3.368,8680.75,8680.75,2577.42,2577.42,Componente,10460142,"PERNO HEXAGONAL FIERRO NEGRO G-8 UNC 5/16"" x 1 1/2""",Units,82.0,82.0,18.39,18.39,5.46,5.46
RM-24624,Terminado,Real,2026-08-17,2026-09-07,OPP-0000000068,026-0012018,F 004-00002281,[51002368] RADIADOR COMPLETO 3799901 P/. LHD CAT R1600H,1.0,GESTION MINERA INTEGRAL S.A.C.,Mercedes Quispe,3.368,8680.75,8680.75,2577.42,2577.42,Componente,10460367,"TUERCA HEXAGONAL FIERRO NEGRO G-8 UNC 5/16""",Units,90.0,90.0,5.99,5.99,1.78,1.78
RM-24624,Terminado,Real,2026-08-17,2026-09-07,OPP-0000000068,026-0012018,F 004-00002281,[51002368] RADIADOR COMPLETO 3799901 P/. LHD CAT R1600H,1.0,GESTION MINERA INTEGRAL S.A.C.,Mercedes Quispe,3.368,8680.75,8680.75,2577.42,2577.42,Componente,10300037,"REMACHE 3/16"" * 3/4""",Units,18.0,18.0,1.1,1.1,0.33,0.33
RM-24624,Terminado,Real,2026-08-17,2026-09-07,OPP-0000000068,026-0012018,F 004-00002281,[51002368] RADIADOR COMPLETO 3799901 P/. LHD CAT R1600H,1.0,GESTION MINERA INTEGRAL S.A.C.,Mercedes Quispe,3.368,8680.75,8680.75,2577.42,2577.42,Componente,10240050,"JEBE NATURAL LONADO 1/4"" (6MM) X 1.20 MT (copia)",m²,0.33,0.33,22.92,22.92,6.81,6.81
RM-24624,Terminado,Real,2026-08-17,2026-09-07,OPP-0000000068,026-0012018,F 004-00002281,[51002368] RADIADOR COMPLETO 3799901 P/. LHD CAT R1600H,1.0,GESTION MINERA INTEGRAL S.A.C.,Mercedes Quispe,3.368,8680.75,8680.75,2577.42,2577.42,Componente,10220011,"LISTON MADERA COPAHIBA 1 3/4"" * 3 1/2"" * 8┤",Units,1.0,1.0,45.88,45.88,13.62,13.62
RM-24624,Terminado,Real,2026-08-17,2026-09-07,OPP-0000000068,026-0012018,F 004-00002281,[51002368] RADIADOR COMPLETO 3799901 P/. LHD CAT R1600H,1.0,GESTION MINERA INTEGRAL S.A.C.,Mercedes Quispe,3.368,8680.75,8680.75,2577.42,2577.42,Componente,10220105,"LISTON MADERA CATAHUA 1"" x 4"" X 10┤",Units,14.0,14.0,230.55,230.55,68.45,68.45
RM-24624,Terminado,Real,2026-08-17,2026-09-07,OPP-0000000068,026-0012018,F 004-00002281,[51002368] RADIADOR COMPLETO 3799901 P/. LHD CAT R1600H,1.0,GESTION MINERA INTEGRAL S.A.C.,Mercedes Quispe,3.368,8680.75,8680.75,2577.42,2577.42,Componente,10220001,"CLAVO MADERA PISTOLA 1 1/2"" (CAJA 30 ROLLOS)",Ro,1.0,1.0,2.18,2.18,0.65,0.65
RM-24624,Terminado,Real,2026-08-17,2026-09-07,OPP-0000000068,026-0012018,F 004-00002281,[51002368] RADIADOR COMPLETO 3799901 P/. LHD CAT R1600H,1.0,GESTION MINERA INTEGRAL S.A.C.,Mercedes Quispe,3.368,8680.75,8680.75,2577.42,2577.42,Componente,10220002,"CLAVO MADERA PISTOLA 2"" (CAJA 30 ROLLOS / 28 KG)",Ro,1.0,1.0,3.62,3.62,1.07,1.07
RM-24624,Terminado,Real,2026-08-17,2026-09-07,OPP-0000000068,026-0012018,F 004-00002281,[51002368] RADIADOR COMPLETO 3799901 P/. LHD CAT R1600H,1.0,GESTION MINERA INTEGRAL S.A.C.,Mercedes Quispe,3.368,8680.75,8680.75,2577.42,2577.42,Componente,10220005,CARTON CORRUGADO ROLLO 1.64 MT X 50 KG=5 (6 METROS),kg,1.35,1.35,7.79,7.79,2.31,2.31
RM-24624,Terminado,Real,2026-08-17,2026-09-07,OPP-0000000068,026-0012018,F 004-00002281,[51002368] RADIADOR COMPLETO 3799901 P/. LHD CAT R1600H,1.0,GESTION MINERA INTEGRAL S.A.C.,Mercedes Quispe,3.368,8680.75,8680.75,2577.42,2577.42,Operacion,,MANTENIMIENTO: RM-24624 - INSPECCION,Horas,0.4008333333333333,0.4008333333333333,6.18,6.18,1.83,1.83
RM-24624,Terminado,Real,2026-08-17,2026-09-07,OPP-0000000068,026-0012018,F 004-00002281,[51002368] RADIADOR COMPLETO 3799901 P/. LHD CAT R1600H,1.0,GESTION MINERA INTEGRAL S.A.C.,Mercedes Quispe,3.368,8680.75,8680.75,2577.42,2577.42,Operacion,,MANTENIMIENTO: RM-24624 - DESMONTGE,Horas,1.2501666666666664,1.2501666666666664,19.27,19.27,5.72,5.72
RM-24624,Terminado,Real,2026-08-17,2026-09-07,OPP-0000000068,026-0012018,F 004-00002281,[51002368] RADIADOR COMPLETO 3799901 P/. LHD CAT R1600H,1.0,GESTION MINERA INTEGRAL S.A.C.,Mercedes Quispe,3.368,8680.75,8680.75,2577.42,2577.42,Operacion,,MANTENIMIENTO: RM-24624 - DESMONTAGE DE TUBOS,Horas,1.1288333333333334,1.1288333333333334,17.400000000000002,17.400000000000002,5.17,5.17
RM-24624,Terminado,Real,2026-08-17,2026-09-07,OPP-0000000068,026-0012018,F 004-00002281,[51002368] RADIADOR COMPLETO 3799901 P/. LHD CAT R1600H,1.0,GESTION MINERA INTEGRAL S.A.C.,Mercedes Quispe,3.368,8680.75,8680.75,2577.42,2577.42,Operacion,,LAVADO: RM-24624 - LAVADO,Horas,0.9726666666666667,0.9726666666666667,16.9,16.9,5.02,5.02
RM-24624,Terminado,Real,2026-08-17,2026-09-07,OPP-0000000068,026-0012018,F 004-00002281,[51002368] RADIADOR COMPLETO 3799901 P/. LHD CAT R1600H,1.0,GESTION MINERA INTEGRAL S.A.C.,Mercedes Quispe,3.368,8680.75,8680.75,2577.42,2577.42,Operacion,,SOLDADURA: RM-24624 - MODIFICACION DE ALEROS,Horas,3.8111666666666664,3.8111666666666664,86.02,86.02,25.54,25.54
RM-24624,Terminado,Real,2026-08-17,2026-09-07,OPP-0000000068,026-0012018,F 004-00002281,[51002368] RADIADOR COMPLETO 3799901 P/. LHD CAT R1600H,1.0,GESTION MINERA INTEGRAL S.A.C.,Mercedes Quispe,3.368,8680.75,8680.75,2577.42,2577.42,Operacion,,MANTENIMIENTO: RM-24624 - LIJADO DE TINAS RAD. DE AFTERCOOLER,Horas,2.1595,2.1595,33.28,33.28,9.88,9.88
RM-24624,Terminado,Real,2026-08-17,2026-09-07,OPP-0000000068,026-0012018,F 004-00002281,[51002368] RADIADOR COMPLETO 3799901 P/. LHD CAT R1600H,1.0,GESTION MINERA INTEGRAL S.A.C.,Mercedes Quispe,3.368,8680.75,8680.75,2577.42,2577.42,Operacion,,MANTENIMIENTO: RM-24624 - LIJADO DE TINAS RAD DE AIRE,Horas,3.02,3.02,46.54,46.54,13.82,13.82
RM-24624,Terminado,Real,2026-08-17,2026-09-07,OPP-0000000068,026-0012018,F 004-00002281,[51002368] RADIADOR COMPLETO 3799901 P/. LHD CAT R1600H,1.0,GESTION MINERA INTEGRAL S.A.C.,Mercedes Quispe,3.368,8680.75,8680.75,2577.42,2577.42,Operacion,,MANTENIMIENTO: RM-24624 - LIJADO DE ALROS,Horas,1.1778333333333333,1.1778333333333333,18.150000000000002,18.150000000000002,5.39,5.39
RM-24624,Terminado,Real,2026-08-17,2026-09-07,OPP-0000000068,026-0012018,F 004-00002281,[51002368] RADIADOR COMPLETO 3799901 P/. LHD CAT R1600H,1.0,GESTION MINERA INTEGRAL S.A.C.,Mercedes Quispe,3.368,8680.75,8680.75,2577.42,2577.42,Operacion,,PINTURA: RM-24624 - PITADO DE ALEROS,Horas,0.5011666666666666,0.5011666666666666,9.4,9.4,2.79,2.79
RM-24624,Terminado,Real,2026-08-17,2026-09-07,OPP-0000000068,026-0012018,F 004-00002281,[51002368] RADIADOR COMPLETO 3799901 P/. LHD CAT R1600H,1.0,GESTION MINERA INTEGRAL S.A.C.,Mercedes Quispe,3.368,8680.75,8680.75,2577.42,2577.42,Operacion,,PINTURA: RM-24624 - PINTADO DE TINA,Horas,0.42116666666666663,0.42116666666666663,7.9,7.9,2.35,2.35
RM-24624,Terminado,Real,2026-08-17,2026-09-07,OPP-0000000068,026-0012018,F 004-00002281,[51002368] RADIADOR COMPLETO 3799901 P/. LHD CAT R1600H,1.0,GESTION MINERA INTEGRAL S.A.C.,Mercedes Quispe,3.368,8680.75,8680.75,2577.42,2577.42,Operacion,,MANTENIMIENTO: RM-24624 - CORTAR EMPAQUETADURA,Horas,1.7474999999999998,1.7474999999999998,26.93,26.93,8.0,8.0
RM-24624,Terminado,Real,2026-08-17,2026-09-07,OPP-0000000068,026-0012018,F 004-00002281,[51002368] RADIADOR COMPLETO 3799901 P/. LHD CAT R1600H,1.0,GESTION MINERA INTEGRAL S.A.C.,Mercedes Quispe,3.368,8680.75,8680.75,2577.42,2577.42,Operacion,,MANTENIMIENTO: RM-24624 - MONTAJE DE TINAS,Horas,3.0338333333333334,3.0338333333333334,46.75,46.75,13.88,13.88
RM-24624,Terminado,Real,2026-08-17,2026-09-07,OPP-0000000068,026-0012018,F 004-00002281,[51002368] RADIADOR COMPLETO 3799901 P/. LHD CAT R1600H,1.0,GESTION MINERA INTEGRAL S.A.C.,Mercedes Quispe,3.368,8680.75,8680.75,2577.42,2577.42,Operacion,,PRUEBAS: RM-24624 - PRUEBA NEUMATICA,Horas,0.9513333333333333,0.9513333333333333,15.89,15.89,4.72,4.72
RM-24624,Terminado,Real,2026-08-17,2026-09-07,OPP-0000000068,026-0012018,F 004-00002281,[51002368] RADIADOR COMPLETO 3799901 P/. LHD CAT R1600H,1.0,GESTION MINERA INTEGRAL S.A.C.,Mercedes Quispe,3.368,8680.75,8680.75,2577.42,2577.42,Operacion,,MANTENIMIENTO: RM-24624 - CORTAR JEBE RETENEDOR,Horas,1.4558333333333333,1.4558333333333333,22.43,22.43,6.66,6.66
RM-24624,Terminado,Real,2026-08-17,2026-09-07,OPP-0000000068,026-0012018,F 004-00002281,[51002368] RADIADOR COMPLETO 3799901 P/. LHD CAT R1600H,1.0,GESTION MINERA INTEGRAL S.A.C.,Mercedes Quispe,3.368,8680.75,8680.75,2577.42,2577.42,Operacion,,MANTENIMIENTO: RM-24624 - MONTAJE FINAL,Horas,2.8253333333333335,2.8253333333333335,43.54,43.54,12.93,12.93
RM-24624,Terminado,Real,2026-08-17,2026-09-07,OPP-0000000068,026-0012018,F 004-00002281,[51002368] RADIADOR COMPLETO 3799901 P/. LHD CAT R1600H,1.0,GESTION MINERA INTEGRAL S.A.C.,Mercedes Quispe,3.368,8680.75,8680.75,2577.42,2577.42,Operacion,,MANTENIMIENTO: RM-24624 - EMBALAJE,Horas,1.7325000000000002,1.7325000000000002,26.7,26.7,7.93,7.93
RM-24624,Terminado,Real,2026-08-17,2026-09-07,OPP-0000000068,026-0012018,F 004-00002281,[51002368] RADIADOR COMPLETO 3799901 P/. LHD CAT R1600H,1.0,GESTION MINERA INTEGRAL S.A.C.,Mercedes Quispe,3.368,8680.75,8680.75,2577.42,2577.42,Operacion,,MANTENIMIENTO: RM-24624 - LIJADO DE ETRUTURA,Horas,1.5330000000000001,1.5330000000000001,23.62,23.62,7.01,7.01
RM-24624,Terminado,Real,2026-08-17,2026-09-07,OPP-0000000068,026-0012018,F 004-00002281,[51002368] RADIADOR COMPLETO 3799901 P/. LHD CAT R1600H,1.0,GESTION MINERA INTEGRAL S.A.C.,Mercedes Quispe,3.368,8680.75,8680.75,2577.42,2577.42,Operacion,,PINTURA: RM-24624 - PINTADO DE ETRUTURA,Horas,0.968,0.968,18.16,18.16,5.39,5.39
RM-24624,Terminado,Real,2026-08-17,2026-09-07,OPP-0000000068,026-0012018,F 004-00002281,[51002368] RADIADOR COMPLETO 3799901 P/. LHD CAT R1600H,1.0,GESTION MINERA INTEGRAL S.A.C.,Mercedes Quispe,3.368,8680.75,8680.75,2577.42,2577.42,Operacion,,QUINTANA TACSA ANGEL VICENTE: RM-24624 - INSPECCION,Horas,0.4008333333333333,0.4008333333333333,0.0,0.0,0.0,0.0
RM-24624,Terminado,Real,2026-08-17,2026-09-07,OPP-0000000068,026-0012018,F 004-00002281,[51002368] RADIADOR COMPLETO 3799901 P/. LHD CAT R1600H,1.0,GESTION MINERA INTEGRAL S.A.C.,Mercedes Quispe,3.368,8680.75,8680.75,2577.42,2577.42,Operacion,,SEGUNDO ALEJANDRO SANTILLAN ZUÑIGA: RM-24624 - DESMONTGE,Horas,1.25,1.25,0.0,0.0,0.0,0.0
RM-24624,Terminado,Real,2026-08-17,2026-09-07,OPP-0000000068,026-0012018,F 004-00002281,[51002368] RADIADOR COMPLETO 3799901 P/. LHD CAT R1600H,1.0,GESTION MINERA INTEGRAL S.A.C.,Mercedes Quispe,3.368,8680.75,8680.75,2577.42,2577.42,Operacion,,SEGUNDO ALEJANDRO SANTILLAN ZUÑIGA: RM-24624 - DESMONTAGE DE TUBOS,Horas,1.1288333333333334,1.1288333333333334,0.0,0.0,0.0,0.0
RM-24624,Terminado,Real,2026-08-17,2026-09-07,OPP-0000000068,026-0012018,F 004-00002281,[51002368] RADIADOR COMPLETO 3799901 P/. LHD CAT R1600H,1.0,GESTION MINERA INTEGRAL S.A.C.,Mercedes Quispe,3.368,8680.75,8680.75,2577.42,2577.42,Operacion,,SEGUNDO ALEJANDRO SANTILLAN ZUÑIGA: RM-24624 - LAVADO,Horas,0.9726666666666667,0.9726666666666667,0.0,0.0,0.0,0.0
RM-24624,Terminado,Real,2026-08-17,2026-09-07,OPP-0000000068,026-0012018,F 004-00002281,[51002368] RADIADOR COMPLETO 3799901 P/. LHD CAT R1600H,1.0,GESTION MINERA INTEGRAL S.A.C.,Mercedes Quispe,3.368,8680.75,8680.75,2577.42,2577.42,Operacion,,SEGUNDO ALEJANDRO SANTILLAN ZUÑIGA: RM-24624 - MODIFICACION DE ALEROS,Horas,3.8111666666666664,3.8111666666666664,0.0,0.0,0.0,0.0
RM-24624,Terminado,Real,2026-08-17,2026-09-07,OPP-0000000068,026-0012018,F 004-00002281,[51002368] RADIADOR COMPLETO 3799901 P/. LHD CAT R1600H,1.0,GESTION MINERA INTEGRAL S.A.C.,Mercedes Quispe,3.368,8680.75,8680.75,2577.42,2577.42,Operacion,,SEGUNDO ALEJANDRO SANTILLAN ZUÑIGA: RM-24624 - LIJADO DE TINAS RAD. DE AFTERCOOLER,Horas,2.1595,2.1595,0.0,0.0,0.0,0.0
RM-24624,Terminado,Real,2026-08-17,2026-09-07,OPP-0000000068,026-0012018,F 004-00002281,[51002368] RADIADOR COMPLETO 3799901 P/. LHD CAT R1600H,1.0,GESTION MINERA INTEGRAL S.A.C.,Mercedes Quispe,3.368,8680.75,8680.75,2577.42,2577.42,Operacion,,SEGUNDO ALEJANDRO SANTILLAN ZUÑIGA: RM-24624 - LIJADO DE TINAS RAD DE AIRE,Horas,3.02,3.02,0.0,0.0,0.0,0.0
RM-24624,Terminado,Real,2026-08-17,2026-09-07,OPP-0000000068,026-0012018,F 004-00002281,[51002368] RADIADOR COMPLETO 3799901 P/. LHD CAT R1600H,1.0,GESTION MINERA INTEGRAL S.A.C.,Mercedes Quispe,3.368,8680.75,8680.75,2577.42,2577.42,Operacion,,SEGUNDO ALEJANDRO SANTILLAN ZUÑIGA: RM-24624 - LIJADO DE ALROS,Horas,1.1778333333333333,1.1778333333333333,0.0,0.0,0.0,0.0
RM-24624,Terminado,Real,2026-08-17,2026-09-07,OPP-0000000068,026-0012018,F 004-00002281,[51002368] RADIADOR COMPLETO 3799901 P/. LHD CAT R1600H,1.0,GESTION MINERA INTEGRAL S.A.C.,Mercedes Quispe,3.368,8680.75,8680.75,2577.42,2577.42,Operacion,,SEGUNDO ALEJANDRO SANTILLAN ZUÑIGA: RM-24624 - PITADO DE ALEROS,Horas,0.5011666666666666,0.5011666666666666,0.0,0.0,0.0,0.0
RM-24624,Terminado,Real,2026-08-17,2026-09-07,OPP-0000000068,026-0012018,F 004-00002281,[51002368] RADIADOR COMPLETO 3799901 P/. LHD CAT R1600H,1.0,GESTION MINERA INTEGRAL S.A.C.,Mercedes Quispe,3.368,8680.75,8680.75,2577.42,2577.42,Operacion,,SEGUNDO ALEJANDRO SANTILLAN ZUÑIGA: RM-24624 - PINTADO DE TINA,Horas,0.42116666666666663,0.42116666666666663,0.0,0.0,0.0,0.0
RM-24624,Terminado,Real,2026-08-17,2026-09-07,OPP-0000000068,026-0012018,F 004-00002281,[51002368] RADIADOR COMPLETO 3799901 P/. LHD CAT R1600H,1.0,GESTION MINERA INTEGRAL S.A.C.,Mercedes Quispe,3.368,8680.75,8680.75,2577.42,2577.42,Operacion,,SEGUNDO ALEJANDRO SANTILLAN ZUÑIGA: RM-24624 - CORTAR EMPAQUETADURA,Horas,1.7474999999999998,1.7474999999999998,0.0,0.0,0.0,0.0
RM-24624,Terminado,Real,2026-08-17,2026-09-07,OPP-0000000068,026-0012018,F 004-00002281,[51002368] RADIADOR COMPLETO 3799901 P/. LHD CAT R1600H,1.0,GESTION MINERA INTEGRAL S.A.C.,Mercedes Quispe,3.368,8680.75,8680.75,2577.42,2577.42,Operacion,,SEGUNDO ALEJANDRO SANTILLAN ZUÑIGA: RM-24624 - MONTAJE DE TINAS,Horas,3.0338333333333334,3.0338333333333334,0.0,0.0,0.0,0.0
RM-24624,Terminado,Real,2026-08-17,2026-09-07,OPP-0000000068,026-0012018,F 004-00002281,[51002368] RADIADOR COMPLETO 3799901 P/. LHD CAT R1600H,1.0,GESTION MINERA INTEGRAL S.A.C.,Mercedes Quispe,3.368,8680.75,8680.75,2577.42,2577.42,Operacion,,SEGUNDO ALEJANDRO SANTILLAN ZUÑIGA: RM-24624 - PRUEBA NEUMATICA,Horas,0.9513333333333333,0.9513333333333333,0.0,0.0,0.0,0.0
RM-24624,Terminado,Real,2026-08-17,2026-09-07,OPP-0000000068,026-0012018,F 004-00002281,[51002368] RADIADOR COMPLETO 3799901 P/. LHD CAT R1600H,1.0,GESTION MINERA INTEGRAL S.A.C.,Mercedes Quispe,3.368,8680.75,8680.75,2577.42,2577.42,Operacion,,SEGUNDO ALEJANDRO SANTILLAN ZUÑIGA: RM-24624 - CORTAR JEBE RETENEDOR,Horas,1.4558333333333333,1.4558333333333333,0.0,0.0,0.0,0.0
RM-24624,Terminado,Real,2026-08-17,2026-09-07,OPP-0000000068,026-0012018,F 004-00002281,[51002368] RADIADOR COMPLETO 3799901 P/. LHD CAT R1600H,1.0,GESTION MINERA INTEGRAL S.A.C.,Mercedes Quispe,3.368,8680.75,8680.75,2577.42,2577.42,Operacion,,SEGUNDO ALEJANDRO SANTILLAN ZUÑIGA: RM-24624 - MONTAJE FINAL,Horas,2.8253333333333335,2.8253333333333335,0.0,0.0,0.0,0.0
RM-24624,Terminado,Real,2026-08-17,2026-09-07,OPP-0000000068,026-0012018,F 004-00002281,[51002368] RADIADOR COMPLETO 3799901 P/. LHD CAT R1600H,1.0,GESTION MINERA INTEGRAL S.A.C.,Mercedes Quispe,3.368,8680.75,8680.75,2577.42,2577.42,Operacion,,SEGUNDO ALEJANDRO SANTILLAN ZUÑIGA: RM-24624 - EMBALAJE,Horas,1.7325000000000002,1.7325000000000002,0.0,0.0,0.0,0.0
RM-24624,Terminado,Real,2026-08-17,2026-09-07,OPP-0000000068,026-0012018,F 004-00002281,[51002368] RADIADOR COMPLETO 3799901 P/. LHD CAT R1600H,1.0,GESTION MINERA INTEGRAL S.A.C.,Mercedes Quispe,3.368,8680.75,8680.75,2577.42,2577.42,Operacion,,SEGUNDO ALEJANDRO SANTILLAN ZUÑIGA: RM-24624 - LIJADO DE ETRUTURA,Horas,1.5330000000000001,1.5330000000000001,0.0,0.0,0.0,0.0
RM-24624,Terminado,Real,2026-08-17,2026-09-07,OPP-0000000068,026-0012018,F 004-00002281,[51002368] RADIADOR COMPLETO 3799901 P/. LHD CAT R1600H,1.0,GESTION MINERA INTEGRAL S.A.C.,Mercedes Quispe,3.368,8680.75,8680.75,2577.42,2577.42,Operacion,,SEGUNDO ALEJANDRO SANTILLAN ZUÑIGA: RM-24624 - PINTADO DE ETRUTURA,Horas,0.968,0.968,0.0,0.0,0.0,0.0
RM-24519,En progreso,Estimado,2026-08-17,2026-08-17,,026-0011984,F 004-00002258,[51002030] ENFRIADOR DE ACEITE TUBULAR GL140 P/. SIMBA S7D EPIROC 9106161861 BROCAL (copiar),1.0,RESEMIN S.A.,Arnold Hernández,3.356,4730.6,4814.29,1409.59,1434.53,Componente,10160006,PETROLEO DIESEL D2,gal (US),0.5,0.5,12.05,12.05,3.59,3.59
RM-24519,En progreso,Estimado,2026-08-17,2026-08-17,,026-0011984,F 004-00002258,[51002030] ENFRIADOR DE ACEITE TUBULAR GL140 P/. SIMBA S7D EPIROC 9106161861 BROCAL (copiar),1.0,RESEMIN S.A.,Arnold Hernández,3.356,4730.6,4814.29,1409.59,1434.53,Componente,10300051,"CINTA TEFLON SHURTAPE 1/2""",Ro,1.0,1.0,0.43,0.43,0.13,0.13
RM-24519,En progreso,Estimado,2026-08-17,2026-08-17,,026-0011984,F 004-00002258,[51002030] ENFRIADOR DE ACEITE TUBULAR GL140 P/. SIMBA S7D EPIROC 9106161861 BROCAL (copiar),1.0,RESEMIN S.A.,Arnold Hernández,3.356,4730.6,4814.29,1409.59,1434.53,Componente,10480007,ADITIVO ACRILICO - THINNER (CILINDRO 55 GALONES),gal (US),0.25,0.25,6.44,6.44,1.92,1.92
RM-24519,En progreso,Estimado,2026-08-17,2026-08-17,,026-0011984,F 004-00002258,[51002030] ENFRIADOR DE ACEITE TUBULAR GL140 P/. SIMBA S7D EPIROC 9106161861 BROCAL (copiar),1.0,RESEMIN S.A.,Arnold Hernández,3.356,4730.6,4814.29,1409.59,1434.53,Componente,10100052,LIJA PLIEGO TELA P/METAL G. 60 - 2 (230X280MM),Units,1.0,1.0,2.16,2.16,0.64,0.64
RM-24519,En progreso,Estimado,2026-08-17,2026-08-17,,026-0011984,F 004-00002258,[51002030] ENFRIADOR DE ACEITE TUBULAR GL140 P/. SIMBA S7D EPIROC 9106161861 BROCAL (copiar),1.0,RESEMIN S.A.,Arnold Hernández,3.356,4730.6,4814.29,1409.59,1434.53,Componente,10300463,TRAPO INDUSTRIAL COLORES,kg,0.25,0.25,0.73,0.73,0.22,0.22
RM-24519,En progreso,Estimado,2026-08-17,2026-08-17,,026-0011984,F 004-00002258,[51002030] ENFRIADOR DE ACEITE TUBULAR GL140 P/. SIMBA S7D EPIROC 9106161861 BROCAL (copiar),1.0,RESEMIN S.A.,Arnold Hernández,3.356,4730.6,4814.29,1409.59,1434.53,Componente,10240115,ORING NITRILO 2-349 ( Ø5.33 * 113.67) FG120,Units,2.0,2.0,6.17,6.17,1.84,1.84
RM-24519,En progreso,Estimado,2026-08-17,2026-08-17,,026-0011984,F 004-00002258,[51002030] ENFRIADOR DE ACEITE TUBULAR GL140 P/. SIMBA S7D EPIROC 9106161861 BROCAL (copiar),1.0,RESEMIN S.A.,Arnold Hernández,3.356,4730.6,4814.29,1409.59,1434.53,Componente,10460295,PERNO SOCKET ALLEN FIERRO NEGRO G-8 UNC M8 35mm,Units,8.0,8.0,3.71,3.71,1.11,1.11
RM-24519,En progreso,Estimado,2026-08-17,2026-08-17,,026-0011984,F 004-00002258,[51002030] ENFRIADOR DE ACEITE TUBULAR GL140 P/. SIMBA S7D EPIROC 9106161861 BROCAL (copiar),1.0,RESEMIN S.A.,Arnold Hernández,3.356,4730.6,4814.29,1409.59,1434.53,Componente,40200046,TAPA FE FUND BOWMAN FG (1 INPUT) 3P S / DESF FG3-1583CI,Units,1.0,1.0,505.17,505.17,150.53,150.53
RM-24519,En progreso,Estimado,2026-08-17,2026-08-17,,026-0011984,F 004-00002258,[51002030] ENFRIADOR DE ACEITE TUBULAR GL140 P/. SIMBA S7D EPIROC 9106161861 BROCAL (copiar),1.0,RESEMIN S.A.,Arnold Hernández,3.356,4730.6,4814.29,1409.59,1434.53,Componente,40200093,TAPA FE FUND BOWMAN FG (1 INPUT) 3P C / DESF FG3-1583CI,Units,1.0,1.0,730.95,730.95,217.8,217.8
RM-24519,En progreso,Estimado,2026-08-17,2026-08-17,,026-0011984,F 004-00002258,[51002030] ENFRIADOR DE ACEITE TUBULAR GL140 P/. SIMBA S7D EPIROC 9106161861 BROCAL (copiar),1.0,RESEMIN S.A.,Arnold Hernández,3.356,4730.6,4814.29,1409.59,1434.53,Componente,40200071,HAZ TUBULAR BOWMAN FG120 TUBO COBRE BAFLE / AL,Units,1.0,1.0,1622.81,1622.81,483.55,483.55
RM-24519,En progreso,Estimado,2026-08-17,2026-08-17,,026-0011984,F 004-00002258,[51002030] ENFRIADOR DE ACEITE TUBULAR GL140 P/. SIMBA S7D EPIROC 9106161861 BROCAL (copiar),1.0,RESEMIN S.A.,Arnold Hernández,3.356,4730.6,4814.29,1409.59,1434.53,Componente,10220018,"STRETCH FILM TRANSPARENTE BOBINA 09"" X 20 MICRAS X 0.90 KM",Ro,0.1,0.1,1.3,1.3,0.39,0.39
RM-24519,En progreso,Estimado,2026-08-17,2026-08-17,,026-0011984,F 004-00002258,[51002030] ENFRIADOR DE ACEITE TUBULAR GL140 P/. SIMBA S7D EPIROC 9106161861 BROCAL (copiar),1.0,RESEMIN S.A.,Arnold Hernández,3.356,4730.6,4814.29,1409.59,1434.53,Componente,10100068,"ESCOBILLA CIRCULAR P/ TALADRO 3"" (75MM)",Units,1.0,1.0,7.33,7.33,2.18,2.18
RM-24519,En progreso,Estimado,2026-08-17,2026-08-17,,026-0011984,F 004-00002258,[51002030] ENFRIADOR DE ACEITE TUBULAR GL140 P/. SIMBA S7D EPIROC 9106161861 BROCAL (copiar),1.0,RESEMIN S.A.,Arnold Hernández,3.356,4730.6,4814.29,1409.59,1434.53,Componente,10480003,BASE ANTICORROSIVO AL ACEITE GRIS AUTOMOTRIZ (1 GALON),gal (US),0.125,0.125,5.09,5.09,1.52,1.52
RM-24519,En progreso,Estimado,2026-08-17,2026-08-17,,026-0011984,F 004-00002258,[51002030] ENFRIADOR DE ACEITE TUBULAR GL140 P/. SIMBA S7D EPIROC 9106161861 BROCAL (copiar),1.0,RESEMIN S.A.,Arnold Hernández,3.356,4730.6,4814.29,1409.59,1434.53,Componente,10220105,"LISTON MADERA CATAHUA 1"" x 4"" X 10┤",Units,2.0,2.0,32.94,32.94,9.82,9.82
RM-24519,En progreso,Estimado,2026-08-17,2026-08-17,,026-0011984,F 004-00002258,[51002030] ENFRIADOR DE ACEITE TUBULAR GL140 P/. SIMBA S7D EPIROC 9106161861 BROCAL (copiar),1.0,RESEMIN S.A.,Arnold Hernández,3.356,4730.6,4814.29,1409.59,1434.53,Componente,10220011,"LISTON MADERA COPAHIBA 1 3/4"" * 3 1/2"" * 8┤",Units,0.25,0.25,11.47,11.47,3.42,3.42
RM-24519,En progreso,Estimado,2026-08-17,2026-08-17,,026-0011984,F 004-00002258,[51002030] ENFRIADOR DE ACEITE TUBULAR GL140 P/. SIMBA S7D EPIROC 9106161861 BROCAL (copiar),1.0,RESEMIN S.A.,Arnold Hernández,3.356,4730.6,4814.29,1409.59,1434.53,Componente,10220005,CARTON CORRUGADO ROLLO 1.64 MT X 50 KG=5 (6 METROS),kg,0.5,0.5,2.88,2.88,0.86,0.86
RM-24519,En progreso,Estimado,2026-08-17,2026-08-17,,026-0011984,F 004-00002258,[51002030] ENFRIADOR DE ACEITE TUBULAR GL140 P/. SIMBA S7D EPIROC 9106161861 BROCAL (copiar),1.0,RESEMIN S.A.,Arnold Hernández,3.356,4730.6,4814.29,1409.59,1434.53,Componente,10220001,"CLAVO MADERA PISTOLA 1 1/2"" (CAJA 30 ROLLOS)",Ro,0.5,0.5,1.09,1.09,0.32,0.32
RM-24519,En progreso,Estimado,2026-08-17,2026-08-17,,026-0011984,F 004-00002258,[51002030] ENFRIADOR DE ACEITE TUBULAR GL140 P/. SIMBA S7D EPIROC 9106161861 BROCAL (copiar),1.0,RESEMIN S.A.,Arnold Hernández,3.356,4730.6,4814.29,1409.59,1434.53,Componente,10220002,"CLAVO MADERA PISTOLA 2"" (CAJA 30 ROLLOS / 28 KG)",Ro,0.5,0.5,1.81,1.81,0.54,0.54
RM-24519,En progreso,Estimado,2026-08-17,2026-08-17,,026-0011984,F 004-00002258,[51002030] ENFRIADOR DE ACEITE TUBULAR GL140 P/. SIMBA S7D EPIROC 9106161861 BROCAL (copiar),1.0,RESEMIN S.A.,Arnold Hernández,3.356,4730.6,4814.29,1409.59,1434.53,Componente,40200081,CARCASA BOWMAN FG120 1427-3TC CASCO AL. FG12-1650-3AL,Units,1.0,1.0,1737.18,1737.18,517.63,517.63
RM-24519,En progreso,Estimado,2026-08-17,2026-08-17,,026-0011984,F 004-00002258,[51002030] ENFRIADOR DE ACEITE TUBULAR GL140 P/. SIMBA S7D EPIROC 9106161861 BROCAL (copiar),1.0,RESEMIN S.A.,Arnold Hernández,3.356,4730.6,4814.29,1409.59,1434.53,Operacion,,INSPECCION,Minutos,12.209999999999999,12.209999999999999,3.8525,3.135935,1.15,0.93
RM-24519,En progreso,Estimado,2026-08-17,2026-08-17,,026-0011984,F 004-00002258,[51002030] ENFRIADOR DE ACEITE TUBULAR GL140 P/. SIMBA S7D EPIROC 9106161861 BROCAL (copiar),1.0,RESEMIN S.A.,Arnold Hernández,3.356,4730.6,4814.29,1409.59,1434.53,Operacion,,LAVADO,Minutos,57.290000000000006,57.290000000000006,17.38,16.595003333333334,5.18,4.94
RM-24519,En progreso,Estimado,2026-08-17,2026-08-17,,026-0011984,F 004-00002258,[51002030] ENFRIADOR DE ACEITE TUBULAR GL140 P/. SIMBA S7D EPIROC 9106161861 BROCAL (copiar),1.0,RESEMIN S.A.,Arnold Hernández,3.356,4730.6,4814.29,1409.59,1434.53,Operacion,,DESMONTAJE,Minutos,25.27,25.27,5.136666666666667,6.490178333333333,1.53,1.93
RM-24519,En progreso,Estimado,2026-08-17,2026-08-17,,026-0011984,F 004-00002258,[51002030] ENFRIADOR DE ACEITE TUBULAR GL140 P/. SIMBA S7D EPIROC 9106161861 BROCAL (copiar),1.0,RESEMIN S.A.,Arnold Hernández,3.356,4730.6,4814.29,1409.59,1434.53,Operacion,,PRUEBA,Minutos,42.35,42.35,12.524999999999999,11.787416666666665,3.73,3.51
RM-24519,En progreso,Estimado,2026-08-17,2026-08-17,,026-0011984,F 004-00002258,[51002030] ENFRIADOR DE ACEITE TUBULAR GL140 P/. SIMBA S7D EPIROC 9106161861 BROCAL (copiar),1.0,RESEMIN S.A.,Arnold Hernández,3.356,4730.6,4814.29,1409.59,1434.53,Operacion,,MANTENIMIENTO,Minutos,215.52,215.52,0.0,55.352720000000005,0.0,16.49
RM-24519,En progreso,Estimado,2026-08-17,2026-08-17,,026-0011984,F 004-00002258,[51002030] ENFRIADOR DE ACEITE TUBULAR GL140 P/. SIMBA S7D EPIROC 9106161861 BROCAL (copiar),1.0,RESEMIN S.A.,Arnold Hernández,3.356,4730.6,4814.29,1409.59,1434.53,Operacion,,LIMPIEZA DE CONECTORES,Minutos,62.18,62.18,0.0,15.969896666666667,0.0,4.76
RM-24519,En progreso,Estimado,2026-08-17,2026-08-17,,026-0011984,F 004-00002258,[51002030] ENFRIADOR DE ACEITE TUBULAR GL140 P/. SIMBA S7D EPIROC 9106161861 BROCAL (copiar),1.0,RESEMIN S.A.,Arnold Hernández,3.356,4730.6,4814.29,1409.59,1434.53,Operacion,,EMBALAJE,Minutos,47.08,47.08,0.0,13.25302,0.0,3.95
RM-24626,Terminado,Real,2026-08-17,2026-08-19,OPP-0000000115,026-0012031,F 004-00002212,[51002640] RADIADOR REFRIGERANTE TD P/SCOOP CAT R1300G 459-8769 ,1.0,OPERACIONES MINERAS SAN PEDRO SOCIEDAD ANONIMA CERRADA,Arnold Hernández,3.372,2120.64,2120.64,628.9,628.9,Componente,20100158,"TUBO DESMONT. CU 35.25"" ""M"" (RINTUSAC)",Units,20.0,20.0,781.22,781.22,231.68,231.68
RM-24626,Terminado,Real,2026-08-17,2026-08-19,OPP-0000000115,026-0012031,F 004-00002212,[51002640] RADIADOR REFRIGERANTE TD P/SCOOP CAT R1300G 459-8769 ,1.0,OPERACIONES MINERAS SAN PEDRO SOCIEDAD ANONIMA CERRADA,Arnold Hernández,3.372,2120.64,2120.64,628.9,628.9,Componente,40600476,SELLO DESMONT. C / CANAL HEATEX 721201B V2,Units,147.0,147.0,300.40000000000003,300.40000000000003,89.09,89.09
RM-24626,Terminado,Real,2026-08-17,2026-08-19,OPP-0000000115,026-0012031,F 004-00002212,[51002640] RADIADOR REFRIGERANTE TD P/SCOOP CAT R1300G 459-8769 ,1.0,OPERACIONES MINERAS SAN PEDRO SOCIEDAD ANONIMA CERRADA,Arnold Hernández,3.372,2120.64,2120.64,628.9,628.9,Componente,40600477,SELLO DESMONT. S / CANAL HEATEX 721201T V2,Units,147.0,147.0,298.48,298.48,88.52,88.52
RM-24626,Terminado,Real,2026-08-17,2026-08-19,OPP-0000000115,026-0012031,F 004-00002212,[51002640] RADIADOR REFRIGERANTE TD P/SCOOP CAT R1300G 459-8769 ,1.0,OPERACIONES MINERAS SAN PEDRO SOCIEDAD ANONIMA CERRADA,Arnold Hernández,3.372,2120.64,2120.64,628.9,628.9,Componente,40600321,"FIELTRO INDUSTRIAL 3/4"" * 1"" N/P 33082",in,50.0,50.0,6.57,6.57,1.95,1.95
RM-24626,Terminado,Real,2026-08-17,2026-08-19,OPP-0000000115,026-0012031,F 004-00002212,[51002640] RADIADOR REFRIGERANTE TD P/SCOOP CAT R1300G 459-8769 ,1.0,OPERACIONES MINERAS SAN PEDRO SOCIEDAD ANONIMA CERRADA,Arnold Hernández,3.372,2120.64,2120.64,628.9,628.9,Componente,40600322,"FIELTRO INDUSTRIAL 3/4"" * 1/2"" N/P 33083",in,50.0,50.0,3.35,3.35,0.99,0.99
RM-24626,Terminado,Real,2026-08-17,2026-08-19,OPP-0000000115,026-0012031,F 004-00002212,[51002640] RADIADOR REFRIGERANTE TD P/SCOOP CAT R1300G 459-8769 ,1.0,OPERACIONES MINERAS SAN PEDRO SOCIEDAD ANONIMA CERRADA,Arnold Hernández,3.372,2120.64,2120.64,628.9,628.9,Componente,10100052,LIJA PLIEGO TELA P/METAL G. 60 - 2 (230X280MM),Units,2.0,2.0,4.51,4.51,1.34,1.34
RM-24626,Terminado,Real,2026-08-17,2026-08-19,OPP-0000000115,026-0012031,F 004-00002212,[51002640] RADIADOR REFRIGERANTE TD P/SCOOP CAT R1300G 459-8769 ,1.0,OPERACIONES MINERAS SAN PEDRO SOCIEDAD ANONIMA CERRADA,Arnold Hernández,3.372,2120.64,2120.64,628.9,628.9,Componente,10100053,LIJA PLIEGO TELA P/METAL G. 80 - 1.1/2 (230X280MM),Units,1.0,1.0,1.94,1.94,0.58,0.58
RM-24626,Terminado,Real,2026-08-17,2026-08-19,OPP-0000000115,026-0012031,F 004-00002212,[51002640] RADIADOR REFRIGERANTE TD P/SCOOP CAT R1300G 459-8769 ,1.0,OPERACIONES MINERAS SAN PEDRO SOCIEDAD ANONIMA CERRADA,Arnold Hernández,3.372,2120.64,2120.64,628.9,628.9,Componente,10100091,ESCOBILLA RECTA P/CALDERO 18MM,Units,1.0,1.0,38.61,38.61,11.45,11.45
RM-24626,Terminado,Real,2026-08-17,2026-08-19,OPP-0000000115,026-0012031,F 004-00002212,[51002640] RADIADOR REFRIGERANTE TD P/SCOOP CAT R1300G 459-8769 ,1.0,OPERACIONES MINERAS SAN PEDRO SOCIEDAD ANONIMA CERRADA,Arnold Hernández,3.372,2120.64,2120.64,628.9,628.9,Componente,10100105,ESCOBILLA RECTA P/CALDERO 10 MM,Units,1.0,1.0,29.05,29.05,8.62,8.62
RM-24626,Terminado,Real,2026-08-17,2026-08-19,OPP-0000000115,026-0012031,F 004-00002212,[51002640] RADIADOR REFRIGERANTE TD P/SCOOP CAT R1300G 459-8769 ,1.0,OPERACIONES MINERAS SAN PEDRO SOCIEDAD ANONIMA CERRADA,Arnold Hernández,3.372,2120.64,2120.64,628.9,628.9,Componente,10460134,"PERNO HEXAGONAL FIERRO NEGRO G-8 UNC 3/8"" * 1""",Units,30.0,30.0,8.86,8.86,2.63,2.63
RM-24626,Terminado,Real,2026-08-17,2026-08-19,OPP-0000000115,026-0012031,F 004-00002212,[51002640] RADIADOR REFRIGERANTE TD P/SCOOP CAT R1300G 459-8769 ,1.0,OPERACIONES MINERAS SAN PEDRO SOCIEDAD ANONIMA CERRADA,Arnold Hernández,3.372,2120.64,2120.64,628.9,628.9,Componente,10460011,"ARANDELA PLANA GALVANIZADA G-5 3/8""",Units,30.0,30.0,2.36,2.36,0.7,0.7
RM-24626,Terminado,Real,2026-08-17,2026-08-19,OPP-0000000115,026-0012031,F 004-00002212,[51002640] RADIADOR REFRIGERANTE TD P/SCOOP CAT R1300G 459-8769 ,1.0,OPERACIONES MINERAS SAN PEDRO SOCIEDAD ANONIMA CERRADA,Arnold Hernández,3.372,2120.64,2120.64,628.9,628.9,Componente,10520082,SAL INDUSTRIAL X SACO (copiar),gal (US),5.0,5.0,272.85,272.85,80.92,80.92
RM-24626,Terminado,Real,2026-08-17,2026-08-19,OPP-0000000115,026-0012031,F 004-00002212,[51002640] RADIADOR REFRIGERANTE TD P/SCOOP CAT R1300G 459-8769 ,1.0,OPERACIONES MINERAS SAN PEDRO SOCIEDAD ANONIMA CERRADA,Arnold Hernández,3.372,2120.64,2120.64,628.9,628.9,Componente,10300051,"CINTA TEFLON SHURTAPE 1/2""",Ro,2.0,2.0,0.85,0.85,0.25,0.25
RM-24626,Terminado,Real,2026-08-17,2026-08-19,OPP-0000000115,026-0012031,F 004-00002212,[51002640] RADIADOR REFRIGERANTE TD P/SCOOP CAT R1300G 459-8769 ,1.0,OPERACIONES MINERAS SAN PEDRO SOCIEDAD ANONIMA CERRADA,Arnold Hernández,3.372,2120.64,2120.64,628.9,628.9,Componente,10460134,"PERNO HEXAGONAL FIERRO NEGRO G-8 UNC 3/8"" * 1""",Units,16.0,16.0,4.73,4.73,1.4,1.4
RM-24626,Terminado,Real,2026-08-17,2026-08-19,OPP-0000000115,026-0012031,F 004-00002212,[51002640] RADIADOR REFRIGERANTE TD P/SCOOP CAT R1300G 459-8769 ,1.0,OPERACIONES MINERAS SAN PEDRO SOCIEDAD ANONIMA CERRADA,Arnold Hernández,3.372,2120.64,2120.64,628.9,628.9,Componente,10460011,"ARANDELA PLANA GALVANIZADA G-5 3/8""",Units,16.0,16.0,1.26,1.26,0.37,0.37
RM-24626,Terminado,Real,2026-08-17,2026-08-19,OPP-0000000115,026-0012031,F 004-00002212,[51002640] RADIADOR REFRIGERANTE TD P/SCOOP CAT R1300G 459-8769 ,1.0,OPERACIONES MINERAS SAN PEDRO SOCIEDAD ANONIMA CERRADA,Arnold Hernández,3.372,2120.64,2120.64,628.9,628.9,Componente,10480017,PINTURA ESMALTE INDUSTRIAL NEGRO-MATE 1GL ,gal (US),0.5,0.5,29.47,29.47,8.74,8.74
RM-24626,Terminado,Real,2026-08-17,2026-08-19,OPP-0000000115,026-0012031,F 004-00002212,[51002640] RADIADOR REFRIGERANTE TD P/SCOOP CAT R1300G 459-8769 ,1.0,OPERACIONES MINERAS SAN PEDRO SOCIEDAD ANONIMA CERRADA,Arnold Hernández,3.372,2120.64,2120.64,628.9,628.9,Componente,10240050,"JEBE NATURAL LONADO 1/4"" (6MM) X 1.20 MT (copia)",m²,0.35,0.35,24.3,24.3,7.21,7.21
RM-24626,Terminado,Real,2026-08-17,2026-08-19,OPP-0000000115,026-0012031,F 004-00002212,[51002640] RADIADOR REFRIGERANTE TD P/SCOOP CAT R1300G 459-8769 ,1.0,OPERACIONES MINERAS SAN PEDRO SOCIEDAD ANONIMA CERRADA,Arnold Hernández,3.372,2120.64,2120.64,628.9,628.9,Componente,10220120,"STRETCH FILM TRANSPARENTE BOBINA 18"" X 20 MICRAS X 02 KG",Ro,1.0,1.0,21.38,21.38,6.34,6.34
RM-24626,Terminado,Real,2026-08-17,2026-08-19,OPP-0000000115,026-0012031,F 004-00002212,[51002640] RADIADOR REFRIGERANTE TD P/SCOOP CAT R1300G 459-8769 ,1.0,OPERACIONES MINERAS SAN PEDRO SOCIEDAD ANONIMA CERRADA,Arnold Hernández,3.372,2120.64,2120.64,628.9,628.9,Componente,10220001,"CLAVO MADERA PISTOLA 1 1/2"" (CAJA 30 ROLLOS)",Ro,1.0,1.0,3.29,3.29,0.98,0.98
RM-24626,Terminado,Real,2026-08-17,2026-08-19,OPP-0000000115,026-0012031,F 004-00002212,[51002640] RADIADOR REFRIGERANTE TD P/SCOOP CAT R1300G 459-8769 ,1.0,OPERACIONES MINERAS SAN PEDRO SOCIEDAD ANONIMA CERRADA,Arnold Hernández,3.372,2120.64,2120.64,628.9,628.9,Componente,10220002,"CLAVO MADERA PISTOLA 2"" (CAJA 30 ROLLOS / 28 KG)",Ro,1.0,1.0,4.1,4.1,1.22,1.22
RM-24626,Terminado,Real,2026-08-17,2026-08-19,OPP-0000000115,026-0012031,F 004-00002212,[51002640] RADIADOR REFRIGERANTE TD P/SCOOP CAT R1300G 459-8769 ,1.0,OPERACIONES MINERAS SAN PEDRO SOCIEDAD ANONIMA CERRADA,Arnold Hernández,3.372,2120.64,2120.64,628.9,628.9,Componente,10300463,TRAPO INDUSTRIAL COLORES,kg,1.0,1.0,2.8000000000000003,2.8000000000000003,0.83,0.83
RM-24626,Terminado,Real,2026-08-17,2026-08-19,OPP-0000000115,026-0012031,F 004-00002212,[51002640] RADIADOR REFRIGERANTE TD P/SCOOP CAT R1300G 459-8769 ,1.0,OPERACIONES MINERAS SAN PEDRO SOCIEDAD ANONIMA CERRADA,Arnold Hernández,3.372,2120.64,2120.64,628.9,628.9,Operacion,,MANTENIMIENTO: RM-24626 - INSPECCION,Horas,0.1556666666666667,0.1556666666666667,2.4,2.4,0.71,0.71
RM-24626,Terminado,Real,2026-08-17,2026-08-19,OPP-0000000115,026-0012031,F 004-00002212,[51002640] RADIADOR REFRIGERANTE TD P/SCOOP CAT R1300G 459-8769 ,1.0,OPERACIONES MINERAS SAN PEDRO SOCIEDAD ANONIMA CERRADA,Arnold Hernández,3.372,2120.64,2120.64,628.9,628.9,Operacion,,LAVADO: RM-24626 - LAVADO,Horas,1.2608333333333335,1.2608333333333335,21.91,21.91,6.5,6.5
RM-24626,Terminado,Real,2026-08-17,2026-08-19,OPP-0000000115,026-0012031,F 004-00002212,[51002640] RADIADOR REFRIGERANTE TD P/SCOOP CAT R1300G 459-8769 ,1.0,OPERACIONES MINERAS SAN PEDRO SOCIEDAD ANONIMA CERRADA,Arnold Hernández,3.372,2120.64,2120.64,628.9,628.9,Operacion,,PRUEBAS: RM-24626 - PRUEBA NEUMATICA,Horas,1.4508333333333332,1.4508333333333332,24.23,24.23,7.19,7.19
RM-24626,Terminado,Real,2026-08-17,2026-08-19,OPP-0000000115,026-0012031,F 004-00002212,[51002640] RADIADOR REFRIGERANTE TD P/SCOOP CAT R1300G 459-8769 ,1.0,OPERACIONES MINERAS SAN PEDRO SOCIEDAD ANONIMA CERRADA,Arnold Hernández,3.372,2120.64,2120.64,628.9,628.9,Operacion,,MANTENIMIENTO: RM-24626 - DESMONTAJE DE TUBOS,Horas,1.8005,1.8005,27.75,27.75,8.23,8.23
RM-24626,Terminado,Real,2026-08-17,2026-08-19,OPP-0000000115,026-0012031,F 004-00002212,[51002640] RADIADOR REFRIGERANTE TD P/SCOOP CAT R1300G 459-8769 ,1.0,OPERACIONES MINERAS SAN PEDRO SOCIEDAD ANONIMA CERRADA,Arnold Hernández,3.372,2120.64,2120.64,628.9,628.9,Operacion,,MANTENIMIENTO: RM-24626 - LIJADO DE ESTRUCTURA,Horas,2.6261666666666668,2.6261666666666668,40.47,40.47,12.0,12.0
RM-24626,Terminado,Real,2026-08-17,2026-08-19,OPP-0000000115,026-0012031,F 004-00002212,[51002640] RADIADOR REFRIGERANTE TD P/SCOOP CAT R1300G 459-8769 ,1.0,OPERACIONES MINERAS SAN PEDRO SOCIEDAD ANONIMA CERRADA,Arnold Hernández,3.372,2120.64,2120.64,628.9,628.9,Operacion,,PINTURA: RM-24626 - PINTADO,Horas,0.9516666666666667,0.9516666666666667,17.85,17.85,5.29,5.29
RM-24626,Terminado,Real,2026-08-17,2026-08-19,OPP-0000000115,026-0012031,F 004-00002212,[51002640] RADIADOR REFRIGERANTE TD P/SCOOP CAT R1300G 459-8769 ,1.0,OPERACIONES MINERAS SAN PEDRO SOCIEDAD ANONIMA CERRADA,Arnold Hernández,3.372,2120.64,2120.64,628.9,628.9,Operacion,,MANTENIMIENTO: RM-24626 - PULIDO DE TUBOS,Horas,1.3261666666666665,1.3261666666666665,20.44,20.44,6.06,6.06
RM-24626,Terminado,Real,2026-08-17,2026-08-19,OPP-0000000115,026-0012031,F 004-00002212,[51002640] RADIADOR REFRIGERANTE TD P/SCOOP CAT R1300G 459-8769 ,1.0,OPERACIONES MINERAS SAN PEDRO SOCIEDAD ANONIMA CERRADA,Arnold Hernández,3.372,2120.64,2120.64,628.9,628.9,Operacion,,MANTENIMIENTO: RM-24626 - COLOCADO DE SELLOS,Horas,0.523,0.523,8.06,8.06,2.39,2.39
RM-24626,Terminado,Real,2026-08-17,2026-08-19,OPP-0000000115,026-0012031,F 004-00002212,[51002640] RADIADOR REFRIGERANTE TD P/SCOOP CAT R1300G 459-8769 ,1.0,OPERACIONES MINERAS SAN PEDRO SOCIEDAD ANONIMA CERRADA,Arnold Hernández,3.372,2120.64,2120.64,628.9,628.9,Operacion,,MANTENIMIENTO: RM-24626 - MONTAJE DE TUBOS,Horas,1.8086666666666666,1.8086666666666666,27.87,27.87,8.27,8.27
RM-24626,Terminado,Real,2026-08-17,2026-08-19,OPP-0000000115,026-0012031,F 004-00002212,[51002640] RADIADOR REFRIGERANTE TD P/SCOOP CAT R1300G 459-8769 ,1.0,OPERACIONES MINERAS SAN PEDRO SOCIEDAD ANONIMA CERRADA,Arnold Hernández,3.372,2120.64,2120.64,628.9,628.9,Operacion,,PRUEBAS: RM-24626 - PRUEBA NEUMATICA,Horas,1.1561666666666668,1.1561666666666668,19.31,19.31,5.73,5.73
RM-24626,Terminado,Real,2026-08-17,2026-08-19,OPP-0000000115,026-0012031,F 004-00002212,[51002640] RADIADOR REFRIGERANTE TD P/SCOOP CAT R1300G 459-8769 ,1.0,OPERACIONES MINERAS SAN PEDRO SOCIEDAD ANONIMA CERRADA,Arnold Hernández,3.372,2120.64,2120.64,628.9,628.9,Operacion,,MANTENIMIENTO: RM-24626 - CORTE DE JEBE,Horas,0.9011666666666667,0.9011666666666667,13.89,13.89,4.12,4.12
RM-24626,Terminado,Real,2026-08-17,2026-08-19,OPP-0000000115,026-0012031,F 004-00002212,[51002640] RADIADOR REFRIGERANTE TD P/SCOOP CAT R1300G 459-8769 ,1.0,OPERACIONES MINERAS SAN PEDRO SOCIEDAD ANONIMA CERRADA,Arnold Hernández,3.372,2120.64,2120.64,628.9,628.9,Operacion,,MANTENIMIENTO: RM-24626 - ACABADOS,Horas,1.4503333333333333,1.4503333333333333,22.35,22.35,6.63,6.63
RM-24626,Terminado,Real,2026-08-17,2026-08-19,OPP-0000000115,026-0012031,F 004-00002212,[51002640] RADIADOR REFRIGERANTE TD P/SCOOP CAT R1300G 459-8769 ,1.0,OPERACIONES MINERAS SAN PEDRO SOCIEDAD ANONIMA CERRADA,Arnold Hernández,3.372,2120.64,2120.64,628.9,628.9,Operacion,,EMBALAJE: RM-24626 - EMBALAJE,Horas,0.568,0.568,9.59,9.59,2.84,2.84
RM-24626,Terminado,Real,2026-08-17,2026-08-19,OPP-0000000115,026-0012031,F 004-00002212,[51002640] RADIADOR REFRIGERANTE TD P/SCOOP CAT R1300G 459-8769 ,1.0,OPERACIONES MINERAS SAN PEDRO SOCIEDAD ANONIMA CERRADA,Arnold Hernández,3.372,2120.64,2120.64,628.9,628.9,Operacion,,MANTENIMIENTO: RM-24626 - ARMADO DE CAJA,Horas,1.5666666666666667,1.5666666666666667,24.14,24.14,7.16,7.16
RM-24626,Terminado,Real,2026-08-17,2026-08-19,OPP-0000000115,026-0012031,F 004-00002212,[51002640] RADIADOR REFRIGERANTE TD P/SCOOP CAT R1300G 459-8769 ,1.0,OPERACIONES MINERAS SAN PEDRO SOCIEDAD ANONIMA CERRADA,Arnold Hernández,3.372,2120.64,2120.64,628.9,628.9,Operacion,,SEGUNDO ALEJANDRO SANTILLAN ZUÑIGA: RM-24626 - INSPECCION,Horas,0.0008333333333333334,0.0008333333333333334,0.0,0.0,0.0,0.0
RM-24626,Terminado,Real,2026-08-17,2026-08-19,OPP-0000000115,026-0012031,F 004-00002212,[51002640] RADIADOR REFRIGERANTE TD P/SCOOP CAT R1300G 459-8769 ,1.0,OPERACIONES MINERAS SAN PEDRO SOCIEDAD ANONIMA CERRADA,Arnold Hernández,3.372,2120.64,2120.64,628.9,628.9,Operacion,,QUINTANA TACSA ANGEL VICENTE: RM-24626 - INSPECCION,Horas,0.15483333333333335,0.15483333333333335,0.0,0.0,0.0,0.0
RM-24626,Terminado,Real,2026-08-17,2026-08-19,OPP-0000000115,026-0012031,F 004-00002212,[51002640] RADIADOR REFRIGERANTE TD P/SCOOP CAT R1300G 459-8769 ,1.0,OPERACIONES MINERAS SAN PEDRO SOCIEDAD ANONIMA CERRADA,Arnold Hernández,3.372,2120.64,2120.64,628.9,628.9,Operacion,,SEGUNDO ALEJANDRO SANTILLAN ZUÑIGA: RM-24626 - LAVADO,Horas,1.2608333333333335,1.2608333333333335,0.0,0.0,0.0,0.0
RM-24626,Terminado,Real,2026-08-17,2026-08-19,OPP-0000000115,026-0012031,F 004-00002212,[51002640] RADIADOR REFRIGERANTE TD P/SCOOP CAT R1300G 459-8769 ,1.0,OPERACIONES MINERAS SAN PEDRO SOCIEDAD ANONIMA CERRADA,Arnold Hernández,3.372,2120.64,2120.64,628.9,628.9,Operacion,,SEGUNDO ALEJANDRO SANTILLAN ZUÑIGA: RM-24626 - PRUEBA NEUMATICA,Horas,1.4508333333333332,1.4508333333333332,0.0,0.0,0.0,0.0
RM-24626,Terminado,Real,2026-08-17,2026-08-19,OPP-0000000115,026-0012031,F 004-00002212,[51002640] RADIADOR REFRIGERANTE TD P/SCOOP CAT R1300G 459-8769 ,1.0,OPERACIONES MINERAS SAN PEDRO SOCIEDAD ANONIMA CERRADA,Arnold Hernández,3.372,2120.64,2120.64,628.9,628.9,Operacion,,SEGUNDO ALEJANDRO SANTILLAN ZUÑIGA: RM-24626 - DESMONTAJE DE TUBOS,Horas,1.8005,1.8005,0.0,0.0,0.0,0.0
RM-24626,Terminado,Real,2026-08-17,2026-08-19,OPP-0000000115,026-0012031,F 004-00002212,[51002640] RADIADOR REFRIGERANTE TD P/SCOOP CAT R1300G 459-8769 ,1.0,OPERACIONES MINERAS SAN PEDRO SOCIEDAD ANONIMA CERRADA,Arnold Hernández,3.372,2120.64,2120.64,628.9,628.9,Operacion,,SEGUNDO ALEJANDRO SANTILLAN ZUÑIGA: RM-24626 - LIJADO DE ESTRUCTURA,Horas,2.6261666666666668,2.6261666666666668,0.0,0.0,0.0,0.0
RM-24626,Terminado,Real,2026-08-17,2026-08-19,OPP-0000000115,026-0012031,F 004-00002212,[51002640] RADIADOR REFRIGERANTE TD P/SCOOP CAT R1300G 459-8769 ,1.0,OPERACIONES MINERAS SAN PEDRO SOCIEDAD ANONIMA CERRADA,Arnold Hernández,3.372,2120.64,2120.64,628.9,628.9,Operacion,,SEGUNDO ALEJANDRO SANTILLAN ZUÑIGA: RM-24626 - PINTADO,Horas,0.9516666666666667,0.9516666666666667,0.0,0.0,0.0,0.0
RM-24626,Terminado,Real,2026-08-17,2026-08-19,OPP-0000000115,026-0012031,F 004-00002212,[51002640] RADIADOR REFRIGERANTE TD P/SCOOP CAT R1300G 459-8769 ,1.0,OPERACIONES MINERAS SAN PEDRO SOCIEDAD ANONIMA CERRADA,Arnold Hernández,3.372,2120.64,2120.64,628.9,628.9,Operacion,,SEGUNDO ALEJANDRO SANTILLAN ZUÑIGA: RM-24626 - PULIDO DE TUBOS,Horas,1.3261666666666665,1.3261666666666665,0.0,0.0,0.0,0.0
RM-24626,Terminado,Real,2026-08-17,2026-08-19,OPP-0000000115,026-0012031,F 004-00002212,[51002640] RADIADOR REFRIGERANTE TD P/SCOOP CAT R1300G 459-8769 ,1.0,OPERACIONES MINERAS SAN PEDRO SOCIEDAD ANONIMA CERRADA,Arnold Hernández,3.372,2120.64,2120.64,628.9,628.9,Operacion,,SEGUNDO ALEJANDRO SANTILLAN ZUÑIGA: RM-24626 - COLOCADO DE SELLOS,Horas,0.523,0.523,0.0,0.0,0.0,0.0
RM-24626,Terminado,Real,2026-08-17,2026-08-19,OPP-0000000115,026-0012031,F 004-00002212,[51002640] RADIADOR REFRIGERANTE TD P/SCOOP CAT R1300G 459-8769 ,1.0,OPERACIONES MINERAS SAN PEDRO SOCIEDAD ANONIMA CERRADA,Arnold Hernández,3.372,2120.64,2120.64,628.9,628.9,Operacion,,SEGUNDO ALEJANDRO SANTILLAN ZUÑIGA: RM-24626 - MONTAJE DE TUBOS,Horas,1.8086666666666666,1.8086666666666666,0.0,0.0,0.0,0.0
RM-24626,Terminado,Real,2026-08-17,2026-08-19,OPP-0000000115,026-0012031,F 004-00002212,[51002640] RADIADOR REFRIGERANTE TD P/SCOOP CAT R1300G 459-8769 ,1.0,OPERACIONES MINERAS SAN PEDRO SOCIEDAD ANONIMA CERRADA,Arnold Hernández,3.372,2120.64,2120.64,628.9,628.9,Operacion,,SEGUNDO ALEJANDRO SANTILLAN ZUÑIGA: RM-24626 - PRUEBA NEUMATICA,Horas,1.1561666666666668,1.1561666666666668,0.0,0.0,0.0,0.0
RM-24626,Terminado,Real,2026-08-17,2026-08-19,OPP-0000000115,026-0012031,F 004-00002212,[51002640] RADIADOR REFRIGERANTE TD P/SCOOP CAT R1300G 459-8769 ,1.0,OPERACIONES MINERAS SAN PEDRO SOCIEDAD ANONIMA CERRADA,Arnold Hernández,3.372,2120.64,2120.64,628.9,628.9,Operacion,,SEGUNDO ALEJANDRO SANTILLAN ZUÑIGA: RM-24626 - CORTE DE JEBE,Horas,0.9011666666666667,0.9011666666666667,0.0,0.0,0.0,0.0
RM-24626,Terminado,Real,2026-08-17,2026-08-19,OPP-0000000115,026-0012031,F 004-00002212,[51002640] RADIADOR REFRIGERANTE TD P/SCOOP CAT R1300G 459-8769 ,1.0,OPERACIONES MINERAS SAN PEDRO SOCIEDAD ANONIMA CERRADA,Arnold Hernández,3.372,2120.64,2120.64,628.9,628.9,Operacion,,SEGUNDO ALEJANDRO SANTILLAN ZUÑIGA: RM-24626 - ACABADOS,Horas,1.4503333333333333,1.4503333333333333,0.0,0.0,0.0,0.0
RM-24626,Terminado,Real,2026-08-17,2026-08-19,OPP-0000000115,026-0012031,F 004-00002212,[51002640] RADIADOR REFRIGERANTE TD P/SCOOP CAT R1300G 459-8769 ,1.0,OPERACIONES MINERAS SAN PEDRO SOCIEDAD ANONIMA CERRADA,Arnold Hernández,3.372,2120.64,2120.64,628.9,628.9,Operacion,,SEGUNDO ALEJANDRO SANTILLAN ZUÑIGA: RM-24626 - EMBALAJE,Horas,0.568,0.568,0.0,0.0,0.0,0.0
RM-24626,Terminado,Real,2026-08-17,2026-08-19,OPP-0000000115,026-0012031,F 004-00002212,[51002640] RADIADOR REFRIGERANTE TD P/SCOOP CAT R1300G 459-8769 ,1.0,OPERACIONES MINERAS SAN PEDRO SOCIEDAD ANONIMA CERRADA,Arnold Hernández,3.372,2120.64,2120.64,628.9,628.9,Operacion,,SEGUNDO ALEJANDRO SANTILLAN ZUÑIGA: RM-24626 - ARMADO DE CAJA,Horas,1.5666666666666667,1.5666666666666667,0.0,0.0,0.0,0.0
RM-24564,Por cerrar,Estimado,2026-08-17,2026-08-17,OPP-0000000206,026-0011831,F 004-00002257,[51002030] ENFRIADOR DE ACEITE TUBULAR GL140 P/. SIMBA S7D EPIROC 9106161861 BROCAL (copiar),1.0,RESEMIN S.A.,Arnold Hernández,3.356,4715.0,4810.82,1404.95,1433.5,Componente,10160006,PETROLEO DIESEL D2,gal (US),0.5,0.5,12.05,12.05,3.59,3.59
RM-24564,Por cerrar,Estimado,2026-08-17,2026-08-17,OPP-0000000206,026-0011831,F 004-00002257,[51002030] ENFRIADOR DE ACEITE TUBULAR GL140 P/. SIMBA S7D EPIROC 9106161861 BROCAL (copiar),1.0,RESEMIN S.A.,Arnold Hernández,3.356,4715.0,4810.82,1404.95,1433.5,Componente,10300051,"CINTA TEFLON SHURTAPE 1/2""",Ro,1.0,1.0,0.43,0.43,0.13,0.13
RM-24564,Por cerrar,Estimado,2026-08-17,2026-08-17,OPP-0000000206,026-0011831,F 004-00002257,[51002030] ENFRIADOR DE ACEITE TUBULAR GL140 P/. SIMBA S7D EPIROC 9106161861 BROCAL (copiar),1.0,RESEMIN S.A.,Arnold Hernández,3.356,4715.0,4810.82,1404.95,1433.5,Componente,10480007,ADITIVO ACRILICO - THINNER (CILINDRO 55 GALONES),gal (US),0.25,0.25,6.44,6.44,1.92,1.92
RM-24564,Por cerrar,Estimado,2026-08-17,2026-08-17,OPP-0000000206,026-0011831,F 004-00002257,[51002030] ENFRIADOR DE ACEITE TUBULAR GL140 P/. SIMBA S7D EPIROC 9106161861 BROCAL (copiar),1.0,RESEMIN S.A.,Arnold Hernández,3.356,4715.0,4810.82,1404.95,1433.5,Componente,10100052,LIJA PLIEGO TELA P/METAL G. 60 - 2 (230X280MM),Units,1.0,1.0,2.16,2.16,0.64,0.64
RM-24564,Por cerrar,Estimado,2026-08-17,2026-08-17,OPP-0000000206,026-0011831,F 004-00002257,[51002030] ENFRIADOR DE ACEITE TUBULAR GL140 P/. SIMBA S7D EPIROC 9106161861 BROCAL (copiar),1.0,RESEMIN S.A.,Arnold Hernández,3.356,4715.0,4810.82,1404.95,1433.5,Componente,10300463,TRAPO INDUSTRIAL COLORES,kg,0.25,0.25,0.73,0.73,0.22,0.22
RM-24564,Por cerrar,Estimado,2026-08-17,2026-08-17,OPP-0000000206,026-0011831,F 004-00002257,[51002030] ENFRIADOR DE ACEITE TUBULAR GL140 P/. SIMBA S7D EPIROC 9106161861 BROCAL (copiar),1.0,RESEMIN S.A.,Arnold Hernández,3.356,4715.0,4810.82,1404.95,1433.5,Componente,10240115,ORING NITRILO 2-349 ( Ø5.33 * 113.67) FG120,Units,2.0,2.0,6.17,6.17,1.84,1.84
RM-24564,Por cerrar,Estimado,2026-08-17,2026-08-17,OPP-0000000206,026-0011831,F 004-00002257,[51002030] ENFRIADOR DE ACEITE TUBULAR GL140 P/. SIMBA S7D EPIROC 9106161861 BROCAL (copiar),1.0,RESEMIN S.A.,Arnold Hernández,3.356,4715.0,4810.82,1404.95,1433.5,Componente,10460295,PERNO SOCKET ALLEN FIERRO NEGRO G-8 UNC M8 35mm,Units,8.0,8.0,3.71,3.71,1.11,1.11
RM-24564,Por cerrar,Estimado,2026-08-17,2026-08-17,OPP-0000000206,026-0011831,F 004-00002257,[51002030] ENFRIADOR DE ACEITE TUBULAR GL140 P/. SIMBA S7D EPIROC 9106161861 BROCAL (copiar),1.0,RESEMIN S.A.,Arnold Hernández,3.356,4715.0,4810.82,1404.95,1433.5,Componente,40200046,TAPA FE FUND BOWMAN FG (1 INPUT) 3P S / DESF FG3-1583CI,Units,1.0,1.0,505.17,505.17,150.53,150.53
RM-24564,Por cerrar,Estimado,2026-08-17,2026-08-17,OPP-0000000206,026-0011831,F 004-00002257,[51002030] ENFRIADOR DE ACEITE TUBULAR GL140 P/. SIMBA S7D EPIROC 9106161861 BROCAL (copiar),1.0,RESEMIN S.A.,Arnold Hernández,3.356,4715.0,4810.82,1404.95,1433.5,Componente,40200093,TAPA FE FUND BOWMAN FG (1 INPUT) 3P C / DESF FG3-1583CI,Units,1.0,1.0,730.95,730.95,217.8,217.8
RM-24564,Por cerrar,Estimado,2026-08-17,2026-08-17,OPP-0000000206,026-0011831,F 004-00002257,[51002030] ENFRIADOR DE ACEITE TUBULAR GL140 P/. SIMBA S7D EPIROC 9106161861 BROCAL (copiar),1.0,RESEMIN S.A.,Arnold Hernández,3.356,4715.0,4810.82,1404.95,1433.5,Componente,40200071,HAZ TUBULAR BOWMAN FG120 TUBO COBRE BAFLE / AL,Units,1.0,1.0,1622.81,1622.81,483.55,483.55
RM-24564,Por cerrar,Estimado,2026-08-17,2026-08-17,OPP-0000000206,026-0011831,F 004-00002257,[51002030] ENFRIADOR DE ACEITE TUBULAR GL140 P/. SIMBA S7D EPIROC 9106161861 BROCAL (copiar),1.0,RESEMIN S.A.,Arnold Hernández,3.356,4715.0,4810.82,1404.95,1433.5,Componente,10220018,"STRETCH FILM TRANSPARENTE BOBINA 09"" X 20 MICRAS X 0.90 KM",Ro,1.0,1.0,13.030000000000001,13.030000000000001,3.88,3.88
RM-24564,Por cerrar,Estimado,2026-08-17,2026-08-17,OPP-0000000206,026-0011831,F 004-00002257,[51002030] ENFRIADOR DE ACEITE TUBULAR GL140 P/. SIMBA S7D EPIROC 9106161861 BROCAL (copiar),1.0,RESEMIN S.A.,Arnold Hernández,3.356,4715.0,4810.82,1404.95,1433.5,Componente,10100068,"ESCOBILLA CIRCULAR P/ TALADRO 3"" (75MM)",Units,1.0,1.0,7.33,7.33,2.18,2.18
RM-24564,Por cerrar,Estimado,2026-08-17,2026-08-17,OPP-0000000206,026-0011831,F 004-00002257,[51002030] ENFRIADOR DE ACEITE TUBULAR GL140 P/. SIMBA S7D EPIROC 9106161861 BROCAL (copiar),1.0,RESEMIN S.A.,Arnold Hernández,3.356,4715.0,4810.82,1404.95,1433.5,Componente,10480003,BASE ANTICORROSIVO AL ACEITE GRIS AUTOMOTRIZ (1 GALON),gal (US),0.125,0.125,5.09,5.09,1.52,1.52
RM-24564,Por cerrar,Estimado,2026-08-17,2026-08-17,OPP-0000000206,026-0011831,F 004-00002257,[51002030] ENFRIADOR DE ACEITE TUBULAR GL140 P/. SIMBA S7D EPIROC 9106161861 BROCAL (copiar),1.0,RESEMIN S.A.,Arnold Hernández,3.356,4715.0,4810.82,1404.95,1433.5,Componente,10220105,"LISTON MADERA CATAHUA 1"" x 4"" X 10┤",Units,2.0,2.0,32.94,32.94,9.82,9.82
RM-24564,Por cerrar,Estimado,2026-08-17,2026-08-17,OPP-0000000206,026-0011831,F 004-00002257,[51002030] ENFRIADOR DE ACEITE TUBULAR GL140 P/. SIMBA S7D EPIROC 9106161861 BROCAL (copiar),1.0,RESEMIN S.A.,Arnold Hernández,3.356,4715.0,4810.82,1404.95,1433.5,Componente,10220011,"LISTON MADERA COPAHIBA 1 3/4"" * 3 1/2"" * 8┤",Units,0.25,0.25,11.47,11.47,3.42,3.42
RM-24564,Por cerrar,Estimado,2026-08-17,2026-08-17,OPP-0000000206,026-0011831,F 004-00002257,[51002030] ENFRIADOR DE ACEITE TUBULAR GL140 P/. SIMBA S7D EPIROC 9106161861 BROCAL (copiar),1.0,RESEMIN S.A.,Arnold Hernández,3.356,4715.0,4810.82,1404.95,1433.5,Componente,10220005,CARTON CORRUGADO ROLLO 1.64 MT X 50 KG=5 (6 METROS),kg,0.5,0.5,2.88,2.88,0.86,0.86
RM-24564,Por cerrar,Estimado,2026-08-17,2026-08-17,OPP-0000000206,026-0011831,F 004-00002257,[51002030] ENFRIADOR DE ACEITE TUBULAR GL140 P/. SIMBA S7D EPIROC 9106161861 BROCAL (copiar),1.0,RESEMIN S.A.,Arnold Hernández,3.356,4715.0,4810.82,1404.95,1433.5,Componente,10220001,"CLAVO MADERA PISTOLA 1 1/2"" (CAJA 30 ROLLOS)",Ro,0.5,0.5,1.09,1.09,0.32,0.32
RM-24564,Por cerrar,Estimado,2026-08-17,2026-08-17,OPP-0000000206,026-0011831,F 004-00002257,[51002030] ENFRIADOR DE ACEITE TUBULAR GL140 P/. SIMBA S7D EPIROC 9106161861 BROCAL (copiar),1.0,RESEMIN S.A.,Arnold Hernández,3.356,4715.0,4810.82,1404.95,1433.5,Componente,10220002,"CLAVO MADERA PISTOLA 2"" (CAJA 30 ROLLOS / 28 KG)",Ro,0.5,0.5,1.81,1.81,0.54,0.54
RM-24564,Por cerrar,Estimado,2026-08-17,2026-08-17,OPP-0000000206,026-0011831,F 004-00002257,[51002030] ENFRIADOR DE ACEITE TUBULAR GL140 P/. SIMBA S7D EPIROC 9106161861 BROCAL (copiar),1.0,RESEMIN S.A.,Arnold Hernández,3.356,4715.0,4810.82,1404.95,1433.5,Componente,40200081,CARCASA BOWMAN FG120 1427-3TC CASCO AL. FG12-1650-3AL,Units,1.0,1.0,1737.18,1737.18,517.63,517.63
RM-24564,Por cerrar,Estimado,2026-08-17,2026-08-17,OPP-0000000206,026-0011831,F 004-00002257,[51002030] ENFRIADOR DE ACEITE TUBULAR GL140 P/. SIMBA S7D EPIROC 9106161861 BROCAL (copiar),1.0,RESEMIN S.A.,Arnold Hernández,3.356,4715.0,4810.82,1404.95,1433.5,Operacion,,INSPECCION,Minutos,18.9,18.9,5.136666666666667,4.85415,1.53,1.45
RM-24564,Por cerrar,Estimado,2026-08-17,2026-08-17,OPP-0000000206,026-0011831,F 004-00002257,[51002030] ENFRIADOR DE ACEITE TUBULAR GL140 P/. SIMBA S7D EPIROC 9106161861 BROCAL (copiar),1.0,RESEMIN S.A.,Arnold Hernández,3.356,4715.0,4810.82,1404.95,1433.5,Operacion,,DESMONTGE,Minutos,33.55,33.55,6.420833333333333,8.616758333333332,1.91,2.57
RM-24564,Por cerrar,Estimado,2026-08-17,2026-08-17,OPP-0000000206,026-0011831,F 004-00002257,[51002030] ENFRIADOR DE ACEITE TUBULAR GL140 P/. SIMBA S7D EPIROC 9106161861 BROCAL (copiar),1.0,RESEMIN S.A.,Arnold Hernández,3.356,4715.0,4810.82,1404.95,1433.5,Operacion,,PRUEBA,Minutos,45.05,45.05,0.0,12.538916666666665,0.0,3.74
RM-24564,Por cerrar,Estimado,2026-08-17,2026-08-17,OPP-0000000206,026-0011831,F 004-00002257,[51002030] ENFRIADOR DE ACEITE TUBULAR GL140 P/. SIMBA S7D EPIROC 9106161861 BROCAL (copiar),1.0,RESEMIN S.A.,Arnold Hernández,3.356,4715.0,4810.82,1404.95,1433.5,Operacion,,LAAVDO,Minutos,60.1,60.1,0.0,17.408966666666668,0.0,5.19
RM-24564,Por cerrar,Estimado,2026-08-17,2026-08-17,OPP-0000000206,026-0011831,F 004-00002257,[51002030] ENFRIADOR DE ACEITE TUBULAR GL140 P/. SIMBA S7D EPIROC 9106161861 BROCAL (copiar),1.0,RESEMIN S.A.,Arnold Hernández,3.356,4715.0,4810.82,1404.95,1433.5,Operacion,,MANTENIMIENTO,Minutos,249.02,249.02,0.0,63.95663666666667,0.0,19.06
RM-24654,Por cerrar,Estimado,2026-08-18,2026-08-18,OPP-0000000116,026-0012078,F 004-00002247,[51003013] ENFRIADOR PANAL BAP BOL30 ,1.0,OPERACIONES MINERAS SAN PEDRO SOCIEDAD ANONIMA CERRADA,Arnold Hernández,3.361,107.84,188.92000000000002,32.09,56.21,Componente,10220105,"LISTON MADERA CATAHUA 1"" x 4"" X 10┤",Units,5.0,5.0,82.34,82.34,24.5,24.5
RM-24654,Por cerrar,Estimado,2026-08-18,2026-08-18,OPP-0000000116,026-0012078,F 004-00002247,[51003013] ENFRIADOR PANAL BAP BOL30 ,1.0,OPERACIONES MINERAS SAN PEDRO SOCIEDAD ANONIMA CERRADA,Arnold Hernández,3.361,107.84,188.92000000000002,32.09,56.21,Componente,10220105,"LISTON MADERA CATAHUA 1"" x 4"" X 10┤",Units,1.0,1.0,16.47,16.47,4.9,4.9
RM-24654,Por cerrar,Estimado,2026-08-18,2026-08-18,OPP-0000000116,026-0012078,F 004-00002247,[51003013] ENFRIADOR PANAL BAP BOL30 ,1.0,OPERACIONES MINERAS SAN PEDRO SOCIEDAD ANONIMA CERRADA,Arnold Hernández,3.361,107.84,188.92000000000002,32.09,56.21,Componente,10220005,CARTON CORRUGADO ROLLO 1.64 MT X 50 KG=5 (6 METROS),kg,0.675,0.675,3.89,3.89,1.16,1.16
RM-24654,Por cerrar,Estimado,2026-08-18,2026-08-18,OPP-0000000116,026-0012078,F 004-00002247,[51003013] ENFRIADOR PANAL BAP BOL30 ,1.0,OPERACIONES MINERAS SAN PEDRO SOCIEDAD ANONIMA CERRADA,Arnold Hernández,3.361,107.84,188.92000000000002,32.09,56.21,Operacion,,INSPECCION,Minutos,8.12,8.12,5.136666666666667,2.0854866666666667,1.53,0.62
RM-24654,Por cerrar,Estimado,2026-08-18,2026-08-18,OPP-0000000116,026-0012078,F 004-00002247,[51003013] ENFRIADOR PANAL BAP BOL30 ,1.0,OPERACIONES MINERAS SAN PEDRO SOCIEDAD ANONIMA CERRADA,Arnold Hernández,3.361,107.84,188.92000000000002,32.09,56.21,Operacion,,LAVADO,Minutos,79.38,79.38,0.0,22.99374,0.0,6.84
RM-24654,Por cerrar,Estimado,2026-08-18,2026-08-18,OPP-0000000116,026-0012078,F 004-00002247,[51003013] ENFRIADOR PANAL BAP BOL30 ,1.0,OPERACIONES MINERAS SAN PEDRO SOCIEDAD ANONIMA CERRADA,Arnold Hernández,3.361,107.84,188.92000000000002,32.09,56.21,Operacion,,PRUEBA NEUMATICA,Minutos,69.92,69.92,0.0,19.461066666666667,0.0,5.79
RM-24654,Por cerrar,Estimado,2026-08-18,2026-08-18,OPP-0000000116,026-0012078,F 004-00002247,[51003013] ENFRIADOR PANAL BAP BOL30 ,1.0,OPERACIONES MINERAS SAN PEDRO SOCIEDAD ANONIMA CERRADA,Arnold Hernández,3.361,107.84,188.92000000000002,32.09,56.21,Operacion,,FABRICACION DE EMBALAJE MADERA,Minutos,62.3,62.3,0.0,17.53745,0.0,5.22
RM-24654,Por cerrar,Estimado,2026-08-18,2026-08-18,OPP-0000000116,026-0012078,F 004-00002247,[51003013] ENFRIADOR PANAL BAP BOL30 ,1.0,OPERACIONES MINERAS SAN PEDRO SOCIEDAD ANONIMA CERRADA,Arnold Hernández,3.361,107.84,188.92000000000002,32.09,56.21,Operacion,,PRUEBA NEUMATICA,Minutos,86.75,86.75,0.0,24.145416666666666,0.0,7.18
RM-24664,Por cerrar,Estimado,2026-08-19,2026-08-19,OPP-0000000248,026-0012122,F 004-00002241,[51002030] ENFRIADOR DE ACEITE TUBULAR GL140 P/. SIMBA S7D EPIROC 9106161861 BROCAL (copiar),1.0,MINERA GIGANTE SRL.,Arnold Hernández,3.361,17.62,61.54,5.24,18.31,Componente,10160006,PETROLEO DIESEL D2,gal (US),0.5,0.5,12.05,12.05,3.59,3.59
RM-24664,Por cerrar,Estimado,2026-08-19,2026-08-19,OPP-0000000248,026-0012122,F 004-00002241,[51002030] ENFRIADOR DE ACEITE TUBULAR GL140 P/. SIMBA S7D EPIROC 9106161861 BROCAL (copiar),1.0,MINERA GIGANTE SRL.,Arnold Hernández,3.361,17.62,61.54,5.24,18.31,Componente,10300051,"CINTA TEFLON SHURTAPE 1/2""",Ro,1.0,1.0,0.43,0.43,0.13,0.13
RM-24664,Por cerrar,Estimado,2026-08-19,2026-08-19,OPP-0000000248,026-0012122,F 004-00002241,[51002030] ENFRIADOR DE ACEITE TUBULAR GL140 P/. SIMBA S7D EPIROC 9106161861 BROCAL (copiar),1.0,MINERA GIGANTE SRL.,Arnold Hernández,3.361,17.62,61.54,5.24,18.31,Componente,10480007,ADITIVO ACRILICO - THINNER (CILINDRO 55 GALONES),gal (US),0.0,0.0,0.0,0.0,0.0,0.0
RM-24664,Por cerrar,Estimado,2026-08-19,2026-08-19,OPP-0000000248,026-0012122,F 004-00002241,[51002030] ENFRIADOR DE ACEITE TUBULAR GL140 P/. SIMBA S7D EPIROC 9106161861 BROCAL (copiar),1.0,MINERA GIGANTE SRL.,Arnold Hernández,3.361,17.62,61.54,5.24,18.31,Componente,10100052,LIJA PLIEGO TELA P/METAL G. 60 - 2 (230X280MM),Units,0.0,0.0,0.0,0.0,0.0,0.0
RM-24664,Por cerrar,Estimado,2026-08-19,2026-08-19,OPP-0000000248,026-0012122,F 004-00002241,[51002030] ENFRIADOR DE ACEITE TUBULAR GL140 P/. SIMBA S7D EPIROC 9106161861 BROCAL (copiar),1.0,MINERA GIGANTE SRL.,Arnold Hernández,3.361,17.62,61.54,5.24,18.31,Componente,10300463,TRAPO INDUSTRIAL COLORES,kg,0.0,0.0,0.0,0.0,0.0,0.0
RM-24664,Por cerrar,Estimado,2026-08-19,2026-08-19,OPP-0000000248,026-0012122,F 004-00002241,[51002030] ENFRIADOR DE ACEITE TUBULAR GL140 P/. SIMBA S7D EPIROC 9106161861 BROCAL (copiar),1.0,MINERA GIGANTE SRL.,Arnold Hernández,3.361,17.62,61.54,5.24,18.31,Componente,10240115,ORING NITRILO 2-349 ( Ø5.33 * 113.67) FG120,Units,0.0,0.0,0.0,0.0,0.0,0.0
RM-24664,Por cerrar,Estimado,2026-08-19,2026-08-19,OPP-0000000248,026-0012122,F 004-00002241,[51002030] ENFRIADOR DE ACEITE TUBULAR GL140 P/. SIMBA S7D EPIROC 9106161861 BROCAL (copiar),1.0,MINERA GIGANTE SRL.,Arnold Hernández,3.361,17.62,61.54,5.24,18.31,Componente,10460295,PERNO SOCKET ALLEN FIERRO NEGRO G-8 UNC M8 35mm,Units,0.0,0.0,0.0,0.0,0.0,0.0
RM-24664,Por cerrar,Estimado,2026-08-19,2026-08-19,OPP-0000000248,026-0012122,F 004-00002241,[51002030] ENFRIADOR DE ACEITE TUBULAR GL140 P/. SIMBA S7D EPIROC 9106161861 BROCAL (copiar),1.0,MINERA GIGANTE SRL.,Arnold Hernández,3.361,17.62,61.54,5.24,18.31,Componente,40200046,TAPA FE FUND BOWMAN FG (1 INPUT) 3P S / DESF FG3-1583CI,Units,0.0,0.0,0.0,0.0,0.0,0.0
RM-24664,Por cerrar,Estimado,2026-08-19,2026-08-19,OPP-0000000248,026-0012122,F 004-00002241,[51002030] ENFRIADOR DE ACEITE TUBULAR GL140 P/. SIMBA S7D EPIROC 9106161861 BROCAL (copiar),1.0,MINERA GIGANTE SRL.,Arnold Hernández,3.361,17.62,61.54,5.24,18.31,Componente,40200093,TAPA FE FUND BOWMAN FG (1 INPUT) 3P C / DESF FG3-1583CI,Units,0.0,0.0,0.0,0.0,0.0,0.0
RM-24664,Por cerrar,Estimado,2026-08-19,2026-08-19,OPP-0000000248,026-0012122,F 004-00002241,[51002030] ENFRIADOR DE ACEITE TUBULAR GL140 P/. SIMBA S7D EPIROC 9106161861 BROCAL (copiar),1.0,MINERA GIGANTE SRL.,Arnold Hernández,3.361,17.62,61.54,5.24,18.31,Componente,40200071,HAZ TUBULAR BOWMAN FG120 TUBO COBRE BAFLE / AL,Units,0.0,0.0,0.0,0.0,0.0,0.0
RM-24664,Por cerrar,Estimado,2026-08-19,2026-08-19,OPP-0000000248,026-0012122,F 004-00002241,[51002030] ENFRIADOR DE ACEITE TUBULAR GL140 P/. SIMBA S7D EPIROC 9106161861 BROCAL (copiar),1.0,MINERA GIGANTE SRL.,Arnold Hernández,3.361,17.62,61.54,5.24,18.31,Componente,10220018,"STRETCH FILM TRANSPARENTE BOBINA 09"" X 20 MICRAS X 0.90 KM",Ro,0.0,0.0,0.0,0.0,0.0,0.0
RM-24664,Por cerrar,Estimado,2026-08-19,2026-08-19,OPP-0000000248,026-0012122,F 004-00002241,[51002030] ENFRIADOR DE ACEITE TUBULAR GL140 P/. SIMBA S7D EPIROC 9106161861 BROCAL (copiar),1.0,MINERA GIGANTE SRL.,Arnold Hernández,3.361,17.62,61.54,5.24,18.31,Componente,10100068,"ESCOBILLA CIRCULAR P/ TALADRO 3"" (75MM)",Units,0.0,0.0,0.0,0.0,0.0,0.0
RM-24664,Por cerrar,Estimado,2026-08-19,2026-08-19,OPP-0000000248,026-0012122,F 004-00002241,[51002030] ENFRIADOR DE ACEITE TUBULAR GL140 P/. SIMBA S7D EPIROC 9106161861 BROCAL (copiar),1.0,MINERA GIGANTE SRL.,Arnold Hernández,3.361,17.62,61.54,5.24,18.31,Componente,10480003,BASE ANTICORROSIVO AL ACEITE GRIS AUTOMOTRIZ (1 GALON),gal (US),0.0,0.0,0.0,0.0,0.0,0.0
RM-24664,Por cerrar,Estimado,2026-08-19,2026-08-19,OPP-0000000248,026-0012122,F 004-00002241,[51002030] ENFRIADOR DE ACEITE TUBULAR GL140 P/. SIMBA S7D EPIROC 9106161861 BROCAL (copiar),1.0,MINERA GIGANTE SRL.,Arnold Hernández,3.361,17.62,61.54,5.24,18.31,Componente,10220105,"LISTON MADERA CATAHUA 1"" x 4"" X 10┤",Units,0.0,0.0,0.0,0.0,0.0,0.0
RM-24664,Por cerrar,Estimado,2026-08-19,2026-08-19,OPP-0000000248,026-0012122,F 004-00002241,[51002030] ENFRIADOR DE ACEITE TUBULAR GL140 P/. SIMBA S7D EPIROC 9106161861 BROCAL (copiar),1.0,MINERA GIGANTE SRL.,Arnold Hernández,3.361,17.62,61.54,5.24,18.31,Componente,10220011,"LISTON MADERA COPAHIBA 1 3/4"" * 3 1/2"" * 8┤",Units,0.0,0.0,0.0,0.0,0.0,0.0
RM-24664,Por cerrar,Estimado,2026-08-19,2026-08-19,OPP-0000000248,026-0012122,F 004-00002241,[51002030] ENFRIADOR DE ACEITE TUBULAR GL140 P/. SIMBA S7D EPIROC 9106161861 BROCAL (copiar),1.0,MINERA GIGANTE SRL.,Arnold Hernández,3.361,17.62,61.54,5.24,18.31,Componente,10220005,CARTON CORRUGADO ROLLO 1.64 MT X 50 KG=5 (6 METROS),kg,0.0,0.0,0.0,0.0,0.0,0.0
RM-24664,Por cerrar,Estimado,2026-08-19,2026-08-19,OPP-0000000248,026-0012122,F 004-00002241,[51002030] ENFRIADOR DE ACEITE TUBULAR GL140 P/. SIMBA S7D EPIROC 9106161861 BROCAL (copiar),1.0,MINERA GIGANTE SRL.,Arnold Hernández,3.361,17.62,61.54,5.24,18.31,Componente,10220001,"CLAVO MADERA PISTOLA 1 1/2"" (CAJA 30 ROLLOS)",Ro,0.0,0.0,0.0,0.0,0.0,0.0
RM-24664,Por cerrar,Estimado,2026-08-19,2026-08-19,OPP-0000000248,026-0012122,F 004-00002241,[51002030] ENFRIADOR DE ACEITE TUBULAR GL140 P/. SIMBA S7D EPIROC 9106161861 BROCAL (copiar),1.0,MINERA GIGANTE SRL.,Arnold Hernández,3.361,17.62,61.54,5.24,18.31,Componente,10220002,"CLAVO MADERA PISTOLA 2"" (CAJA 30 ROLLOS / 28 KG)",Ro,0.0,0.0,0.0,0.0,0.0,0.0
RM-24664,Por cerrar,Estimado,2026-08-19,2026-08-19,OPP-0000000248,026-0012122,F 004-00002241,[51002030] ENFRIADOR DE ACEITE TUBULAR GL140 P/. SIMBA S7D EPIROC 9106161861 BROCAL (copiar),1.0,MINERA GIGANTE SRL.,Arnold Hernández,3.361,17.62,61.54,5.24,18.31,Componente,40200081,CARCASA BOWMAN FG120 1427-3TC CASCO AL. FG12-1650-3AL,Units,0.0,0.0,0.0,0.0,0.0,0.0
RM-24664,Por cerrar,Estimado,2026-08-19,2026-08-19,OPP-0000000248,026-0012122,F 004-00002241,[51002030] ENFRIADOR DE ACEITE TUBULAR GL140 P/. SIMBA S7D EPIROC 9106161861 BROCAL (copiar),1.0,MINERA GIGANTE SRL.,Arnold Hernández,3.361,17.62,61.54,5.24,18.31,Operacion,,INSPECCION,Minutos,24.95,24.95,5.136666666666667,6.407991666666667,1.53,1.91
RM-24664,Por cerrar,Estimado,2026-08-19,2026-08-19,OPP-0000000248,026-0012122,F 004-00002241,[51002030] ENFRIADOR DE ACEITE TUBULAR GL140 P/. SIMBA S7D EPIROC 9106161861 BROCAL (copiar),1.0,MINERA GIGANTE SRL.,Arnold Hernández,3.361,17.62,61.54,5.24,18.31,Operacion,,DESMONTAJE,Minutos,99.21000000000001,99.21000000000001,0.0,25.480435000000003,0.0,7.58
RM-24664,Por cerrar,Estimado,2026-08-19,2026-08-19,OPP-0000000248,026-0012122,F 004-00002241,[51002030] ENFRIADOR DE ACEITE TUBULAR GL140 P/. SIMBA S7D EPIROC 9106161861 BROCAL (copiar),1.0,MINERA GIGANTE SRL.,Arnold Hernández,3.361,17.62,61.54,5.24,18.31,Operacion,,LAVADO,Minutos,59.27,59.27,0.0,17.168543333333332,0.0,5.11
RM-24672,En progreso,Estimado,2026-08-19,2026-08-20,OPP-0000000122,026-0012089,F 004-00002256,"[51003018] MAQUINA DE FABRICACIÓN DE CUBOS DE HIELO 11"" DIÁMETRO / 80"" LARGO ",2.0,CONSORCIO FRAP S.A.C.,Manuel Alvarez,3.356,2310.02,2310.02,688.33,688.33,Componente,10520082,SAL INDUSTRIAL X SACO (copiar),gal (US),40.0,40.0,2194.44,2194.44,653.89,653.89
RM-24672,En progreso,Estimado,2026-08-19,2026-08-20,OPP-0000000122,026-0012089,F 004-00002256,"[51003018] MAQUINA DE FABRICACIÓN DE CUBOS DE HIELO 11"" DIÁMETRO / 80"" LARGO ",2.0,CONSORCIO FRAP S.A.C.,Manuel Alvarez,3.356,2310.02,2310.02,688.33,688.33,Operacion,,MANTENIMIENTO,Minutos,450.0,450.0,115.575,115.575,34.44,34.44
RM-24673,En progreso,Estimado,2026-08-19,2026-08-19,OPP-0000000122,026-0012089,F 004-00002256,"[51003019] MAQUINA DE FABRICACIÓN DE CUBOS DE HIELO 11"" DIÁMETRO / 50"" LARGO",4.0,CONSORCIO FRAP S.A.C.,Manuel Alvarez,3.356,2756.04,2756.04,821.23,821.23,Componente,10520082,SAL INDUSTRIAL X SACO (copiar),gal (US),50.0,50.0,2743.05,2743.05,817.36,817.36
RM-24673,En progreso,Estimado,2026-08-19,2026-08-19,OPP-0000000122,026-0012089,F 004-00002256,"[51003019] MAQUINA DE FABRICACIÓN DE CUBOS DE HIELO 11"" DIÁMETRO / 50"" LARGO",4.0,CONSORCIO FRAP S.A.C.,Manuel Alvarez,3.356,2756.04,2756.04,821.23,821.23,Componente,10300463,TRAPO INDUSTRIAL COLORES,kg,3.0,3.0,8.74,8.74,2.6,2.6
RM-24673,En progreso,Estimado,2026-08-19,2026-08-19,OPP-0000000122,026-0012089,F 004-00002256,"[51003019] MAQUINA DE FABRICACIÓN DE CUBOS DE HIELO 11"" DIÁMETRO / 50"" LARGO",4.0,CONSORCIO FRAP S.A.C.,Manuel Alvarez,3.356,2756.04,2756.04,821.23,821.23,Componente,10300051,"CINTA TEFLON SHURTAPE 1/2""",Ro,10.0,10.0,4.25,4.25,1.27,1.27
RM-24674,Terminado,Real,2026-08-20,2026-09-09,,026-0012118,F 004-00002238,[40200017] ENFRIADOR OIL HIDR. BOWMAN FG120 3427-3 (3P),1.0,HYDEXCORP S.A.C.,Jeancarlos Castillo,3.362,3959.82,3959.82,1177.82,1177.82,Componente,40200070,HAZ TUBULAR BOWMAN FG120 TUBO 90 / 10 BAFLE / AL 1959-3TN1A,Units,1.0,1.0,1923.5,1923.5,572.13,572.13
RM-24674,Terminado,Real,2026-08-20,2026-09-09,,026-0012118,F 004-00002238,[40200017] ENFRIADOR OIL HIDR. BOWMAN FG120 3427-3 (3P),1.0,HYDEXCORP S.A.C.,Jeancarlos Castillo,3.362,3959.82,3959.82,1177.82,1177.82,Componente,40200094,TAPA FE FUND REF. BOWMAN FG (1 INPUT) 3P C / DESF FG23-4035CI,Units,1.0,1.0,490.1,490.1,145.78,145.78
RM-24674,Terminado,Real,2026-08-20,2026-09-09,,026-0012118,F 004-00002238,[40200017] ENFRIADOR OIL HIDR. BOWMAN FG120 3427-3 (3P),1.0,HYDEXCORP S.A.C.,Jeancarlos Castillo,3.362,3959.82,3959.82,1177.82,1177.82,Componente,40200047,TAPA FE FUND REF. BOWMAN FG (1 INPUT) 3P S / DESF FG23-4035CI,Units,1.0,1.0,497.63,497.63,148.02,148.02
RM-24674,Terminado,Real,2026-08-20,2026-09-09,,026-0012118,F 004-00002238,[40200017] ENFRIADOR OIL HIDR. BOWMAN FG120 3427-3 (3P),1.0,HYDEXCORP S.A.C.,Jeancarlos Castillo,3.362,3959.82,3959.82,1177.82,1177.82,Componente,10240008,ORING VITON 2-349 (Ø 533MM * 11367MM) FG-120,Units,2.0,2.0,76.27,76.27,22.69,22.69
RM-24674,Terminado,Real,2026-08-20,2026-09-09,,026-0012118,F 004-00002238,[40200017] ENFRIADOR OIL HIDR. BOWMAN FG120 3427-3 (3P),1.0,HYDEXCORP S.A.C.,Jeancarlos Castillo,3.362,3959.82,3959.82,1177.82,1177.82,Componente,40200209,CARCASA BOWMAN FG120 3427-3 CASCO FE FUND REF. FG12-1650-3CI,Units,1.0,1.0,927.24,927.24,275.8,275.8
RM-24674,Terminado,Real,2026-08-20,2026-09-09,,026-0012118,F 004-00002238,[40200017] ENFRIADOR OIL HIDR. BOWMAN FG120 3427-3 (3P),1.0,HYDEXCORP S.A.C.,Jeancarlos Castillo,3.362,3959.82,3959.82,1177.82,1177.82,Componente,10460295,PERNO SOCKET ALLEN FIERRO NEGRO G-8 UNC M8 35mm,Units,8.0,8.0,3.71,3.71,1.1,1.1
RM-24674,Terminado,Real,2026-08-20,2026-09-09,,026-0012118,F 004-00002238,[40200017] ENFRIADOR OIL HIDR. BOWMAN FG120 3427-3 (3P),1.0,HYDEXCORP S.A.C.,Jeancarlos Castillo,3.362,3959.82,3959.82,1177.82,1177.82,Componente,10100067,"ESCOBILLA CIRCULAR P/ TALADRO 1.1/2""(38MM)",Units,1.0,1.0,5.1000000000000005,5.1000000000000005,1.52,1.52
RM-24674,Terminado,Real,2026-08-20,2026-09-09,,026-0012118,F 004-00002238,[40200017] ENFRIADOR OIL HIDR. BOWMAN FG120 3427-3 (3P),1.0,HYDEXCORP S.A.C.,Jeancarlos Castillo,3.362,3959.82,3959.82,1177.82,1177.82,Componente,10100068,"ESCOBILLA CIRCULAR P/ TALADRO 3"" (75MM)",Units,1.0,1.0,7.33,7.33,2.18,2.18
RM-24674,Terminado,Real,2026-08-20,2026-09-09,,026-0012118,F 004-00002238,[40200017] ENFRIADOR OIL HIDR. BOWMAN FG120 3427-3 (3P),1.0,HYDEXCORP S.A.C.,Jeancarlos Castillo,3.362,3959.82,3959.82,1177.82,1177.82,Componente,10100104,ESCOBILLA RECTA P/CALDERO 08 MM,Units,1.0,1.0,28.94,28.94,8.61,8.61
RM-24675,Terminado,Real,2026-08-20,2026-08-20,OPP-0000000355,026-0011591,F 004-00002232,[40200016] ENFRIADOR OIL HIDR. BOWMAN FG120 1427-3 (3P),1.0,RESEMIN S.A.,Asistente Comercial,3.368,4875.05,4875.05,1447.46,1447.46,Componente,40200081,CARCASA BOWMAN FG120 1427-3TC CASCO AL. FG12-1650-3AL,Units,1.0,1.0,1737.18,1737.18,515.79,515.79
RM-24675,Terminado,Real,2026-08-20,2026-08-20,OPP-0000000355,026-0011591,F 004-00002232,[40200016] ENFRIADOR OIL HIDR. BOWMAN FG120 1427-3 (3P),1.0,RESEMIN S.A.,Asistente Comercial,3.368,4875.05,4875.05,1447.46,1447.46,Componente,40200070,HAZ TUBULAR BOWMAN FG120 TUBO 90 / 10 BAFLE / AL 1959-3TN1A,Units,1.0,1.0,1891.81,1891.81,561.7,561.7
RM-24675,Terminado,Real,2026-08-20,2026-08-20,OPP-0000000355,026-0011591,F 004-00002232,[40200016] ENFRIADOR OIL HIDR. BOWMAN FG120 1427-3 (3P),1.0,RESEMIN S.A.,Asistente Comercial,3.368,4875.05,4875.05,1447.46,1447.46,Componente,10240115,ORING NITRILO 2-349 ( Ø5.33 * 113.67) FG120,Units,2.0,2.0,6.23,6.23,1.85,1.85
RM-24675,Terminado,Real,2026-08-20,2026-08-20,OPP-0000000355,026-0011591,F 004-00002232,[40200016] ENFRIADOR OIL HIDR. BOWMAN FG120 1427-3 (3P),1.0,RESEMIN S.A.,Asistente Comercial,3.368,4875.05,4875.05,1447.46,1447.46,Componente,10460295,PERNO SOCKET ALLEN FIERRO NEGRO G-8 UNC M8 35mm,Units,8.0,8.0,3.71,3.71,1.1,1.1
RM-24675,Terminado,Real,2026-08-20,2026-08-20,OPP-0000000355,026-0011591,F 004-00002232,[40200016] ENFRIADOR OIL HIDR. BOWMAN FG120 1427-3 (3P),1.0,RESEMIN S.A.,Asistente Comercial,3.368,4875.05,4875.05,1447.46,1447.46,Componente,40200046,TAPA FE FUND BOWMAN FG (1 INPUT) 3P S / DESF FG3-1583CI,Units,1.0,1.0,505.17,505.17,149.99,149.99
RM-24675,Terminado,Real,2026-08-20,2026-08-20,OPP-0000000355,026-0011591,F 004-00002232,[40200016] ENFRIADOR OIL HIDR. BOWMAN FG120 1427-3 (3P),1.0,RESEMIN S.A.,Asistente Comercial,3.368,4875.05,4875.05,1447.46,1447.46,Componente,40200093,TAPA FE FUND BOWMAN FG (1 INPUT) 3P C / DESF FG3-1583CI,Units,1.0,1.0,730.95,730.95,217.03,217.03
RM-24658,Por cerrar,Estimado,2026-08-20,2026-08-20,OPP-0000000148,026-0012094,F 004-00002280,[51003014] RADIADOR REFRIGERANTE 966L,1.0,GESTION MINERA INTEGRAL S.A.C.,Mercedes Quispe,3.368,70.91,104.84,21.05,31.13,Operacion,,INSPECCION,Minutos,21.82,21.82,5.136666666666667,5.604103333333334,1.53,1.66
RM-24658,Por cerrar,Estimado,2026-08-20,2026-08-20,OPP-0000000148,026-0012094,F 004-00002280,[51003014] RADIADOR REFRIGERANTE 966L,1.0,GESTION MINERA INTEGRAL S.A.C.,Mercedes Quispe,3.368,70.91,104.84,21.05,31.13,Operacion,,LAVADO,Minutos,53.62,53.62,0.0,15.531926666666665,0.0,4.61
RM-24658,Por cerrar,Estimado,2026-08-20,2026-08-20,OPP-0000000148,026-0012094,F 004-00002280,[51003014] RADIADOR REFRIGERANTE 966L,1.0,GESTION MINERA INTEGRAL S.A.C.,Mercedes Quispe,3.368,70.91,104.84,21.05,31.13,Operacion,,PRUEBA NEUMATICA,Minutos,68.03,68.03,0.0,18.935016666666666,0.0,5.62
RM-24658,Por cerrar,Estimado,2026-08-20,2026-08-20,OPP-0000000148,026-0012094,F 004-00002280,[51003014] RADIADOR REFRIGERANTE 966L,1.0,GESTION MINERA INTEGRAL S.A.C.,Mercedes Quispe,3.368,70.91,104.84,21.05,31.13,Operacion,,MANTENIMIENTO,Minutos,176.08,176.08,46.230000000000004,45.223213333333334,13.73,13.43
RM-24658,Por cerrar,Estimado,2026-08-20,2026-08-20,OPP-0000000148,026-0012094,F 004-00002280,[51003014] RADIADOR REFRIGERANTE 966L,1.0,GESTION MINERA INTEGRAL S.A.C.,Mercedes Quispe,3.368,70.91,104.84,21.05,31.13,Operacion,,PINTADO,Minutos,38.1,38.1,12.506666666666668,11.912600000000001,3.71,3.54
RM-24658,Por cerrar,Estimado,2026-08-20,2026-08-20,OPP-0000000148,026-0012094,F 004-00002280,[51003014] RADIADOR REFRIGERANTE 966L,1.0,GESTION MINERA INTEGRAL S.A.C.,Mercedes Quispe,3.368,70.91,104.84,21.05,31.13,Operacion,,EMBALAR,Minutos,27.12,27.12,7.0375000000000005,7.63428,2.09,2.27
RM-24659,Por cerrar,Estimado,2026-08-20,2026-08-20,OPP-0000000148,026-0012105,F 004-00002279,[51003015] RADIADOR REFRIGERANTE 966L,1.0,GESTION MINERA INTEGRAL S.A.C.,Mercedes Quispe,3.368,62.22,86.35000000000001,18.47,25.64,Componente,10300051,"CINTA TEFLON SHURTAPE 1/2""",Ro,2.0,2.0,0.85,0.85,0.25,0.25
RM-24659,Por cerrar,Estimado,2026-08-20,2026-08-20,OPP-0000000148,026-0012105,F 004-00002279,[51003015] RADIADOR REFRIGERANTE 966L,1.0,GESTION MINERA INTEGRAL S.A.C.,Mercedes Quispe,3.368,62.22,86.35000000000001,18.47,25.64,Operacion,,INSPECCION,Minutos,22.22,22.22,5.136666666666667,5.706836666666666,1.53,1.69
RM-24659,Por cerrar,Estimado,2026-08-20,2026-08-20,OPP-0000000148,026-0012105,F 004-00002279,[51003015] RADIADOR REFRIGERANTE 966L,1.0,GESTION MINERA INTEGRAL S.A.C.,Mercedes Quispe,3.368,62.22,86.35000000000001,18.47,25.64,Operacion,,LAVADO,Minutos,25.5,25.5,0.0,7.386499999999999,0.0,2.19
RM-24659,Por cerrar,Estimado,2026-08-20,2026-08-20,OPP-0000000148,026-0012105,F 004-00002279,[51003015] RADIADOR REFRIGERANTE 966L,1.0,GESTION MINERA INTEGRAL S.A.C.,Mercedes Quispe,3.368,62.22,86.35000000000001,18.47,25.64,Operacion,,PRUEBA NEUMATICA,Minutos,64.05,64.05,0.0,17.827249999999996,0.0,5.29
RM-24659,Por cerrar,Estimado,2026-08-20,2026-08-20,OPP-0000000148,026-0012105,F 004-00002279,[51003015] RADIADOR REFRIGERANTE 966L,1.0,GESTION MINERA INTEGRAL S.A.C.,Mercedes Quispe,3.368,62.22,86.35000000000001,18.47,25.64,Operacion,,REPARACION,Minutos,68.4,68.4,15.41,17.567400000000003,4.58,5.22
RM-24659,Por cerrar,Estimado,2026-08-20,2026-08-20,OPP-0000000148,026-0012105,F 004-00002279,[51003015] RADIADOR REFRIGERANTE 966L,1.0,GESTION MINERA INTEGRAL S.A.C.,Mercedes Quispe,3.368,62.22,86.35000000000001,18.47,25.64,Operacion,,MANTENIMIENTO,Minutos,37.2,37.2,10.273333333333333,9.5542,3.05,2.84
RM-24659,Por cerrar,Estimado,2026-08-20,2026-08-20,OPP-0000000148,026-0012105,F 004-00002279,[51003015] RADIADOR REFRIGERANTE 966L,1.0,GESTION MINERA INTEGRAL S.A.C.,Mercedes Quispe,3.368,62.22,86.35000000000001,18.47,25.64,Operacion,,PRUEBA FINAL,Minutos,29.15,29.15,8.35,8.113416666666666,2.48,2.41
RM-24659,Por cerrar,Estimado,2026-08-20,2026-08-20,OPP-0000000148,026-0012105,F 004-00002279,[51003015] RADIADOR REFRIGERANTE 966L,1.0,GESTION MINERA INTEGRAL S.A.C.,Mercedes Quispe,3.368,62.22,86.35000000000001,18.47,25.64,Operacion,,PINTADO,Minutos,32.1,32.1,10.943333333333335,10.036600000000002,3.25,2.98
RM-24659,Por cerrar,Estimado,2026-08-20,2026-08-20,OPP-0000000148,026-0012105,F 004-00002279,[51003015] RADIADOR REFRIGERANTE 966L,1.0,GESTION MINERA INTEGRAL S.A.C.,Mercedes Quispe,3.368,62.22,86.35000000000001,18.47,25.64,Operacion,,EMBALAR,Minutos,33.05,33.05,11.26,9.303575,3.34,2.76
RM-24685,Terminado,Real,2026-08-24,2026-09-09,OPP-0000000255,026-0012132,F 004-00002292,[20100211] RADIADOR DE REFRIGERANTE TD 3F P/ CAT R1600H 522-2621 ,1.0,ADMINISTRACION DE EMPRESAS S.A.C.,Arnold Hernández,3.369,4708.82,4708.82,1397.69,1397.69,Componente,10220105,"LISTON MADERA CATAHUA 1"" x 4"" X 10┤",Units,10.0,10.0,164.68,164.68,48.88,48.88
RM-24685,Terminado,Real,2026-08-24,2026-09-09,OPP-0000000255,026-0012132,F 004-00002292,[20100211] RADIADOR DE REFRIGERANTE TD 3F P/ CAT R1600H 522-2621 ,1.0,ADMINISTRACION DE EMPRESAS S.A.C.,Arnold Hernández,3.369,4708.82,4708.82,1397.69,1397.69,Componente,10220011,"LISTON MADERA COPAHIBA 1 3/4"" * 3 1/2"" * 8┤",Units,2.0,2.0,91.76,91.76,27.24,27.24
RM-24685,Terminado,Real,2026-08-24,2026-09-09,OPP-0000000255,026-0012132,F 004-00002292,[20100211] RADIADOR DE REFRIGERANTE TD 3F P/ CAT R1600H 522-2621 ,1.0,ADMINISTRACION DE EMPRESAS S.A.C.,Arnold Hernández,3.369,4708.82,4708.82,1397.69,1397.69,Componente,10220005,CARTON CORRUGADO ROLLO 1.64 MT X 50 KG=5 (6 METROS),kg,1.35,1.35,7.79,7.79,2.31,2.31
RM-24685,Terminado,Real,2026-08-24,2026-09-09,OPP-0000000255,026-0012132,F 004-00002292,[20100211] RADIADOR DE REFRIGERANTE TD 3F P/ CAT R1600H 522-2621 ,1.0,ADMINISTRACION DE EMPRESAS S.A.C.,Arnold Hernández,3.369,4708.82,4708.82,1397.69,1397.69,Componente,10220002,"CLAVO MADERA PISTOLA 2"" (CAJA 30 ROLLOS / 28 KG)",Ro,1.0,1.0,3.62,3.62,1.07,1.07
RM-24685,Terminado,Real,2026-08-24,2026-09-09,OPP-0000000255,026-0012132,F 004-00002292,[20100211] RADIADOR DE REFRIGERANTE TD 3F P/ CAT R1600H 522-2621 ,1.0,ADMINISTRACION DE EMPRESAS S.A.C.,Arnold Hernández,3.369,4708.82,4708.82,1397.69,1397.69,Componente,40600476,SELLO DESMONT. C / CANAL HEATEX 721201B V2,Units,91.0,91.0,174.82,174.82,51.89,51.89
RM-24685,Terminado,Real,2026-08-24,2026-09-09,OPP-0000000255,026-0012132,F 004-00002292,[20100211] RADIADOR DE REFRIGERANTE TD 3F P/ CAT R1600H 522-2621 ,1.0,ADMINISTRACION DE EMPRESAS S.A.C.,Arnold Hernández,3.369,4708.82,4708.82,1397.69,1397.69,Componente,40600477,SELLO DESMONT. S / CANAL HEATEX 721201T V2,Units,91.0,91.0,172.94,172.94,51.33,51.33
RM-24685,Terminado,Real,2026-08-24,2026-09-09,OPP-0000000255,026-0012132,F 004-00002292,[20100211] RADIADOR DE REFRIGERANTE TD 3F P/ CAT R1600H 522-2621 ,1.0,ADMINISTRACION DE EMPRESAS S.A.C.,Arnold Hernández,3.369,4708.82,4708.82,1397.69,1397.69,Componente,40600321,"FIELTRO INDUSTRIAL 3/4"" * 1"" N/P 33082",in,50.0,50.0,6.57,6.57,1.95,1.95
RM-24685,Terminado,Real,2026-08-24,2026-09-09,OPP-0000000255,026-0012132,F 004-00002292,[20100211] RADIADOR DE REFRIGERANTE TD 3F P/ CAT R1600H 522-2621 ,1.0,ADMINISTRACION DE EMPRESAS S.A.C.,Arnold Hernández,3.369,4708.82,4708.82,1397.69,1397.69,Componente,40600322,"FIELTRO INDUSTRIAL 3/4"" * 1/2"" N/P 33083",in,50.0,50.0,3.36,3.36,1.0,1.0
RM-24685,Terminado,Real,2026-08-24,2026-09-09,OPP-0000000255,026-0012132,F 004-00002292,[20100211] RADIADOR DE REFRIGERANTE TD 3F P/ CAT R1600H 522-2621 ,1.0,ADMINISTRACION DE EMPRESAS S.A.C.,Arnold Hernández,3.369,4708.82,4708.82,1397.69,1397.69,Componente,20100100,"TUBO DESMONT. CU 46.7/8"" ""V"""" CSG WATER TIPO MESABI (copiar)",Units,91.0,91.0,3813.77,3813.77,1132.02,1132.02
RM-24685,Terminado,Real,2026-08-24,2026-09-09,OPP-0000000255,026-0012132,F 004-00002292,[20100211] RADIADOR DE REFRIGERANTE TD 3F P/ CAT R1600H 522-2621 ,1.0,ADMINISTRACION DE EMPRESAS S.A.C.,Arnold Hernández,3.369,4708.82,4708.82,1397.69,1397.69,Componente,40600464,"GRAPA  DESMONT. TIPO ""V"" HEATEX  M/HTX-80110 V2024",Units,91.0,91.0,111.7,111.7,33.16,33.16
RM-24685,Terminado,Real,2026-08-24,2026-09-09,OPP-0000000255,026-0012132,F 004-00002292,[20100211] RADIADOR DE REFRIGERANTE TD 3F P/ CAT R1600H 522-2621 ,1.0,ADMINISTRACION DE EMPRESAS S.A.C.,Arnold Hernández,3.369,4708.82,4708.82,1397.69,1397.69,Componente,40600012,"JEBE DESMONT. CENTRAL TIPO ""V"" MACHO HEATEX N / P 981004 * 14.50""",Units,4.0,4.0,117.24000000000001,117.24000000000001,34.8,34.8
RM-24685,Terminado,Real,2026-08-24,2026-09-09,OPP-0000000255,026-0012132,F 004-00002292,[20100211] RADIADOR DE REFRIGERANTE TD 3F P/ CAT R1600H 522-2621 ,1.0,ADMINISTRACION DE EMPRESAS S.A.C.,Arnold Hernández,3.369,4708.82,4708.82,1397.69,1397.69,Componente,10460134,"PERNO HEXAGONAL FIERRO NEGRO G-8 UNC 3/8"" * 1""",Units,8.0,8.0,2.27,2.27,0.67,0.67
RM-24685,Terminado,Real,2026-08-24,2026-09-09,OPP-0000000255,026-0012132,F 004-00002292,[20100211] RADIADOR DE REFRIGERANTE TD 3F P/ CAT R1600H 522-2621 ,1.0,ADMINISTRACION DE EMPRESAS S.A.C.,Arnold Hernández,3.369,4708.82,4708.82,1397.69,1397.69,Componente,10460011,"ARANDELA PLANA GALVANIZADA G-5 3/8""",Units,8.0,8.0,0.64,0.64,0.19,0.19
RM-24685,Terminado,Real,2026-08-24,2026-09-09,OPP-0000000255,026-0012132,F 004-00002292,[20100211] RADIADOR DE REFRIGERANTE TD 3F P/ CAT R1600H 522-2621 ,1.0,ADMINISTRACION DE EMPRESAS S.A.C.,Arnold Hernández,3.369,4708.82,4708.82,1397.69,1397.69,Operacion,,EMBALAJE: RM-24685 - FABRICACION DE EMBALAJE DE MADER,Horas,1.4458333333333333,1.4458333333333333,24.42,24.42,7.25,7.25
RM-24685,Terminado,Real,2026-08-24,2026-09-09,OPP-0000000255,026-0012132,F 004-00002292,[20100211] RADIADOR DE REFRIGERANTE TD 3F P/ CAT R1600H 522-2621 ,1.0,ADMINISTRACION DE EMPRESAS S.A.C.,Arnold Hernández,3.369,4708.82,4708.82,1397.69,1397.69,Operacion,,EMBALAJE: RM-24685 - EMBALAJE,Horas,0.7838333333333334,0.7838333333333334,13.24,13.24,3.93,3.93
RM-24685,Terminado,Real,2026-08-24,2026-09-09,OPP-0000000255,026-0012132,F 004-00002292,[20100211] RADIADOR DE REFRIGERANTE TD 3F P/ CAT R1600H 522-2621 ,1.0,ADMINISTRACION DE EMPRESAS S.A.C.,Arnold Hernández,3.369,4708.82,4708.82,1397.69,1397.69,Operacion,,SEGUNDO ALEJANDRO SANTILLAN ZUÑIGA: RM-24685 - FABRICACION DE EMBALAJE DE MADER,Horas,1.4458333333333333,1.4458333333333333,0.0,0.0,0.0,0.0
RM-24685,Terminado,Real,2026-08-24,2026-09-09,OPP-0000000255,026-0012132,F 004-00002292,[20100211] RADIADOR DE REFRIGERANTE TD 3F P/ CAT R1600H 522-2621 ,1.0,ADMINISTRACION DE EMPRESAS S.A.C.,Arnold Hernández,3.369,4708.82,4708.82,1397.69,1397.69,Operacion,,SEGUNDO ALEJANDRO SANTILLAN ZUÑIGA: RM-24685 - EMBALAJE,Horas,0.7838333333333334,0.7838333333333334,0.0,0.0,0.0,0.0
RM-24625,Por cerrar,Estimado,2026-08-25,2026-08-25,OPP-0000000153,026-0012023,F 004-00002262,[51002640] RADIADOR REFRIGERANTE TD P/SCOOP CAT R1300G 459-8769 ,1.0,PAN AMERICAN SILVER HUARON S.A.,Arnold Hernández,3.356,5368.14,5442.84,1599.56,1621.82,Componente,20100158,"TUBO DESMONT. CU 35.25"" ""M"" (RINTUSAC)",Units,109.0,109.0,4257.66,4257.66,1268.67,1268.67
RM-24625,Por cerrar,Estimado,2026-08-25,2026-08-25,OPP-0000000153,026-0012023,F 004-00002262,[51002640] RADIADOR REFRIGERANTE TD P/SCOOP CAT R1300G 459-8769 ,1.0,PAN AMERICAN SILVER HUARON S.A.,Arnold Hernández,3.356,5368.14,5442.84,1599.56,1621.82,Componente,40600476,SELLO DESMONT. C / CANAL HEATEX 721201B V2,Units,109.0,109.0,209.41,209.41,62.4,62.4
RM-24625,Por cerrar,Estimado,2026-08-25,2026-08-25,OPP-0000000153,026-0012023,F 004-00002262,[51002640] RADIADOR REFRIGERANTE TD P/SCOOP CAT R1300G 459-8769 ,1.0,PAN AMERICAN SILVER HUARON S.A.,Arnold Hernández,3.356,5368.14,5442.84,1599.56,1621.82,Componente,40600477,SELLO DESMONT. S / CANAL HEATEX 721201T V2,Units,109.0,109.0,207.14000000000001,207.14000000000001,61.72,61.72
RM-24625,Por cerrar,Estimado,2026-08-25,2026-08-25,OPP-0000000153,026-0012023,F 004-00002262,[51002640] RADIADOR REFRIGERANTE TD P/SCOOP CAT R1300G 459-8769 ,1.0,PAN AMERICAN SILVER HUARON S.A.,Arnold Hernández,3.356,5368.14,5442.84,1599.56,1621.82,Componente,40600321,"FIELTRO INDUSTRIAL 3/4"" * 1"" N/P 33082",in,50.0,50.0,6.57,6.57,1.96,1.96
RM-24625,Por cerrar,Estimado,2026-08-25,2026-08-25,OPP-0000000153,026-0012023,F 004-00002262,[51002640] RADIADOR REFRIGERANTE TD P/SCOOP CAT R1300G 459-8769 ,1.0,PAN AMERICAN SILVER HUARON S.A.,Arnold Hernández,3.356,5368.14,5442.84,1599.56,1621.82,Componente,40600322,"FIELTRO INDUSTRIAL 3/4"" * 1/2"" N/P 33083",in,50.0,50.0,3.36,3.36,1.0,1.0
RM-24625,Por cerrar,Estimado,2026-08-25,2026-08-25,OPP-0000000153,026-0012023,F 004-00002262,[51002640] RADIADOR REFRIGERANTE TD P/SCOOP CAT R1300G 459-8769 ,1.0,PAN AMERICAN SILVER HUARON S.A.,Arnold Hernández,3.356,5368.14,5442.84,1599.56,1621.82,Componente,40600464,"GRAPA  DESMONT. TIPO ""V"" HEATEX  M/HTX-80110 V2024",Units,109.0,109.0,133.8,133.8,39.87,39.87
RM-24625,Por cerrar,Estimado,2026-08-25,2026-08-25,OPP-0000000153,026-0012023,F 004-00002262,[51002640] RADIADOR REFRIGERANTE TD P/SCOOP CAT R1300G 459-8769 ,1.0,PAN AMERICAN SILVER HUARON S.A.,Arnold Hernández,3.356,5368.14,5442.84,1599.56,1621.82,Componente,10100052,LIJA PLIEGO TELA P/METAL G. 60 - 2 (230X280MM),Units,2.0,2.0,4.32,4.32,1.29,1.29
RM-24625,Por cerrar,Estimado,2026-08-25,2026-08-25,OPP-0000000153,026-0012023,F 004-00002262,[51002640] RADIADOR REFRIGERANTE TD P/SCOOP CAT R1300G 459-8769 ,1.0,PAN AMERICAN SILVER HUARON S.A.,Arnold Hernández,3.356,5368.14,5442.84,1599.56,1621.82,Componente,10100053,LIJA PLIEGO TELA P/METAL G. 80 - 1.1/2 (230X280MM),Units,1.0,1.0,1.99,1.99,0.59,0.59
RM-24625,Por cerrar,Estimado,2026-08-25,2026-08-25,OPP-0000000153,026-0012023,F 004-00002262,[51002640] RADIADOR REFRIGERANTE TD P/SCOOP CAT R1300G 459-8769 ,1.0,PAN AMERICAN SILVER HUARON S.A.,Arnold Hernández,3.356,5368.14,5442.84,1599.56,1621.82,Componente,10100091,ESCOBILLA RECTA P/CALDERO 18MM,Units,1.0,1.0,38.61,38.61,11.5,11.5
RM-24625,Por cerrar,Estimado,2026-08-25,2026-08-25,OPP-0000000153,026-0012023,F 004-00002262,[51002640] RADIADOR REFRIGERANTE TD P/SCOOP CAT R1300G 459-8769 ,1.0,PAN AMERICAN SILVER HUARON S.A.,Arnold Hernández,3.356,5368.14,5442.84,1599.56,1621.82,Componente,10100105,ESCOBILLA RECTA P/CALDERO 10 MM,Units,1.0,1.0,29.05,29.05,8.66,8.66
RM-24625,Por cerrar,Estimado,2026-08-25,2026-08-25,OPP-0000000153,026-0012023,F 004-00002262,[51002640] RADIADOR REFRIGERANTE TD P/SCOOP CAT R1300G 459-8769 ,1.0,PAN AMERICAN SILVER HUARON S.A.,Arnold Hernández,3.356,5368.14,5442.84,1599.56,1621.82,Componente,10480003,BASE ANTICORROSIVO AL ACEITE GRIS AUTOMOTRIZ (1 GALON),gal (US),0.25,0.25,10.17,10.17,3.03,3.03
RM-24625,Por cerrar,Estimado,2026-08-25,2026-08-25,OPP-0000000153,026-0012023,F 004-00002262,[51002640] RADIADOR REFRIGERANTE TD P/SCOOP CAT R1300G 459-8769 ,1.0,PAN AMERICAN SILVER HUARON S.A.,Arnold Hernández,3.356,5368.14,5442.84,1599.56,1621.82,Componente,10480017,PINTURA ESMALTE INDUSTRIAL NEGRO-MATE 1GL ,gal (US),0.25,0.25,14.66,14.66,4.37,4.37
RM-24625,Por cerrar,Estimado,2026-08-25,2026-08-25,OPP-0000000153,026-0012023,F 004-00002262,[51002640] RADIADOR REFRIGERANTE TD P/SCOOP CAT R1300G 459-8769 ,1.0,PAN AMERICAN SILVER HUARON S.A.,Arnold Hernández,3.356,5368.14,5442.84,1599.56,1621.82,Componente,10240050,"JEBE NATURAL LONADO 1/4"" (6MM) X 1.20 MT (copia)",m²,0.35,0.35,24.3,24.3,7.24,7.24
RM-24625,Por cerrar,Estimado,2026-08-25,2026-08-25,OPP-0000000153,026-0012023,F 004-00002262,[51002640] RADIADOR REFRIGERANTE TD P/SCOOP CAT R1300G 459-8769 ,1.0,PAN AMERICAN SILVER HUARON S.A.,Arnold Hernández,3.356,5368.14,5442.84,1599.56,1621.82,Componente,10460144,"PERNO HEXAGONAL FIERRO NEGRO G-8 UNC 5/16"" x 1""",Units,44.0,44.0,8.21,8.21,2.45,2.45
RM-24625,Por cerrar,Estimado,2026-08-25,2026-08-25,OPP-0000000153,026-0012023,F 004-00002262,[51002640] RADIADOR REFRIGERANTE TD P/SCOOP CAT R1300G 459-8769 ,1.0,PAN AMERICAN SILVER HUARON S.A.,Arnold Hernández,3.356,5368.14,5442.84,1599.56,1621.82,Componente,10460012,"ARANDELA PLANA GALVANIZADA G-5 5/16"" ALA ANCHA",Units,44.0,44.0,2.7600000000000002,2.7600000000000002,0.82,0.82
RM-24625,Por cerrar,Estimado,2026-08-25,2026-08-25,OPP-0000000153,026-0012023,F 004-00002262,[51002640] RADIADOR REFRIGERANTE TD P/SCOOP CAT R1300G 459-8769 ,1.0,PAN AMERICAN SILVER HUARON S.A.,Arnold Hernández,3.356,5368.14,5442.84,1599.56,1621.82,Componente,10460445,"PERNO ALLEN AVELLANADO FIERRO NEGRO G-8 UNC 3/8"" * 1""",Units,8.0,8.0,6.42,6.42,1.91,1.91
RM-24625,Por cerrar,Estimado,2026-08-25,2026-08-25,OPP-0000000153,026-0012023,F 004-00002262,[51002640] RADIADOR REFRIGERANTE TD P/SCOOP CAT R1300G 459-8769 ,1.0,PAN AMERICAN SILVER HUARON S.A.,Arnold Hernández,3.356,5368.14,5442.84,1599.56,1621.82,Componente,10480007,ADITIVO ACRILICO - THINNER (CILINDRO 55 GALONES),gal (US),1.0,1.0,25.76,25.76,7.68,7.68
RM-24625,Por cerrar,Estimado,2026-08-25,2026-08-25,OPP-0000000153,026-0012023,F 004-00002262,[51002640] RADIADOR REFRIGERANTE TD P/SCOOP CAT R1300G 459-8769 ,1.0,PAN AMERICAN SILVER HUARON S.A.,Arnold Hernández,3.356,5368.14,5442.84,1599.56,1621.82,Componente,10220120,"STRETCH FILM TRANSPARENTE BOBINA 18"" X 20 MICRAS X 02 KG",Ro,0.5,0.5,11.48,11.48,3.42,3.42
RM-24625,Por cerrar,Estimado,2026-08-25,2026-08-25,OPP-0000000153,026-0012023,F 004-00002262,[51002640] RADIADOR REFRIGERANTE TD P/SCOOP CAT R1300G 459-8769 ,1.0,PAN AMERICAN SILVER HUARON S.A.,Arnold Hernández,3.356,5368.14,5442.84,1599.56,1621.82,Componente,10440327,"PLATINA FIERRO A36 1/8"" * 3/4""",m,4.0,4.0,7.87,7.87,2.35,2.35
RM-24625,Por cerrar,Estimado,2026-08-25,2026-08-25,OPP-0000000153,026-0012023,F 004-00002262,[51002640] RADIADOR REFRIGERANTE TD P/SCOOP CAT R1300G 459-8769 ,1.0,PAN AMERICAN SILVER HUARON S.A.,Arnold Hernández,3.356,5368.14,5442.84,1599.56,1621.82,Componente,10220105,"LISTON MADERA CATAHUA 1"" x 4"" X 10┤",Units,12.0,12.0,197.61,197.61,58.88,58.88
RM-24625,Por cerrar,Estimado,2026-08-25,2026-08-25,OPP-0000000153,026-0012023,F 004-00002262,[51002640] RADIADOR REFRIGERANTE TD P/SCOOP CAT R1300G 459-8769 ,1.0,PAN AMERICAN SILVER HUARON S.A.,Arnold Hernández,3.356,5368.14,5442.84,1599.56,1621.82,Componente,10220011,"LISTON MADERA COPAHIBA 1 3/4"" * 3 1/2"" * 8┤",Units,1.0,1.0,45.88,45.88,13.67,13.67
RM-24625,Por cerrar,Estimado,2026-08-25,2026-08-25,OPP-0000000153,026-0012023,F 004-00002262,[51002640] RADIADOR REFRIGERANTE TD P/SCOOP CAT R1300G 459-8769 ,1.0,PAN AMERICAN SILVER HUARON S.A.,Arnold Hernández,3.356,5368.14,5442.84,1599.56,1621.82,Componente,10220005,CARTON CORRUGADO ROLLO 1.64 MT X 50 KG=5 (6 METROS),kg,1.35,1.35,7.79,7.79,2.32,2.32
RM-24625,Por cerrar,Estimado,2026-08-25,2026-08-25,OPP-0000000153,026-0012023,F 004-00002262,[51002640] RADIADOR REFRIGERANTE TD P/SCOOP CAT R1300G 459-8769 ,1.0,PAN AMERICAN SILVER HUARON S.A.,Arnold Hernández,3.356,5368.14,5442.84,1599.56,1621.82,Componente,10220001,"CLAVO MADERA PISTOLA 1 1/2"" (CAJA 30 ROLLOS)",Ro,1.0,1.0,2.18,2.18,0.65,0.65
RM-24625,Por cerrar,Estimado,2026-08-25,2026-08-25,OPP-0000000153,026-0012023,F 004-00002262,[51002640] RADIADOR REFRIGERANTE TD P/SCOOP CAT R1300G 459-8769 ,1.0,PAN AMERICAN SILVER HUARON S.A.,Arnold Hernández,3.356,5368.14,5442.84,1599.56,1621.82,Componente,10220002,"CLAVO MADERA PISTOLA 2"" (CAJA 30 ROLLOS / 28 KG)",Ro,1.0,1.0,3.62,3.62,1.08,1.08
RM-24625,Por cerrar,Estimado,2026-08-25,2026-08-25,OPP-0000000153,026-0012023,F 004-00002262,[51002640] RADIADOR REFRIGERANTE TD P/SCOOP CAT R1300G 459-8769 ,1.0,PAN AMERICAN SILVER HUARON S.A.,Arnold Hernández,3.356,5368.14,5442.84,1599.56,1621.82,Componente,10300463,TRAPO INDUSTRIAL COLORES,kg,1.0,1.0,2.91,2.91,0.87,0.87
RM-24625,Por cerrar,Estimado,2026-08-25,2026-08-25,OPP-0000000153,026-0012023,F 004-00002262,[51002640] RADIADOR REFRIGERANTE TD P/SCOOP CAT R1300G 459-8769 ,1.0,PAN AMERICAN SILVER HUARON S.A.,Arnold Hernández,3.356,5368.14,5442.84,1599.56,1621.82,Operacion,,INSPECCION,Minutos,21.25,21.25,5.136666666666667,5.457708333333334,1.53,1.63
RM-24625,Por cerrar,Estimado,2026-08-25,2026-08-25,OPP-0000000153,026-0012023,F 004-00002262,[51002640] RADIADOR REFRIGERANTE TD P/SCOOP CAT R1300G 459-8769 ,1.0,PAN AMERICAN SILVER HUARON S.A.,Arnold Hernández,3.356,5368.14,5442.84,1599.56,1621.82,Operacion,,LAVADO,Minutos,33.21,33.21,0.0,9.619829999999999,0.0,2.87
RM-24625,Por cerrar,Estimado,2026-08-25,2026-08-25,OPP-0000000153,026-0012023,F 004-00002262,[51002640] RADIADOR REFRIGERANTE TD P/SCOOP CAT R1300G 459-8769 ,1.0,PAN AMERICAN SILVER HUARON S.A.,Arnold Hernández,3.356,5368.14,5442.84,1599.56,1621.82,Operacion,,LIJADO DE ESTRUCTURA,Minutos,145.0,145.0,30.82,37.240833333333335,9.18,11.1
RM-24625,Por cerrar,Estimado,2026-08-25,2026-08-25,OPP-0000000153,026-0012023,F 004-00002262,[51002640] RADIADOR REFRIGERANTE TD P/SCOOP CAT R1300G 459-8769 ,1.0,PAN AMERICAN SILVER HUARON S.A.,Arnold Hernández,3.356,5368.14,5442.84,1599.56,1621.82,Operacion,,PINTADO,Minutos,47.12,47.12,14.07,14.732853333333335,4.19,4.39
RM-24625,Por cerrar,Estimado,2026-08-25,2026-08-25,OPP-0000000153,026-0012023,F 004-00002262,[51002640] RADIADOR REFRIGERANTE TD P/SCOOP CAT R1300G 459-8769 ,1.0,PAN AMERICAN SILVER HUARON S.A.,Arnold Hernández,3.356,5368.14,5442.84,1599.56,1621.82,Operacion,,MONTAGE TUBOS,Minutos,212.01,212.01,15.41,54.451235,4.59,16.23
RM-24625,Por cerrar,Estimado,2026-08-25,2026-08-25,OPP-0000000153,026-0012023,F 004-00002262,[51002640] RADIADOR REFRIGERANTE TD P/SCOOP CAT R1300G 459-8769 ,1.0,PAN AMERICAN SILVER HUARON S.A.,Arnold Hernández,3.356,5368.14,5442.84,1599.56,1621.82,Operacion,,ARMADO D CAJA,Minutos,112.72,112.72,30.82,28.950253333333333,9.18,8.63
RM-24625,Por cerrar,Estimado,2026-08-25,2026-08-25,OPP-0000000153,026-0012023,F 004-00002262,[51002640] RADIADOR REFRIGERANTE TD P/SCOOP CAT R1300G 459-8769 ,1.0,PAN AMERICAN SILVER HUARON S.A.,Arnold Hernández,3.356,5368.14,5442.84,1599.56,1621.82,Operacion,,PRUEBA,Minutos,45.0,45.0,8.35,12.524999999999999,2.49,3.73
RM-24625,Por cerrar,Estimado,2026-08-25,2026-08-25,OPP-0000000153,026-0012023,F 004-00002262,[51002640] RADIADOR REFRIGERANTE TD P/SCOOP CAT R1300G 459-8769 ,1.0,PAN AMERICAN SILVER HUARON S.A.,Arnold Hernández,3.356,5368.14,5442.84,1599.56,1621.82,Operacion,,EMBALAJE,Minutos,58.03,58.03,0.0,16.335445,0.0,4.87
RM-24652,Por cerrar,Estimado,2026-08-25,2026-08-25,OPP-0000000098,026-0012070,F 004-00002299,[51003012] RADIADOR P/ LHD WX03-101,1.0,KOMATSU-MITSUI MAQUINARIAS PERU S.A.,Jeancarlos Castillo,3.36,447.71000000000004,626.64,133.25,186.5,Componente,10520090,DESENGRASANTE EMULSIONABLE SQP-795 ,gal (US),5.0,5.0,310.06,310.06,92.28,92.28
RM-24652,Por cerrar,Estimado,2026-08-25,2026-08-25,OPP-0000000098,026-0012070,F 004-00002299,[51003012] RADIADOR P/ LHD WX03-101,1.0,KOMATSU-MITSUI MAQUINARIAS PERU S.A.,Jeancarlos Castillo,3.36,447.71000000000004,626.64,133.25,186.5,Componente,10480007,ADITIVO ACRILICO - THINNER (CILINDRO 55 GALONES),gal (US),2.0,2.0,51.53,51.53,15.34,15.34
RM-24652,Por cerrar,Estimado,2026-08-25,2026-08-25,OPP-0000000098,026-0012070,F 004-00002299,[51003012] RADIADOR P/ LHD WX03-101,1.0,KOMATSU-MITSUI MAQUINARIAS PERU S.A.,Jeancarlos Castillo,3.36,447.71000000000004,626.64,133.25,186.5,Componente,10480017,PINTURA ESMALTE INDUSTRIAL NEGRO-MATE 1GL ,gal (US),1.0,1.0,58.65,58.65,17.46,17.46
RM-24652,Por cerrar,Estimado,2026-08-25,2026-08-25,OPP-0000000098,026-0012070,F 004-00002299,[51003012] RADIADOR P/ LHD WX03-101,1.0,KOMATSU-MITSUI MAQUINARIAS PERU S.A.,Jeancarlos Castillo,3.36,447.71000000000004,626.64,133.25,186.5,Componente,10460180,PERNO HEXAGONAL FIERRO NEGRO G-8 UNC M08 * 25,Units,12.0,12.0,2.6,2.6,0.77,0.77
RM-24652,Por cerrar,Estimado,2026-08-25,2026-08-25,OPP-0000000098,026-0012070,F 004-00002299,[51003012] RADIADOR P/ LHD WX03-101,1.0,KOMATSU-MITSUI MAQUINARIAS PERU S.A.,Jeancarlos Castillo,3.36,447.71000000000004,626.64,133.25,186.5,Componente,10460017,ARANDELA PLANA GALVANIZADA G-5 M08,Units,12.0,12.0,0.42,0.42,0.12,0.12
RM-24652,Por cerrar,Estimado,2026-08-25,2026-08-25,OPP-0000000098,026-0012070,F 004-00002299,[51003012] RADIADOR P/ LHD WX03-101,1.0,KOMATSU-MITSUI MAQUINARIAS PERU S.A.,Jeancarlos Castillo,3.36,447.71000000000004,626.64,133.25,186.5,Componente,10460045,ARANDELA PRESION FIERRO NEGRO G-8 M08,Units,12.0,12.0,0.37,0.37,0.11,0.11
RM-24652,Por cerrar,Estimado,2026-08-25,2026-08-25,OPP-0000000098,026-0012070,F 004-00002299,[51003012] RADIADOR P/ LHD WX03-101,1.0,KOMATSU-MITSUI MAQUINARIAS PERU S.A.,Jeancarlos Castillo,3.36,447.71000000000004,626.64,133.25,186.5,Componente,10220016,"STRETCH FILM TRANSPARENTE BOBINA 12"" X 20 MICRAS X 1.20 KM",Ro,1.0,1.0,12.34,12.34,3.67,3.67
RM-24652,Por cerrar,Estimado,2026-08-25,2026-08-25,OPP-0000000098,026-0012070,F 004-00002299,[51003012] RADIADOR P/ LHD WX03-101,1.0,KOMATSU-MITSUI MAQUINARIAS PERU S.A.,Jeancarlos Castillo,3.36,447.71000000000004,626.64,133.25,186.5,Componente,10220005,CARTON CORRUGADO ROLLO 1.64 MT X 50 KG=5 (6 METROS),kg,1.0,1.0,6.6000000000000005,5.7700000000000005,1.96,1.72
RM-24652,Por cerrar,Estimado,2026-08-25,2026-08-25,OPP-0000000098,026-0012070,F 004-00002299,[51003012] RADIADOR P/ LHD WX03-101,1.0,KOMATSU-MITSUI MAQUINARIAS PERU S.A.,Jeancarlos Castillo,3.36,447.71000000000004,626.64,133.25,186.5,Operacion,,INSPECCION,Minutos,18.029999999999998,18.029999999999998,5.136666666666667,4.630704999999999,1.53,1.38
RM-24652,Por cerrar,Estimado,2026-08-25,2026-08-25,OPP-0000000098,026-0012070,F 004-00002299,[51003012] RADIADOR P/ LHD WX03-101,1.0,KOMATSU-MITSUI MAQUINARIAS PERU S.A.,Jeancarlos Castillo,3.36,447.71000000000004,626.64,133.25,186.5,Operacion,,DESMONTAJE DE EQUIPOS,Minutos,123.07,123.07,0.0,31.60847833333333,0.0,9.41
RM-24652,Por cerrar,Estimado,2026-08-25,2026-08-25,OPP-0000000098,026-0012070,F 004-00002299,[51003012] RADIADOR P/ LHD WX03-101,1.0,KOMATSU-MITSUI MAQUINARIAS PERU S.A.,Jeancarlos Castillo,3.36,447.71000000000004,626.64,133.25,186.5,Operacion,,LAVADO,Minutos,171.58,171.58,0.0,49.70100666666667,0.0,14.79
RM-24652,Por cerrar,Estimado,2026-08-25,2026-08-25,OPP-0000000098,026-0012070,F 004-00002299,[51003012] RADIADOR P/ LHD WX03-101,1.0,KOMATSU-MITSUI MAQUINARIAS PERU S.A.,Jeancarlos Castillo,3.36,447.71000000000004,626.64,133.25,186.5,Operacion,,PRUEBA SIST DE AIRE Y REFRIGERANTE,Minutos,77.48,77.48,0.0,21.565266666666666,0.0,6.42
RM-24652,Por cerrar,Estimado,2026-08-25,2026-08-25,OPP-0000000098,026-0012070,F 004-00002299,[51003012] RADIADOR P/ LHD WX03-101,1.0,KOMATSU-MITSUI MAQUINARIAS PERU S.A.,Jeancarlos Castillo,3.36,447.71000000000004,626.64,133.25,186.5,Operacion,,PRUEBA SIST DE ACEITE,Minutos,68.05,68.05,0.0,18.94058333333333,0.0,5.64
RM-24652,Por cerrar,Estimado,2026-08-25,2026-08-25,OPP-0000000098,026-0012070,F 004-00002299,[51003012] RADIADOR P/ LHD WX03-101,1.0,KOMATSU-MITSUI MAQUINARIAS PERU S.A.,Jeancarlos Castillo,3.36,447.71000000000004,626.64,133.25,186.5,Operacion,,PINTADO DE EQUIPOS,Minutos,97.02,97.02,0.0,30.334920000000004,0.0,9.03
RM-24652,Por cerrar,Estimado,2026-08-25,2026-08-25,OPP-0000000098,026-0012070,F 004-00002299,[51003012] RADIADOR P/ LHD WX03-101,1.0,KOMATSU-MITSUI MAQUINARIAS PERU S.A.,Jeancarlos Castillo,3.36,447.71000000000004,626.64,133.25,186.5,Operacion,,MONTAJE,Minutos,67.82,67.82,0.0,17.418436666666665,0.0,5.18
RM-24652,Por cerrar,Estimado,2026-08-25,2026-08-25,OPP-0000000098,026-0012070,F 004-00002299,[51003012] RADIADOR P/ LHD WX03-101,1.0,KOMATSU-MITSUI MAQUINARIAS PERU S.A.,Jeancarlos Castillo,3.36,447.71000000000004,626.64,133.25,186.5,Operacion,,EMBALAJE,Minutos,38.03,38.03,0.0,10.705445000000001,0.0,3.19
RM-24671,Terminado,Real,2026-08-27,2026-08-27,OPP-0000000122,026-0012089,F 004-00002256,"[51003017] MAQUINA DE FABRICACIÓN DE CUBOS DE HIELO 16"" DIÁMETRO / 110"" LARGO",1.0,CONSORCIO FRAP S.A.C.,Manuel Alvarez,3.356,1758.3,1758.3,523.93,523.93,Componente,10520082,SAL INDUSTRIAL X SACO (copiar),gal (US),20.0,20.0,1094.03,1094.03,325.99,325.99
RM-24671,Terminado,Real,2026-08-27,2026-08-27,OPP-0000000122,026-0012089,F 004-00002256,"[51003017] MAQUINA DE FABRICACIÓN DE CUBOS DE HIELO 16"" DIÁMETRO / 110"" LARGO",1.0,CONSORCIO FRAP S.A.C.,Manuel Alvarez,3.356,1758.3,1758.3,523.93,523.93,Componente,10100091,ESCOBILLA RECTA P/CALDERO 18MM,Units,4.0,4.0,154.44,154.44,46.02,46.02
RM-24671,Terminado,Real,2026-08-27,2026-08-27,OPP-0000000122,026-0012089,F 004-00002256,"[51003017] MAQUINA DE FABRICACIÓN DE CUBOS DE HIELO 16"" DIÁMETRO / 110"" LARGO",1.0,CONSORCIO FRAP S.A.C.,Manuel Alvarez,3.356,1758.3,1758.3,523.93,523.93,Componente,10220016,"STRETCH FILM TRANSPARENTE BOBINA 12"" X 20 MICRAS X 1.20 KM",Ro,1.0,1.0,13.450000000000001,13.450000000000001,4.01,4.01
RM-24671,Terminado,Real,2026-08-27,2026-08-27,OPP-0000000122,026-0012089,F 004-00002256,"[51003017] MAQUINA DE FABRICACIÓN DE CUBOS DE HIELO 16"" DIÁMETRO / 110"" LARGO",1.0,CONSORCIO FRAP S.A.C.,Manuel Alvarez,3.356,1758.3,1758.3,523.93,523.93,Componente,10300462,SACO POLIPROPILENO BLANCO 52X86 CM,Units,2.0,2.0,1.36,1.36,0.41,0.41
RM-24671,Terminado,Real,2026-08-27,2026-08-27,OPP-0000000122,026-0012089,F 004-00002256,"[51003017] MAQUINA DE FABRICACIÓN DE CUBOS DE HIELO 16"" DIÁMETRO / 110"" LARGO",1.0,CONSORCIO FRAP S.A.C.,Manuel Alvarez,3.356,1758.3,1758.3,523.93,523.93,Componente,10300051,"CINTA TEFLON SHURTAPE 1/2""",Ro,10.0,10.0,4.23,4.23,1.26,1.26
RM-24671,Terminado,Real,2026-08-27,2026-08-27,OPP-0000000122,026-0012089,F 004-00002256,"[51003017] MAQUINA DE FABRICACIÓN DE CUBOS DE HIELO 16"" DIÁMETRO / 110"" LARGO",1.0,CONSORCIO FRAP S.A.C.,Manuel Alvarez,3.356,1758.3,1758.3,523.93,523.93,Componente,10300463,TRAPO INDUSTRIAL COLORES,kg,2.0,2.0,5.6000000000000005,5.6000000000000005,1.67,1.67
RM-24671,Terminado,Real,2026-08-27,2026-08-27,OPP-0000000122,026-0012089,F 004-00002256,"[51003017] MAQUINA DE FABRICACIÓN DE CUBOS DE HIELO 16"" DIÁMETRO / 110"" LARGO",1.0,CONSORCIO FRAP S.A.C.,Manuel Alvarez,3.356,1758.3,1758.3,523.93,523.93,Componente,10460370,"TUERCA HEXAGONAL FIERRO NEGRO G-8 UNC 1/4""",Units,4.0,4.0,0.72,0.72,0.21,0.21
RM-24671,Terminado,Real,2026-08-27,2026-08-27,OPP-0000000122,026-0012089,F 004-00002256,"[51003017] MAQUINA DE FABRICACIÓN DE CUBOS DE HIELO 16"" DIÁMETRO / 110"" LARGO",1.0,CONSORCIO FRAP S.A.C.,Manuel Alvarez,3.356,1758.3,1758.3,523.93,523.93,Componente,10300018,CINTA AISLANTE 3M 1700 NEGRO,Ro,1.0,1.0,4.63,4.63,1.38,1.38
RM-24671,Terminado,Real,2026-08-27,2026-08-27,OPP-0000000122,026-0012089,F 004-00002256,"[51003017] MAQUINA DE FABRICACIÓN DE CUBOS DE HIELO 16"" DIÁMETRO / 110"" LARGO",1.0,CONSORCIO FRAP S.A.C.,Manuel Alvarez,3.356,1758.3,1758.3,523.93,523.93,Componente,10520092,NEUTRALEX INHIBITOR,gal (US),2.5,2.5,110.0,110.0,32.78,32.78
RM-24671,Terminado,Real,2026-08-27,2026-08-27,OPP-0000000122,026-0012089,F 004-00002256,"[51003017] MAQUINA DE FABRICACIÓN DE CUBOS DE HIELO 16"" DIÁMETRO / 110"" LARGO",1.0,CONSORCIO FRAP S.A.C.,Manuel Alvarez,3.356,1758.3,1758.3,523.93,523.93,Operacion,,MANTENIMIENTO: RM-24671 - MANTENIMIENTO,Horas,8.0,8.0,123.28,123.28,36.73,36.73
RM-24671,Terminado,Real,2026-08-27,2026-08-27,OPP-0000000122,026-0012089,F 004-00002256,"[51003017] MAQUINA DE FABRICACIÓN DE CUBOS DE HIELO 16"" DIÁMETRO / 110"" LARGO",1.0,CONSORCIO FRAP S.A.C.,Manuel Alvarez,3.356,1758.3,1758.3,523.93,523.93,Operacion,,MANTENIMIENTO: RM-24671 - MANTENIMIENTO,Horas,8.0,8.0,123.28,123.28,36.73,36.73
RM-24671,Terminado,Real,2026-08-27,2026-08-27,OPP-0000000122,026-0012089,F 004-00002256,"[51003017] MAQUINA DE FABRICACIÓN DE CUBOS DE HIELO 16"" DIÁMETRO / 110"" LARGO",1.0,CONSORCIO FRAP S.A.C.,Manuel Alvarez,3.356,1758.3,1758.3,523.93,523.93,Operacion,,MANTENIMIENTO: RM-24671 - MANTENIMIENTO,Horas,8.0,8.0,123.28,123.28,36.73,36.73
RM-24671,Terminado,Real,2026-08-27,2026-08-27,OPP-0000000122,026-0012089,F 004-00002256,"[51003017] MAQUINA DE FABRICACIÓN DE CUBOS DE HIELO 16"" DIÁMETRO / 110"" LARGO",1.0,CONSORCIO FRAP S.A.C.,Manuel Alvarez,3.356,1758.3,1758.3,523.93,523.93,Operacion,,RICHARD EMERSON CAÑARI TORRES: RM-24671 - MANTENIMIENTO,Horas,8.000499999999999,8.000499999999999,0.0,0.0,0.0,0.0
RM-24671,Terminado,Real,2026-08-27,2026-08-27,OPP-0000000122,026-0012089,F 004-00002256,"[51003017] MAQUINA DE FABRICACIÓN DE CUBOS DE HIELO 16"" DIÁMETRO / 110"" LARGO",1.0,CONSORCIO FRAP S.A.C.,Manuel Alvarez,3.356,1758.3,1758.3,523.93,523.93,Operacion,,RICHARD EMERSON CAÑARI TORRES: RM-24671 - MANTENIMIENTO,Horas,8.000333333333334,8.000333333333334,0.0,0.0,0.0,0.0
RM-24671,Terminado,Real,2026-08-27,2026-08-27,OPP-0000000122,026-0012089,F 004-00002256,"[51003017] MAQUINA DE FABRICACIÓN DE CUBOS DE HIELO 16"" DIÁMETRO / 110"" LARGO",1.0,CONSORCIO FRAP S.A.C.,Manuel Alvarez,3.356,1758.3,1758.3,523.93,523.93,Operacion,,RICHARD EMERSON CAÑARI TORRES: RM-24671 - MANTENIMIENTO,Horas,8.000499999999999,8.000499999999999,0.0,0.0,0.0,0.0
RM-24686,Por cerrar,Estimado,2026-08-27,2026-08-27,OPP-0000000112,026-0012076,F 004-00002282,[51002968] INTERCAMBIADOR DE CALOR,1.0,NEXA RESOURCES CAJAMARQUILLA S.A.,Mercedes Quispe,3.368,1003.32,1360.57,297.9,403.97,Componente,10240397,"JEBE NITRILO NATURAL 1/16"" * 1.20 MT",m,0.0,0.0,0.0,0.0,0.0,0.0
RM-24686,Por cerrar,Estimado,2026-08-27,2026-08-27,OPP-0000000112,026-0012076,F 004-00002282,[51002968] INTERCAMBIADOR DE CALOR,1.0,NEXA RESOURCES CAJAMARQUILLA S.A.,Mercedes Quispe,3.368,1003.32,1360.57,297.9,403.97,Componente,10520082,SAL INDUSTRIAL X SACO (copiar),gal (US),10.0,10.0,548.61,548.61,162.89,162.89
RM-24686,Por cerrar,Estimado,2026-08-27,2026-08-27,OPP-0000000112,026-0012076,F 004-00002282,[51002968] INTERCAMBIADOR DE CALOR,1.0,NEXA RESOURCES CAJAMARQUILLA S.A.,Mercedes Quispe,3.368,1003.32,1360.57,297.9,403.97,Componente,10240053,"JEBE NITRILO NATURAL 1/8"" * 1.20 MT",m,2.0,2.0,97.42,97.42,28.93,28.93
RM-24686,Por cerrar,Estimado,2026-08-27,2026-08-27,OPP-0000000112,026-0012076,F 004-00002282,[51002968] INTERCAMBIADOR DE CALOR,1.0,NEXA RESOURCES CAJAMARQUILLA S.A.,Mercedes Quispe,3.368,1003.32,1360.57,297.9,403.97,Componente,10100067,"ESCOBILLA CIRCULAR P/ TALADRO 1.1/2""(38MM)",Units,2.0,2.0,10.21,10.21,3.03,3.03
RM-24686,Por cerrar,Estimado,2026-08-27,2026-08-27,OPP-0000000112,026-0012076,F 004-00002282,[51002968] INTERCAMBIADOR DE CALOR,1.0,NEXA RESOURCES CAJAMARQUILLA S.A.,Mercedes Quispe,3.368,1003.32,1360.57,297.9,403.97,Componente,10100065,"ESCOBILLA CIRCULAR P/ TALADRO 2"" (50MM)",Units,2.0,2.0,12.96,12.96,3.85,3.85
RM-24686,Por cerrar,Estimado,2026-08-27,2026-08-27,OPP-0000000112,026-0012076,F 004-00002282,[51002968] INTERCAMBIADOR DE CALOR,1.0,NEXA RESOURCES CAJAMARQUILLA S.A.,Mercedes Quispe,3.368,1003.32,1360.57,297.9,403.97,Componente,10100068,"ESCOBILLA CIRCULAR P/ TALADRO 3"" (75MM)",Units,2.0,2.0,14.65,14.65,4.35,4.35
RM-24686,Por cerrar,Estimado,2026-08-27,2026-08-27,OPP-0000000112,026-0012076,F 004-00002282,[51002968] INTERCAMBIADOR DE CALOR,1.0,NEXA RESOURCES CAJAMARQUILLA S.A.,Mercedes Quispe,3.368,1003.32,1360.57,297.9,403.97,Componente,10300463,TRAPO INDUSTRIAL COLORES,kg,1.0,1.0,2.91,2.91,0.86,0.86
RM-24686,Por cerrar,Estimado,2026-08-27,2026-08-27,OPP-0000000112,026-0012076,F 004-00002282,[51002968] INTERCAMBIADOR DE CALOR,1.0,NEXA RESOURCES CAJAMARQUILLA S.A.,Mercedes Quispe,3.368,1003.32,1360.57,297.9,403.97,Componente,10100084,ESCOBILLA RECTA P/CALDERO 20MM 63451,Units,2.0,2.0,87.25,87.25,25.91,25.91
RM-24686,Por cerrar,Estimado,2026-08-27,2026-08-27,OPP-0000000112,026-0012076,F 004-00002282,[51002968] INTERCAMBIADOR DE CALOR,1.0,NEXA RESOURCES CAJAMARQUILLA S.A.,Mercedes Quispe,3.368,1003.32,1360.57,297.9,403.97,Componente,10100010,"DISCO POLIFAN CURV INOXIDABLE 5""X5/8""X7/8"" (PFR/125Z40/SGP-CURVE L)",Units,1.0,1.0,48.46,48.46,14.39,14.39
RM-24686,Por cerrar,Estimado,2026-08-27,2026-08-27,OPP-0000000112,026-0012076,F 004-00002282,[51002968] INTERCAMBIADOR DE CALOR,1.0,NEXA RESOURCES CAJAMARQUILLA S.A.,Mercedes Quispe,3.368,1003.32,1360.57,297.9,403.97,Componente,10480007,ADITIVO ACRILICO - THINNER (CILINDRO 55 GALONES),gal (US),2.0,2.0,51.53,51.53,15.3,15.3
RM-24686,Por cerrar,Estimado,2026-08-27,2026-08-27,OPP-0000000112,026-0012076,F 004-00002282,[51002968] INTERCAMBIADOR DE CALOR,1.0,NEXA RESOURCES CAJAMARQUILLA S.A.,Mercedes Quispe,3.368,1003.32,1360.57,297.9,403.97,Componente,10300099,"CINTA P/PINTOR MULTIPROP AZUL 2090 3M 55M X 1.88 ""(48MM)",Ro,1.0,1.0,9.120000000000001,9.120000000000001,2.71,2.71
RM-24686,Por cerrar,Estimado,2026-08-27,2026-08-27,OPP-0000000112,026-0012076,F 004-00002282,[51002968] INTERCAMBIADOR DE CALOR,1.0,NEXA RESOURCES CAJAMARQUILLA S.A.,Mercedes Quispe,3.368,1003.32,1360.57,297.9,403.97,Componente,10480020,PINTURA ESMALTE MARTILLADO INDUSTRIAL GRIS PLATA (ENVASE 1 GALON),gal (US),1.0,1.0,51.410000000000004,51.410000000000004,15.26,15.26
RM-24686,Por cerrar,Estimado,2026-08-27,2026-08-27,OPP-0000000112,026-0012076,F 004-00002282,[51002968] INTERCAMBIADOR DE CALOR,1.0,NEXA RESOURCES CAJAMARQUILLA S.A.,Mercedes Quispe,3.368,1003.32,1360.57,297.9,403.97,Componente,10220120,"STRETCH FILM TRANSPARENTE BOBINA 18"" X 20 MICRAS X 02 KG",Ro,1.0,1.0,22.96,22.96,6.82,6.82
RM-24686,Por cerrar,Estimado,2026-08-27,2026-08-27,OPP-0000000112,026-0012076,F 004-00002282,[51002968] INTERCAMBIADOR DE CALOR,1.0,NEXA RESOURCES CAJAMARQUILLA S.A.,Mercedes Quispe,3.368,1003.32,1360.57,297.9,403.97,Componente,10480003,BASE ANTICORROSIVO AL ACEITE GRIS AUTOMOTRIZ (1 GALON),gal (US),1.0,1.0,40.69,40.69,12.08,12.08
RM-24686,Por cerrar,Estimado,2026-08-27,2026-08-27,OPP-0000000112,026-0012076,F 004-00002282,[51002968] INTERCAMBIADOR DE CALOR,1.0,NEXA RESOURCES CAJAMARQUILLA S.A.,Mercedes Quispe,3.368,1003.32,1360.57,297.9,403.97,Operacion,,INSPECCION,Minutos,20.87,20.87,5.136666666666667,5.360111666666667,1.53,1.59
RM-24686,Por cerrar,Estimado,2026-08-27,2026-08-27,OPP-0000000112,026-0012076,F 004-00002282,[51002968] INTERCAMBIADOR DE CALOR,1.0,NEXA RESOURCES CAJAMARQUILLA S.A.,Mercedes Quispe,3.368,1003.32,1360.57,297.9,403.97,Operacion,,PRUEBA HIDROSTATICA,Minutos,501.5,501.5,0.0,139.58416666666665,0.0,41.44
RM-24686,Por cerrar,Estimado,2026-08-27,2026-08-27,OPP-0000000112,026-0012076,F 004-00002282,[51002968] INTERCAMBIADOR DE CALOR,1.0,NEXA RESOURCES CAJAMARQUILLA S.A.,Mercedes Quispe,3.368,1003.32,1360.57,297.9,403.97,Operacion,,LINPIEZA ITERNA DE INTERCAMBIADOR,Minutos,480.03,480.03,0.0,123.28770499999999,0.0,36.61
RM-24686,Por cerrar,Estimado,2026-08-27,2026-08-27,OPP-0000000112,026-0012076,F 004-00002282,[51002968] INTERCAMBIADOR DE CALOR,1.0,NEXA RESOURCES CAJAMARQUILLA S.A.,Mercedes Quispe,3.368,1003.32,1360.57,297.9,403.97,Operacion,,LIMPIEZA INTE4RNA,Minutos,366.6,366.6,0.0,94.1551,0.0,27.96
RM-24677,Por cerrar,Estimado,2026-08-31,2026-08-31,OPP-0000000242,026-0012127,F 004-00002269,[51003020] ENFRIADOR DE ACEITE HIDRAULICO PARKER 016 (A539016),1.0,OPERACIONES MINERAS SAN PEDRO SOCIEDAD ANONIMA CERRADA,Arnold Hernández,3.35,139.31,180.6,41.59,53.91,Componente,10460009,"ARANDELA PLANA GALVANIZADA G-5 1/4""",Units,0.0,0.0,0.0,0.0,0.0,0.0
RM-24677,Por cerrar,Estimado,2026-08-31,2026-08-31,OPP-0000000242,026-0012127,F 004-00002269,[51003020] ENFRIADOR DE ACEITE HIDRAULICO PARKER 016 (A539016),1.0,OPERACIONES MINERAS SAN PEDRO SOCIEDAD ANONIMA CERRADA,Arnold Hernández,3.35,139.31,180.6,41.59,53.91,Componente,10220144,"LISTON MADERA CATAHUA 1"" x 4"" X 3.5 MT",Units,0.0,0.0,0.0,0.0,0.0,0.0
RM-24677,Por cerrar,Estimado,2026-08-31,2026-08-31,OPP-0000000242,026-0012127,F 004-00002269,[51003020] ENFRIADOR DE ACEITE HIDRAULICO PARKER 016 (A539016),1.0,OPERACIONES MINERAS SAN PEDRO SOCIEDAD ANONIMA CERRADA,Arnold Hernández,3.35,139.31,180.6,41.59,53.91,Componente,10220005,CARTON CORRUGADO ROLLO 1.64 MT X 50 KG=5 (6 METROS),kg,0.45,0.45,2.6,2.6,0.78,0.78
RM-24677,Por cerrar,Estimado,2026-08-31,2026-08-31,OPP-0000000242,026-0012127,F 004-00002269,[51003020] ENFRIADOR DE ACEITE HIDRAULICO PARKER 016 (A539016),1.0,OPERACIONES MINERAS SAN PEDRO SOCIEDAD ANONIMA CERRADA,Arnold Hernández,3.35,139.31,180.6,41.59,53.91,Componente,10220011,"LISTON MADERA COPAHIBA 1 3/4"" * 3 1/2"" * 8┤",Units,2.0,2.0,91.76,91.76,27.39,27.39
RM-24677,Por cerrar,Estimado,2026-08-31,2026-08-31,OPP-0000000242,026-0012127,F 004-00002269,[51003020] ENFRIADOR DE ACEITE HIDRAULICO PARKER 016 (A539016),1.0,OPERACIONES MINERAS SAN PEDRO SOCIEDAD ANONIMA CERRADA,Arnold Hernández,3.35,139.31,180.6,41.59,53.91,Operacion,,INSPECCION,Minutos,22.03,22.03,5.136666666666667,5.658038333333334,1.53,1.69
RM-24677,Por cerrar,Estimado,2026-08-31,2026-08-31,OPP-0000000242,026-0012127,F 004-00002269,[51003020] ENFRIADOR DE ACEITE HIDRAULICO PARKER 016 (A539016),1.0,OPERACIONES MINERAS SAN PEDRO SOCIEDAD ANONIMA CERRADA,Arnold Hernández,3.35,139.31,180.6,41.59,53.91,Operacion,,LAVADO,Minutos,80.39,80.39,0.0,23.286303333333333,0.0,6.95
RM-24677,Por cerrar,Estimado,2026-08-31,2026-08-31,OPP-0000000242,026-0012127,F 004-00002269,[51003020] ENFRIADOR DE ACEITE HIDRAULICO PARKER 016 (A539016),1.0,OPERACIONES MINERAS SAN PEDRO SOCIEDAD ANONIMA CERRADA,Arnold Hernández,3.35,139.31,180.6,41.59,53.91,Operacion,,DESMONTAJE,Minutos,27.05,27.05,7.705,6.947341666666667,2.3,2.07
RM-24677,Por cerrar,Estimado,2026-08-31,2026-08-31,OPP-0000000242,026-0012127,F 004-00002269,[51003020] ENFRIADOR DE ACEITE HIDRAULICO PARKER 016 (A539016),1.0,OPERACIONES MINERAS SAN PEDRO SOCIEDAD ANONIMA CERRADA,Arnold Hernández,3.35,139.31,180.6,41.59,53.91,Operacion,,LJADO DE CONCENTRATRADOR Y BENTILADOR,Minutos,147.07999999999998,147.07999999999998,15.41,37.77504666666666,4.6,11.28
RM-24677,Por cerrar,Estimado,2026-08-31,2026-08-31,OPP-0000000242,026-0012127,F 004-00002269,[51003020] ENFRIADOR DE ACEITE HIDRAULICO PARKER 016 (A539016),1.0,OPERACIONES MINERAS SAN PEDRO SOCIEDAD ANONIMA CERRADA,Arnold Hernández,3.35,139.31,180.6,41.59,53.91,Operacion,,PRUEBA FINAL,Minutos,45.17,45.17,16.7,12.572316666666666,4.99,3.75
RM-24676,Por cerrar,Estimado,2026-08-31,2026-08-31,OPP-0000000228,026-0012115,F 004-00002253,[51002680] ENFRIADOR DE ACEITE HIDRAULICO P/ DERUI DRWJ-1 ,1.0,OPERACIONES MINERAS SAN PEDRO SOCIEDAD ANONIMA CERRADA,Arnold Hernández,3.352,1018.75,1084.78,303.92,323.62,Componente,40900034,"TUBO ALUMINIO ALEACION 3103 H18 5/16"" X 5.10 - 5.30 MT",kg,32.0,32.0,933.8100000000001,933.8100000000001,278.58,278.58
RM-24676,Por cerrar,Estimado,2026-08-31,2026-08-31,OPP-0000000228,026-0012115,F 004-00002253,[51002680] ENFRIADOR DE ACEITE HIDRAULICO P/ DERUI DRWJ-1 ,1.0,OPERACIONES MINERAS SAN PEDRO SOCIEDAD ANONIMA CERRADA,Arnold Hernández,3.352,1018.75,1084.78,303.92,323.62,Componente,10220105,"LISTON MADERA CATAHUA 1"" x 4"" X 10┤",Units,5.0,5.0,82.34,82.34,24.56,24.56
RM-24676,Por cerrar,Estimado,2026-08-31,2026-08-31,OPP-0000000228,026-0012115,F 004-00002253,[51002680] ENFRIADOR DE ACEITE HIDRAULICO P/ DERUI DRWJ-1 ,1.0,OPERACIONES MINERAS SAN PEDRO SOCIEDAD ANONIMA CERRADA,Arnold Hernández,3.352,1018.75,1084.78,303.92,323.62,Componente,10220005,CARTON CORRUGADO ROLLO 1.64 MT X 50 KG=5 (6 METROS),kg,0.45,0.45,2.6,2.6,0.78,0.78
RM-24676,Por cerrar,Estimado,2026-08-31,2026-08-31,OPP-0000000228,026-0012115,F 004-00002253,[51002680] ENFRIADOR DE ACEITE HIDRAULICO P/ DERUI DRWJ-1 ,1.0,OPERACIONES MINERAS SAN PEDRO SOCIEDAD ANONIMA CERRADA,Arnold Hernández,3.352,1018.75,1084.78,303.92,323.62,Operacion,,INSPECCION,Minutos,22.8,22.8,0.0,5.8558,0.0,1.75
RM-24676,Por cerrar,Estimado,2026-08-31,2026-08-31,OPP-0000000228,026-0012115,F 004-00002253,[51002680] ENFRIADOR DE ACEITE HIDRAULICO P/ DERUI DRWJ-1 ,1.0,OPERACIONES MINERAS SAN PEDRO SOCIEDAD ANONIMA CERRADA,Arnold Hernández,3.352,1018.75,1084.78,303.92,323.62,Operacion,,LAVADO,Minutos,68.91999999999999,68.91999999999999,0.0,19.963826666666662,0.0,5.96
RM-24676,Por cerrar,Estimado,2026-08-31,2026-08-31,OPP-0000000228,026-0012115,F 004-00002253,[51002680] ENFRIADOR DE ACEITE HIDRAULICO P/ DERUI DRWJ-1 ,1.0,OPERACIONES MINERAS SAN PEDRO SOCIEDAD ANONIMA CERRADA,Arnold Hernández,3.352,1018.75,1084.78,303.92,323.62,Operacion,,PRUEBA NEUMATICAO,Minutos,40.05,40.05,0.0,11.14725,0.0,3.33
RM-24676,Por cerrar,Estimado,2026-08-31,2026-08-31,OPP-0000000228,026-0012115,F 004-00002253,[51002680] ENFRIADOR DE ACEITE HIDRAULICO P/ DERUI DRWJ-1 ,1.0,OPERACIONES MINERAS SAN PEDRO SOCIEDAD ANONIMA CERRADA,Arnold Hernández,3.352,1018.75,1084.78,303.92,323.62,Operacion,,FABRICACION DE EMBALAJE MADERA,Minutos,82.2,82.2,0.0,23.139300000000002,0.0,6.9
RM-24676,Por cerrar,Estimado,2026-08-31,2026-08-31,OPP-0000000228,026-0012115,F 004-00002253,[51002680] ENFRIADOR DE ACEITE HIDRAULICO P/ DERUI DRWJ-1 ,1.0,OPERACIONES MINERAS SAN PEDRO SOCIEDAD ANONIMA CERRADA,Arnold Hernández,3.352,1018.75,1084.78,303.92,323.62,Operacion,,EMBALAJE,Minutos,21.03,21.03,0.0,5.919945000000001,0.0,1.77
RM-24678,En progreso,Estimado,2026-09-02,2026-09-02,OPP-0000000249,026-0012125,F 004-00002291,[51003021] ENFRIADOR DE ACEITEP/ COMPRESOR IR RS335IE ,1.0,LA LLAVE S.A.,Jeancarlos Castillo,3.369,393.97,507.27000000000004,116.94,150.57,Componente,10480007,ADITIVO ACRILICO - THINNER (CILINDRO 55 GALONES),gal (US),1.0,1.0,25.76,25.76,7.65,7.65
RM-24678,En progreso,Estimado,2026-09-02,2026-09-02,OPP-0000000249,026-0012125,F 004-00002291,[51003021] ENFRIADOR DE ACEITEP/ COMPRESOR IR RS335IE ,1.0,LA LLAVE S.A.,Jeancarlos Castillo,3.369,393.97,507.27000000000004,116.94,150.57,Componente,10480017,PINTURA ESMALTE INDUSTRIAL NEGRO-MATE 1GL ,gal (US),1.0,1.0,58.65,58.65,17.41,17.41
RM-24678,En progreso,Estimado,2026-09-02,2026-09-02,OPP-0000000249,026-0012125,F 004-00002291,[51003021] ENFRIADOR DE ACEITEP/ COMPRESOR IR RS335IE ,1.0,LA LLAVE S.A.,Jeancarlos Castillo,3.369,393.97,507.27000000000004,116.94,150.57,Componente,10220120,"STRETCH FILM TRANSPARENTE BOBINA 18"" X 20 MICRAS X 02 KG",Ro,1.0,1.0,22.96,22.96,6.82,6.82
RM-24678,En progreso,Estimado,2026-09-02,2026-09-02,OPP-0000000249,026-0012125,F 004-00002291,[51003021] ENFRIADOR DE ACEITEP/ COMPRESOR IR RS335IE ,1.0,LA LLAVE S.A.,Jeancarlos Castillo,3.369,393.97,507.27000000000004,116.94,150.57,Componente,10220105,"LISTON MADERA CATAHUA 1"" x 4"" X 10┤",Units,10.0,10.0,164.68,164.68,48.88,48.88
RM-24678,En progreso,Estimado,2026-09-02,2026-09-02,OPP-0000000249,026-0012125,F 004-00002291,[51003021] ENFRIADOR DE ACEITEP/ COMPRESOR IR RS335IE ,1.0,LA LLAVE S.A.,Jeancarlos Castillo,3.369,393.97,507.27000000000004,116.94,150.57,Componente,10220011,"LISTON MADERA COPAHIBA 1 3/4"" * 3 1/2"" * 8┤",Units,2.0,2.0,73.07000000000001,91.76,21.69,27.24
RM-24678,En progreso,Estimado,2026-09-02,2026-09-02,OPP-0000000249,026-0012125,F 004-00002291,[51003021] ENFRIADOR DE ACEITEP/ COMPRESOR IR RS335IE ,1.0,LA LLAVE S.A.,Jeancarlos Castillo,3.369,393.97,507.27000000000004,116.94,150.57,Componente,10220001,"CLAVO MADERA PISTOLA 1 1/2"" (CAJA 30 ROLLOS)",Ro,1.0,1.0,2.18,2.18,0.65,0.65
RM-24678,En progreso,Estimado,2026-09-02,2026-09-02,OPP-0000000249,026-0012125,F 004-00002291,[51003021] ENFRIADOR DE ACEITEP/ COMPRESOR IR RS335IE ,1.0,LA LLAVE S.A.,Jeancarlos Castillo,3.369,393.97,507.27000000000004,116.94,150.57,Componente,10220002,"CLAVO MADERA PISTOLA 2"" (CAJA 30 ROLLOS / 28 KG)",Ro,1.0,1.0,3.62,3.62,1.07,1.07
RM-24678,En progreso,Estimado,2026-09-02,2026-09-02,OPP-0000000249,026-0012125,F 004-00002291,[51003021] ENFRIADOR DE ACEITEP/ COMPRESOR IR RS335IE ,1.0,LA LLAVE S.A.,Jeancarlos Castillo,3.369,393.97,507.27000000000004,116.94,150.57,Componente,10220005,CARTON CORRUGADO ROLLO 1.64 MT X 50 KG=5 (6 METROS),kg,3.6,3.6,22.5,20.76,6.68,6.16
RM-24678,En progreso,Estimado,2026-09-02,2026-09-02,OPP-0000000249,026-0012125,F 004-00002291,[51003021] ENFRIADOR DE ACEITEP/ COMPRESOR IR RS335IE ,1.0,LA LLAVE S.A.,Jeancarlos Castillo,3.369,393.97,507.27000000000004,116.94,150.57,Operacion,,INSPECCION,Minutos,21.15,21.15,5.136666666666667,5.432024999999999,1.52,1.61
RM-24678,En progreso,Estimado,2026-09-02,2026-09-02,OPP-0000000249,026-0012125,F 004-00002291,[51003021] ENFRIADOR DE ACEITEP/ COMPRESOR IR RS335IE ,1.0,LA LLAVE S.A.,Jeancarlos Castillo,3.369,393.97,507.27000000000004,116.94,150.57,Operacion,,LAVADO,Minutos,137.43,137.43,0.0,39.80889,0.0,11.82
RM-24678,En progreso,Estimado,2026-09-02,2026-09-02,OPP-0000000249,026-0012125,F 004-00002291,[51003021] ENFRIADOR DE ACEITEP/ COMPRESOR IR RS335IE ,1.0,LA LLAVE S.A.,Jeancarlos Castillo,3.369,393.97,507.27000000000004,116.94,150.57,Operacion,,ARMADO DE CAJA DE MADERA,Minutos,279.0,279.0,15.41,71.65650000000001,4.57,21.27
RM-24678,En progreso,Estimado,2026-09-02,2026-09-02,OPP-0000000249,026-0012125,F 004-00002291,[51003021] ENFRIADOR DE ACEITEP/ COMPRESOR IR RS335IE ,1.0,LA LLAVE S.A.,Jeancarlos Castillo,3.369,393.97,507.27000000000004,116.94,150.57,Operacion,,EMBALAGE,Minutos,0.0,0.0,0.0,0.0,0.0,0.0
RM-24614,Terminado,Real,2026-09-04,2026-09-08,OPP-0000000028,026-0011993,F 004-00002304,[51002030] ENFRIADOR DE ACEITE TUBULAR GL140 P/. SIMBA S7D EPIROC 9106161861 BROCAL (copiar),1.0,FAMAX SEAL PERU S.A.C,Manuel Alvarez,3.373,1859.15,1859.15,551.19,551.19,Componente,10160006,PETROLEO DIESEL D2,gal (US),0.5,0.5,12.05,12.05,3.57,3.57
RM-24614,Terminado,Real,2026-09-04,2026-09-08,OPP-0000000028,026-0011993,F 004-00002304,[51002030] ENFRIADOR DE ACEITE TUBULAR GL140 P/. SIMBA S7D EPIROC 9106161861 BROCAL (copiar),1.0,FAMAX SEAL PERU S.A.C,Manuel Alvarez,3.373,1859.15,1859.15,551.19,551.19,Componente,10300051,"CINTA TEFLON SHURTAPE 1/2""",Ro,1.0,1.0,0.43,0.43,0.13,0.13
RM-24614,Terminado,Real,2026-09-04,2026-09-08,OPP-0000000028,026-0011993,F 004-00002304,[51002030] ENFRIADOR DE ACEITE TUBULAR GL140 P/. SIMBA S7D EPIROC 9106161861 BROCAL (copiar),1.0,FAMAX SEAL PERU S.A.C,Manuel Alvarez,3.373,1859.15,1859.15,551.19,551.19,Componente,10480007,ADITIVO ACRILICO - THINNER (CILINDRO 55 GALONES),gal (US),0.25,0.25,6.44,6.44,1.91,1.91
RM-24614,Terminado,Real,2026-09-04,2026-09-08,OPP-0000000028,026-0011993,F 004-00002304,[51002030] ENFRIADOR DE ACEITE TUBULAR GL140 P/. SIMBA S7D EPIROC 9106161861 BROCAL (copiar),1.0,FAMAX SEAL PERU S.A.C,Manuel Alvarez,3.373,1859.15,1859.15,551.19,551.19,Componente,10300463,TRAPO INDUSTRIAL COLORES,kg,1.0,1.0,2.91,2.91,0.86,0.86
RM-24614,Terminado,Real,2026-09-04,2026-09-08,OPP-0000000028,026-0011993,F 004-00002304,[51002030] ENFRIADOR DE ACEITE TUBULAR GL140 P/. SIMBA S7D EPIROC 9106161861 BROCAL (copiar),1.0,FAMAX SEAL PERU S.A.C,Manuel Alvarez,3.373,1859.15,1859.15,551.19,551.19,Componente,10240115,ORING NITRILO 2-349 ( Ø5.33 * 113.67) FG120,Units,2.0,2.0,6.23,6.23,1.85,1.85
RM-24614,Terminado,Real,2026-09-04,2026-09-08,OPP-0000000028,026-0011993,F 004-00002304,[51002030] ENFRIADOR DE ACEITE TUBULAR GL140 P/. SIMBA S7D EPIROC 9106161861 BROCAL (copiar),1.0,FAMAX SEAL PERU S.A.C,Manuel Alvarez,3.373,1859.15,1859.15,551.19,551.19,Componente,10460295,PERNO SOCKET ALLEN FIERRO NEGRO G-8 UNC M8 35mm,Units,8.0,8.0,3.71,3.71,1.1,1.1
RM-24614,Terminado,Real,2026-09-04,2026-09-08,OPP-0000000028,026-0011993,F 004-00002304,[51002030] ENFRIADOR DE ACEITE TUBULAR GL140 P/. SIMBA S7D EPIROC 9106161861 BROCAL (copiar),1.0,FAMAX SEAL PERU S.A.C,Manuel Alvarez,3.373,1859.15,1859.15,551.19,551.19,Componente,40200081,CARCASA BOWMAN FG120 1427-3TC CASCO AL. FG12-1650-3AL,Units,1.0,1.0,1737.18,1737.18,515.03,515.03
RM-24614,Terminado,Real,2026-09-04,2026-09-08,OPP-0000000028,026-0011993,F 004-00002304,[51002030] ENFRIADOR DE ACEITE TUBULAR GL140 P/. SIMBA S7D EPIROC 9106161861 BROCAL (copiar),1.0,FAMAX SEAL PERU S.A.C,Manuel Alvarez,3.373,1859.15,1859.15,551.19,551.19,Operacion,,MANTENIMIENTO: RM-24614 - INSPECCION,Horas,0.5825,0.5825,8.98,8.98,2.66,2.66
RM-24614,Terminado,Real,2026-09-04,2026-09-08,OPP-0000000028,026-0011993,F 004-00002304,[51002030] ENFRIADOR DE ACEITE TUBULAR GL140 P/. SIMBA S7D EPIROC 9106161861 BROCAL (copiar),1.0,FAMAX SEAL PERU S.A.C,Manuel Alvarez,3.373,1859.15,1859.15,551.19,551.19,Operacion,,LAVADO: RM-24614 - LAVADO,Horas,0.844,0.844,14.67,14.67,4.35,4.35
RM-24614,Terminado,Real,2026-09-04,2026-09-08,OPP-0000000028,026-0011993,F 004-00002304,[51002030] ENFRIADOR DE ACEITE TUBULAR GL140 P/. SIMBA S7D EPIROC 9106161861 BROCAL (copiar),1.0,FAMAX SEAL PERU S.A.C,Manuel Alvarez,3.373,1859.15,1859.15,551.19,551.19,Operacion,,PRUEBAS: RM-24614 - PRUEBA,Horas,1.2496666666666665,1.2496666666666665,20.87,20.87,6.19,6.19
RM-24614,Terminado,Real,2026-09-04,2026-09-08,OPP-0000000028,026-0011993,F 004-00002304,[51002030] ENFRIADOR DE ACEITE TUBULAR GL140 P/. SIMBA S7D EPIROC 9106161861 BROCAL (copiar),1.0,FAMAX SEAL PERU S.A.C,Manuel Alvarez,3.373,1859.15,1859.15,551.19,551.19,Operacion,,MANTENIMIENTO: RM-24614 - MANTENIMIENTO,Horas,2.4166666666666665,2.4166666666666665,37.24,37.24,11.04,11.04
RM-24614,Terminado,Real,2026-09-04,2026-09-08,OPP-0000000028,026-0011993,F 004-00002304,[51002030] ENFRIADOR DE ACEITE TUBULAR GL140 P/. SIMBA S7D EPIROC 9106161861 BROCAL (copiar),1.0,FAMAX SEAL PERU S.A.C,Manuel Alvarez,3.373,1859.15,1859.15,551.19,551.19,Operacion,,PINTURA: RM-24614 - PINTADO,Horas,0.45,0.45,8.44,8.44,2.5,2.5
RM-24614,Terminado,Real,2026-09-04,2026-09-08,OPP-0000000028,026-0011993,F 004-00002304,[51002030] ENFRIADOR DE ACEITE TUBULAR GL140 P/. SIMBA S7D EPIROC 9106161861 BROCAL (copiar),1.0,FAMAX SEAL PERU S.A.C,Manuel Alvarez,3.373,1859.15,1859.15,551.19,551.19,Operacion,,QUINTANA TACSA ANGEL VICENTE: RM-24614 - INSPECCION,Horas,0.5825,0.5825,0.0,0.0,0.0,0.0
RM-24614,Terminado,Real,2026-09-04,2026-09-08,OPP-0000000028,026-0011993,F 004-00002304,[51002030] ENFRIADOR DE ACEITE TUBULAR GL140 P/. SIMBA S7D EPIROC 9106161861 BROCAL (copiar),1.0,FAMAX SEAL PERU S.A.C,Manuel Alvarez,3.373,1859.15,1859.15,551.19,551.19,Operacion,,SEGUNDO ALEJANDRO SANTILLAN ZUÑIGA: RM-24614 - LAVADO,Horas,0.8438333333333333,0.8438333333333333,0.0,0.0,0.0,0.0
RM-24614,Terminado,Real,2026-09-04,2026-09-08,OPP-0000000028,026-0011993,F 004-00002304,[51002030] ENFRIADOR DE ACEITE TUBULAR GL140 P/. SIMBA S7D EPIROC 9106161861 BROCAL (copiar),1.0,FAMAX SEAL PERU S.A.C,Manuel Alvarez,3.373,1859.15,1859.15,551.19,551.19,Operacion,,SEGUNDO ALEJANDRO SANTILLAN ZUÑIGA: RM-24614 - PRUEBA,Horas,1.2498333333333336,1.2498333333333336,0.0,0.0,0.0,0.0
RM-24614,Terminado,Real,2026-09-04,2026-09-08,OPP-0000000028,026-0011993,F 004-00002304,[51002030] ENFRIADOR DE ACEITE TUBULAR GL140 P/. SIMBA S7D EPIROC 9106161861 BROCAL (copiar),1.0,FAMAX SEAL PERU S.A.C,Manuel Alvarez,3.373,1859.15,1859.15,551.19,551.19,Operacion,,SEGUNDO ALEJANDRO SANTILLAN ZUÑIGA: RM-24614 - MANTENIMIENTO,Horas,2.4166666666666665,2.4166666666666665,0.0,0.0,0.0,0.0
RM-24614,Terminado,Real,2026-09-04,2026-09-08,OPP-0000000028,026-0011993,F 004-00002304,[51002030] ENFRIADOR DE ACEITE TUBULAR GL140 P/. SIMBA S7D EPIROC 9106161861 BROCAL (copiar),1.0,FAMAX SEAL PERU S.A.C,Manuel Alvarez,3.373,1859.15,1859.15,551.19,551.19,Operacion,,SEGUNDO ALEJANDRO SANTILLAN ZUÑIGA: RM-24614 - PINTADO,Horas,0.45,0.45,0.0,0.0,0.0,0.0
RM-24701,Terminado,Real,2026-09-08,2026-09-08,OPP-0000000313,026-0012190,F 004-00002295,[51001993] FLEJE ACERO GALVANIZADO 0.4 MM X 12.5 MM (copiar),99.8,L & G INTERNATIONAL PARTS S.A.C.,Asistente Comercial,3.369,457.8,457.8,135.89,135.89,Componente,51002111,MANIFOLD EXH C18 NP 142-4162 SOLPED 3100221775 - 8500333801 (copiar),kg,99.8,99.8,0.0,0.0,0.0,0.0
RM-24701,Terminado,Real,2026-09-08,2026-09-08,OPP-0000000313,026-0012190,F 004-00002295,[51001993] FLEJE ACERO GALVANIZADO 0.4 MM X 12.5 MM (copiar),99.8,L & G INTERNATIONAL PARTS S.A.C.,Asistente Comercial,3.369,457.8,457.8,135.89,135.89,Operacion,,RIZADO FLEJE: RM-24701 - RIZADO,Horas,13.500833333333333,13.500833333333333,440.90000000000003,440.90000000000003,130.87,130.87
RM-24701,Terminado,Real,2026-09-08,2026-09-08,OPP-0000000313,026-0012190,F 004-00002295,[51001993] FLEJE ACERO GALVANIZADO 0.4 MM X 12.5 MM (copiar),99.8,L & G INTERNATIONAL PARTS S.A.C.,Asistente Comercial,3.369,457.8,457.8,135.89,135.89,Operacion,,EMBALAJE: RM-24701 - EMBALADO,Horas,1.0005,1.0005,16.9,16.9,5.02,5.02
RM-24701,Terminado,Real,2026-09-08,2026-09-08,OPP-0000000313,026-0012190,F 004-00002295,[51001993] FLEJE ACERO GALVANIZADO 0.4 MM X 12.5 MM (copiar),99.8,L & G INTERNATIONAL PARTS S.A.C.,Asistente Comercial,3.369,457.8,457.8,135.89,135.89,Operacion,,RICHARD EMERSON CAÑARI TORRES: RM-24701 - RIZADO,Horas,13.500833333333333,13.500833333333333,0.0,0.0,0.0,0.0
RM-24701,Terminado,Real,2026-09-08,2026-09-08,OPP-0000000313,026-0012190,F 004-00002295,[51001993] FLEJE ACERO GALVANIZADO 0.4 MM X 12.5 MM (copiar),99.8,L & G INTERNATIONAL PARTS S.A.C.,Asistente Comercial,3.369,457.8,457.8,135.89,135.89,Operacion,,RICHARD EMERSON CAÑARI TORRES: RM-24701 - EMBALADO,Horas,1.0005,1.0005,0.0,0.0,0.0,0.0
RM-24693,Terminado,Real,2026-09-08,2026-09-08,OPP-0000000287,026-0012158,F 004-00002287,[51001993] FLEJE ACERO GALVANIZADO 0.4 MM X 12.5 MM (copiar),99.8,L & G INTERNATIONAL PARTS S.A.C.,Asistente Comercial,3.365,523.66,523.66,155.62,155.62,Componente,51002111,MANIFOLD EXH C18 NP 142-4162 SOLPED 3100221775 - 8500333801 (copiar),kg,99.8,99.8,0.0,0.0,0.0,0.0
RM-24693,Terminado,Real,2026-09-08,2026-09-08,OPP-0000000287,026-0012158,F 004-00002287,[51001993] FLEJE ACERO GALVANIZADO 0.4 MM X 12.5 MM (copiar),99.8,L & G INTERNATIONAL PARTS S.A.C.,Asistente Comercial,3.365,523.66,523.66,155.62,155.62,Operacion,,RIZADO FLEJE: RM-24693 - RIZADO,Horas,15.000499999999999,15.000499999999999,489.87,489.87,145.58,145.58
RM-24693,Terminado,Real,2026-09-08,2026-09-08,OPP-0000000287,026-0012158,F 004-00002287,[51001993] FLEJE ACERO GALVANIZADO 0.4 MM X 12.5 MM (copiar),99.8,L & G INTERNATIONAL PARTS S.A.C.,Asistente Comercial,3.365,523.66,523.66,155.62,155.62,Operacion,,EMBALAJE: RM-24693 - EMBALAJE,Horas,2.0005,2.0005,33.79,33.79,10.04,10.04
RM-24693,Terminado,Real,2026-09-08,2026-09-08,OPP-0000000287,026-0012158,F 004-00002287,[51001993] FLEJE ACERO GALVANIZADO 0.4 MM X 12.5 MM (copiar),99.8,L & G INTERNATIONAL PARTS S.A.C.,Asistente Comercial,3.365,523.66,523.66,155.62,155.62,Operacion,,RICHARD EMERSON CAÑARI TORRES: RM-24693 - RIZADO,Horas,15.000499999999999,15.000499999999999,0.0,0.0,0.0,0.0
RM-24693,Terminado,Real,2026-09-08,2026-09-08,OPP-0000000287,026-0012158,F 004-00002287,[51001993] FLEJE ACERO GALVANIZADO 0.4 MM X 12.5 MM (copiar),99.8,L & G INTERNATIONAL PARTS S.A.C.,Asistente Comercial,3.365,523.66,523.66,155.62,155.62,Operacion,,RICHARD EMERSON CAÑARI TORRES: RM-24693 - EMBALAJE,Horas,2.0005,2.0005,0.0,0.0,0.0,0.0
RM-24681,Terminado,Real,2026-09-11,2026-09-11,OPP-0000000090,026-0012060,F 004-00002290,"[40600398] ENFRIADOR SIST. ACEITE T/ PLACAS CAT R1600H, 10PL (copiar)",1.0,JRC INGENIERÍA Y CONSTRUCCIÓN S.A.C.,Arnold Hernández,3.365,1812.74,1812.74,538.7,538.7,Componente,40600445,CONCENTRADOR P/ ENFRIADOR S1D_S7D 6060000761 (3217751236),Units,1.0,1.0,405.0,405.0,120.36,120.36
RM-24681,Terminado,Real,2026-09-11,2026-09-11,OPP-0000000090,026-0012060,F 004-00002290,"[40600398] ENFRIADOR SIST. ACEITE T/ PLACAS CAT R1600H, 10PL (copiar)",1.0,JRC INGENIERÍA Y CONSTRUCCIÓN S.A.C.,Arnold Hernández,3.365,1812.74,1812.74,538.7,538.7,Componente,40600428,VENTILADOR HEATEX P/ENFRIADOR S1D_S7D 3217751236,Units,1.0,1.0,326.1,326.1,96.91,96.91
RM-24681,Terminado,Real,2026-09-11,2026-09-11,OPP-0000000090,026-0012060,F 004-00002290,"[40600398] ENFRIADOR SIST. ACEITE T/ PLACAS CAT R1600H, 10PL (copiar)",1.0,JRC INGENIERÍA Y CONSTRUCCIÓN S.A.C.,Arnold Hernández,3.365,1812.74,1812.74,538.7,538.7,Componente,40600448,SOPORTE LATERAL DERECHO P/ ENFRIADOR S1D_S7D (3217751236),Units,1.0,1.0,135.0,135.0,40.12,40.12
RM-24681,Terminado,Real,2026-09-11,2026-09-11,OPP-0000000090,026-0012060,F 004-00002290,"[40600398] ENFRIADOR SIST. ACEITE T/ PLACAS CAT R1600H, 10PL (copiar)",1.0,JRC INGENIERÍA Y CONSTRUCCIÓN S.A.C.,Arnold Hernández,3.365,1812.74,1812.74,538.7,538.7,Componente,40600449,SOPORTE LATERAL IZQUIERDO P/ ENFRIADOR S1D_S7D (3217751236),Units,1.0,1.0,135.0,135.0,40.12,40.12
RM-24681,Terminado,Real,2026-09-11,2026-09-11,OPP-0000000090,026-0012060,F 004-00002290,"[40600398] ENFRIADOR SIST. ACEITE T/ PLACAS CAT R1600H, 10PL (copiar)",1.0,JRC INGENIERÍA Y CONSTRUCCIÓN S.A.C.,Arnold Hernández,3.365,1812.74,1812.74,538.7,538.7,Componente,10460346,TUERCA HEXAGONAL ACERO INOXIDABLE 304 UNC M08,Units,4.0,4.0,0.93,0.93,0.28,0.28
RM-24681,Terminado,Real,2026-09-11,2026-09-11,OPP-0000000090,026-0012060,F 004-00002290,"[40600398] ENFRIADOR SIST. ACEITE T/ PLACAS CAT R1600H, 10PL (copiar)",1.0,JRC INGENIERÍA Y CONSTRUCCIÓN S.A.C.,Arnold Hernández,3.365,1812.74,1812.74,538.7,538.7,Componente,10460018,ARANDELA PLANA GALVANIZADA G-5 M10,Units,18.0,18.0,1.31,1.31,0.39,0.39
RM-24681,Terminado,Real,2026-09-11,2026-09-11,OPP-0000000090,026-0012060,F 004-00002290,"[40600398] ENFRIADOR SIST. ACEITE T/ PLACAS CAT R1600H, 10PL (copiar)",1.0,JRC INGENIERÍA Y CONSTRUCCIÓN S.A.C.,Arnold Hernández,3.365,1812.74,1812.74,538.7,538.7,Componente,10460134,"PERNO HEXAGONAL FIERRO NEGRO G-8 UNC 3/8"" * 1""",Units,8.0,8.0,2.27,2.27,0.67,0.67
RM-24681,Terminado,Real,2026-09-11,2026-09-11,OPP-0000000090,026-0012060,F 004-00002290,"[40600398] ENFRIADOR SIST. ACEITE T/ PLACAS CAT R1600H, 10PL (copiar)",1.0,JRC INGENIERÍA Y CONSTRUCCIÓN S.A.C.,Arnold Hernández,3.365,1812.74,1812.74,538.7,538.7,Componente,10460654,PERNO HEXAGONAL TROPICALIZADO 8.8 UNC M10 X 20,Units,10.0,10.0,7.8,7.8,2.32,2.32
RM-24681,Terminado,Real,2026-09-11,2026-09-11,OPP-0000000090,026-0012060,F 004-00002290,"[40600398] ENFRIADOR SIST. ACEITE T/ PLACAS CAT R1600H, 10PL (copiar)",1.0,JRC INGENIERÍA Y CONSTRUCCIÓN S.A.C.,Arnold Hernández,3.365,1812.74,1812.74,538.7,538.7,Componente,10460396,ARANDELA PRESION ACERO INOXIDABLE 304 M08,Units,4.0,4.0,1.26,1.26,0.37,0.37
RM-24681,Terminado,Real,2026-09-11,2026-09-11,OPP-0000000090,026-0012060,F 004-00002290,"[40600398] ENFRIADOR SIST. ACEITE T/ PLACAS CAT R1600H, 10PL (copiar)",1.0,JRC INGENIERÍA Y CONSTRUCCIÓN S.A.C.,Arnold Hernández,3.365,1812.74,1812.74,538.7,538.7,Componente,10460040,"ARANDELA PRESION FIERRO NEGRO G-8 3/8""",Units,4.0,4.0,0.17,0.17,0.05,0.05
RM-24681,Terminado,Real,2026-09-11,2026-09-11,OPP-0000000090,026-0012060,F 004-00002290,"[40600398] ENFRIADOR SIST. ACEITE T/ PLACAS CAT R1600H, 10PL (copiar)",1.0,JRC INGENIERÍA Y CONSTRUCCIÓN S.A.C.,Arnold Hernández,3.365,1812.74,1812.74,538.7,538.7,Componente,10460026,ARANDELA PLANA ACERO INOXIDABLE 304 M08,Units,4.0,4.0,0.34,0.34,0.1,0.1
RM-24681,Terminado,Real,2026-09-11,2026-09-11,OPP-0000000090,026-0012060,F 004-00002290,"[40600398] ENFRIADOR SIST. ACEITE T/ PLACAS CAT R1600H, 10PL (copiar)",1.0,JRC INGENIERÍA Y CONSTRUCCIÓN S.A.C.,Arnold Hernández,3.365,1812.74,1812.74,538.7,538.7,Componente,10460228,PERNO HEXAGONAL GALVANIZADO G-5 UNC M10 x 20mm,Units,4.0,4.0,1.1300000000000001,1.1300000000000001,0.34,0.34
RM-24681,Terminado,Real,2026-09-11,2026-09-11,OPP-0000000090,026-0012060,F 004-00002290,"[40600398] ENFRIADOR SIST. ACEITE T/ PLACAS CAT R1600H, 10PL (copiar)",1.0,JRC INGENIERÍA Y CONSTRUCCIÓN S.A.C.,Arnold Hernández,3.365,1812.74,1812.74,538.7,538.7,Componente,10200323,MOTOR 5HP 1750 RPM VOLTAJE 220/380/440V DELCROSA (copiar),Units,1.0,1.0,760.29,760.29,225.94,225.94
RM-24681,Terminado,Real,2026-09-11,2026-09-11,OPP-0000000090,026-0012060,F 004-00002290,"[40600398] ENFRIADOR SIST. ACEITE T/ PLACAS CAT R1600H, 10PL (copiar)",1.0,JRC INGENIERÍA Y CONSTRUCCIÓN S.A.C.,Arnold Hernández,3.365,1812.74,1812.74,538.7,538.7,Componente,10460294,PERNO SOCKET ALLEN FIERRO NEGRO G-8 UNC M8 30mm,Units,4.0,4.0,2.4,2.4,0.71,0.71
RM-24681,Terminado,Real,2026-09-11,2026-09-11,OPP-0000000090,026-0012060,F 004-00002290,"[40600398] ENFRIADOR SIST. ACEITE T/ PLACAS CAT R1600H, 10PL (copiar)",1.0,JRC INGENIERÍA Y CONSTRUCCIÓN S.A.C.,Arnold Hernández,3.365,1812.74,1812.74,538.7,538.7,Componente,10460045,ARANDELA PRESION FIERRO NEGRO G-8 M08,Units,4.0,4.0,0.12,0.12,0.04,0.04
RM-24681,Terminado,Real,2026-09-11,2026-09-11,OPP-0000000090,026-0012060,F 004-00002290,"[40600398] ENFRIADOR SIST. ACEITE T/ PLACAS CAT R1600H, 10PL (copiar)",1.0,JRC INGENIERÍA Y CONSTRUCCIÓN S.A.C.,Arnold Hernández,3.365,1812.74,1812.74,538.7,538.7,Componente,10460017,ARANDELA PLANA GALVANIZADA G-5 M08,Units,8.0,8.0,0.28,0.28,0.08,0.08
RM-24681,Terminado,Real,2026-09-11,2026-09-11,OPP-0000000090,026-0012060,F 004-00002290,"[40600398] ENFRIADOR SIST. ACEITE T/ PLACAS CAT R1600H, 10PL (copiar)",1.0,JRC INGENIERÍA Y CONSTRUCCIÓN S.A.C.,Arnold Hernández,3.365,1812.74,1812.74,538.7,538.7,Componente,10460362,TUERCA HEXAGONAL FIERRO NEGRO G-8 UNC M08,Units,4.0,4.0,0.26,0.26,0.08,0.08
RM-24681,Terminado,Real,2026-09-11,2026-09-11,OPP-0000000090,026-0012060,F 004-00002290,"[40600398] ENFRIADOR SIST. ACEITE T/ PLACAS CAT R1600H, 10PL (copiar)",1.0,JRC INGENIERÍA Y CONSTRUCCIÓN S.A.C.,Arnold Hernández,3.365,1812.74,1812.74,538.7,538.7,Componente,10460180,PERNO HEXAGONAL FIERRO NEGRO G-8 UNC M08 * 25,Units,8.0,8.0,1.73,1.73,0.51,0.51
RM-24681,Terminado,Real,2026-09-11,2026-09-11,OPP-0000000090,026-0012060,F 004-00002290,"[40600398] ENFRIADOR SIST. ACEITE T/ PLACAS CAT R1600H, 10PL (copiar)",1.0,JRC INGENIERÍA Y CONSTRUCCIÓN S.A.C.,Arnold Hernández,3.365,1812.74,1812.74,538.7,538.7,Componente,10460045,ARANDELA PRESION FIERRO NEGRO G-8 M08,Units,8.0,8.0,0.24,0.24,0.07,0.07
RM-24681,Terminado,Real,2026-09-11,2026-09-11,OPP-0000000090,026-0012060,F 004-00002290,"[40600398] ENFRIADOR SIST. ACEITE T/ PLACAS CAT R1600H, 10PL (copiar)",1.0,JRC INGENIERÍA Y CONSTRUCCIÓN S.A.C.,Arnold Hernández,3.365,1812.74,1812.74,538.7,538.7,Componente,10460017,ARANDELA PLANA GALVANIZADA G-5 M08,Units,8.0,8.0,0.28,0.28,0.08,0.08
RM-24681,Terminado,Real,2026-09-11,2026-09-11,OPP-0000000090,026-0012060,F 004-00002290,"[40600398] ENFRIADOR SIST. ACEITE T/ PLACAS CAT R1600H, 10PL (copiar)",1.0,JRC INGENIERÍA Y CONSTRUCCIÓN S.A.C.,Arnold Hernández,3.365,1812.74,1812.74,538.7,538.7,Operacion,,MANTENIMIENTO: RM-24681 - ENSAMBLADO,Horas,2.0003333333333333,2.0003333333333333,30.830000000000002,30.830000000000002,9.16,9.16
RM-24681,Terminado,Real,2026-09-11,2026-09-11,OPP-0000000090,026-0012060,F 004-00002290,"[40600398] ENFRIADOR SIST. ACEITE T/ PLACAS CAT R1600H, 10PL (copiar)",1.0,JRC INGENIERÍA Y CONSTRUCCIÓN S.A.C.,Arnold Hernández,3.365,1812.74,1812.74,538.7,538.7,Operacion,,RICHARD EMERSON CAÑARI TORRES: RM-24681 - ENSAMBLADO,Horas,2.0003333333333333,2.0003333333333333,0.0,0.0,0.0,0.0
RM-24723,Por cerrar,Estimado,2026-09-11,2026-09-11,OPP-0000000393,026-0012255,F 004-00002310,"[40600398] ENFRIADOR SIST. ACEITE T/ PLACAS CAT R1600H, 10PL (copiar)",1.0,JRC INGENIERÍA Y CONSTRUCCIÓN S.A.C.,Arnold Hernández,3.371,3374.96,3374.96,1001.17,1001.17,Componente,40600113,ENFRIADOR SISTEMA DE ACEITE TRAN. P / JUMBO S7D 6060003915,Units,1.0,1.0,1337.25,1337.25,396.69,396.69
RM-24723,Por cerrar,Estimado,2026-09-11,2026-09-11,OPP-0000000393,026-0012255,F 004-00002310,"[40600398] ENFRIADOR SIST. ACEITE T/ PLACAS CAT R1600H, 10PL (copiar)",1.0,JRC INGENIERÍA Y CONSTRUCCIÓN S.A.C.,Arnold Hernández,3.371,3374.96,3374.96,1001.17,1001.17,Componente,40600445,CONCENTRADOR P/ ENFRIADOR S1D_S7D 6060000761 (3217751236),Units,1.0,1.0,405.0,405.0,120.14,120.14
RM-24723,Por cerrar,Estimado,2026-09-11,2026-09-11,OPP-0000000393,026-0012255,F 004-00002310,"[40600398] ENFRIADOR SIST. ACEITE T/ PLACAS CAT R1600H, 10PL (copiar)",1.0,JRC INGENIERÍA Y CONSTRUCCIÓN S.A.C.,Arnold Hernández,3.371,3374.96,3374.96,1001.17,1001.17,Componente,40600428,VENTILADOR HEATEX P/ENFRIADOR S1D_S7D 3217751236,Units,1.0,1.0,326.1,326.1,96.74,96.74
RM-24723,Por cerrar,Estimado,2026-09-11,2026-09-11,OPP-0000000393,026-0012255,F 004-00002310,"[40600398] ENFRIADOR SIST. ACEITE T/ PLACAS CAT R1600H, 10PL (copiar)",1.0,JRC INGENIERÍA Y CONSTRUCCIÓN S.A.C.,Arnold Hernández,3.371,3374.96,3374.96,1001.17,1001.17,Componente,40600446,REJILLA PROTECCION P/ ENFRIADOR S1D_S7D 6060000763 (3217751236),Units,1.0,1.0,270.0,270.0,80.09,80.09
RM-24723,Por cerrar,Estimado,2026-09-11,2026-09-11,OPP-0000000393,026-0012255,F 004-00002310,"[40600398] ENFRIADOR SIST. ACEITE T/ PLACAS CAT R1600H, 10PL (copiar)",1.0,JRC INGENIERÍA Y CONSTRUCCIÓN S.A.C.,Arnold Hernández,3.371,3374.96,3374.96,1001.17,1001.17,Componente,10200323,MOTOR 5HP 1750 RPM VOLTAJE 220/380/440V DELCROSA (copiar),Units,1.0,1.0,760.29,760.29,225.54,225.54
RM-24723,Por cerrar,Estimado,2026-09-11,2026-09-11,OPP-0000000393,026-0012255,F 004-00002310,"[40600398] ENFRIADOR SIST. ACEITE T/ PLACAS CAT R1600H, 10PL (copiar)",1.0,JRC INGENIERÍA Y CONSTRUCCIÓN S.A.C.,Arnold Hernández,3.371,3374.96,3374.96,1001.17,1001.17,Componente,40600448,SOPORTE LATERAL DERECHO P/ ENFRIADOR S1D_S7D (3217751236),Units,1.0,1.0,135.0,135.0,40.05,40.05
RM-24723,Por cerrar,Estimado,2026-09-11,2026-09-11,OPP-0000000393,026-0012255,F 004-00002310,"[40600398] ENFRIADOR SIST. ACEITE T/ PLACAS CAT R1600H, 10PL (copiar)",1.0,JRC INGENIERÍA Y CONSTRUCCIÓN S.A.C.,Arnold Hernández,3.371,3374.96,3374.96,1001.17,1001.17,Componente,40600449,SOPORTE LATERAL IZQUIERDO P/ ENFRIADOR S1D_S7D (3217751236),Units,1.0,1.0,135.0,135.0,40.05,40.05
RM-24723,Por cerrar,Estimado,2026-09-11,2026-09-11,OPP-0000000393,026-0012255,F 004-00002310,"[40600398] ENFRIADOR SIST. ACEITE T/ PLACAS CAT R1600H, 10PL (copiar)",1.0,JRC INGENIERÍA Y CONSTRUCCIÓN S.A.C.,Arnold Hernández,3.371,3374.96,3374.96,1001.17,1001.17,Componente,10460294,PERNO SOCKET ALLEN FIERRO NEGRO G-8 UNC M8 30mm,Units,4.0,4.0,2.4,2.4,0.71,0.71
RM-24723,Por cerrar,Estimado,2026-09-11,2026-09-11,OPP-0000000393,026-0012255,F 004-00002310,"[40600398] ENFRIADOR SIST. ACEITE T/ PLACAS CAT R1600H, 10PL (copiar)",1.0,JRC INGENIERÍA Y CONSTRUCCIÓN S.A.C.,Arnold Hernández,3.371,3374.96,3374.96,1001.17,1001.17,Componente,10460362,TUERCA HEXAGONAL FIERRO NEGRO G-8 UNC M08,Units,4.0,4.0,0.26,0.26,0.08,0.08
RM-24723,Por cerrar,Estimado,2026-09-11,2026-09-11,OPP-0000000393,026-0012255,F 004-00002310,"[40600398] ENFRIADOR SIST. ACEITE T/ PLACAS CAT R1600H, 10PL (copiar)",1.0,JRC INGENIERÍA Y CONSTRUCCIÓN S.A.C.,Arnold Hernández,3.371,3374.96,3374.96,1001.17,1001.17,Componente,10460045,ARANDELA PRESION FIERRO NEGRO G-8 M08,Units,4.0,4.0,0.12,0.12,0.04,0.04
RM-24723,Por cerrar,Estimado,2026-09-11,2026-09-11,OPP-0000000393,026-0012255,F 004-00002310,"[40600398] ENFRIADOR SIST. ACEITE T/ PLACAS CAT R1600H, 10PL (copiar)",1.0,JRC INGENIERÍA Y CONSTRUCCIÓN S.A.C.,Arnold Hernández,3.371,3374.96,3374.96,1001.17,1001.17,Componente,10460017,ARANDELA PLANA GALVANIZADA G-5 M08,Units,8.0,8.0,0.28,0.28,0.08,0.08
RM-24723,Por cerrar,Estimado,2026-09-11,2026-09-11,OPP-0000000393,026-0012255,F 004-00002310,"[40600398] ENFRIADOR SIST. ACEITE T/ PLACAS CAT R1600H, 10PL (copiar)",1.0,JRC INGENIERÍA Y CONSTRUCCIÓN S.A.C.,Arnold Hernández,3.371,3374.96,3374.96,1001.17,1001.17,Componente,10460134,"PERNO HEXAGONAL FIERRO NEGRO G-8 UNC 3/8"" * 1""",Units,8.0,8.0,2.27,2.27,0.67,0.67
RM-24723,Por cerrar,Estimado,2026-09-11,2026-09-11,OPP-0000000393,026-0012255,F 004-00002310,"[40600398] ENFRIADOR SIST. ACEITE T/ PLACAS CAT R1600H, 10PL (copiar)",1.0,JRC INGENIERÍA Y CONSTRUCCIÓN S.A.C.,Arnold Hernández,3.371,3374.96,3374.96,1001.17,1001.17,Componente,10460011,"ARANDELA PLANA GALVANIZADA G-5 3/8""",Units,8.0,8.0,0.64,0.64,0.19,0.19
RM-24723,Por cerrar,Estimado,2026-09-11,2026-09-11,OPP-0000000393,026-0012255,F 004-00002310,"[40600398] ENFRIADOR SIST. ACEITE T/ PLACAS CAT R1600H, 10PL (copiar)",1.0,JRC INGENIERÍA Y CONSTRUCCIÓN S.A.C.,Arnold Hernández,3.371,3374.96,3374.96,1001.17,1001.17,Componente,10460040,"ARANDELA PRESION FIERRO NEGRO G-8 3/8""",Units,8.0,8.0,0.35000000000000003,0.35000000000000003,0.1,0.1
